# Packed bare earth under the society, generated by tools/layout_world.py:
# a ragged outline 0.5 mm up, draped over the bank round the flood's mud.
vn 0 0 1
v 11.85 58.63 0.0005
v 12.00 58.37 0.0005
v 12.00 60.00 0.0005
v 11.24 60.00 0.0005
v 11.37 59.66 0.0005
v 10.99 60.72 0.0005
v 10.71 61.82 0.0005
v 12.00 62.00 0.0005
v 10.68 62.00 0.0005
v 10.53 62.94 0.0005
v 10.47 64.00 0.0005
v 12.00 64.00 0.0005
v 10.46 64.07 0.0005
v 10.50 65.20 0.0005
v 12.00 66.00 0.0005
v 10.61 66.00 0.0005
v 10.65 66.33 0.0005
v 10.95 68.00 0.0005
v 12.00 68.00 0.0005
v 11.11 68.94 0.0005
v 11.35 70.00 0.0005
v 12.00 70.00 0.0005
v 11.36 70.04 0.0005
v 12.00 71.77 0.0005
v 11.71 71.11 0.0005
v 13.68 56.00 0.0005
v 14.00 55.59 0.0005
v 14.00 56.00 0.0005
v 13.09 56.73 0.0005
v 12.42 57.65 0.0005
v 14.00 58.00 0.0005
v 12.22 58.00 0.0005
v 14.00 60.00 0.0081
v 14.00 62.00 0.0392
v 14.00 64.00 0.0576
v 14.00 66.00 0.0458
v 14.00 68.00 0.0261
v 14.00 70.00 0.0078
v 12.10 72.00 0.0005
v 14.00 72.00 0.0005
v 12.16 72.14 0.0005
v 12.70 73.12 0.0005
v 14.00 74.00 0.0005
v 13.30 74.00 0.0005
v 13.34 74.05 0.0005
v 14.00 74.85 0.0005
v 15.97 26.50 0.0005
v 16.00 26.43 0.0005
v 16.00 28.00 0.0005
v 15.44 28.00 0.0005
v 15.55 27.59 0.0005
v 15.25 28.71 0.0005
v 15.05 29.86 0.0005
v 16.00 30.00 0.0005
v 15.04 30.00 0.0005
v 14.97 31.03 0.0005
v 15.00 32.00 0.0005
v 16.00 32.00 0.0005
v 15.00 32.19 0.0005
v 15.14 33.35 0.0005
v 16.00 34.00 0.0005
v 15.29 34.00 0.0005
v 15.40 34.48 0.0005
v 15.76 35.59 0.0005
v 16.00 36.00 0.0005
v 15.92 36.00 0.0005
v 16.00 36.21 0.0005
v 15.41 53.83 0.0005
v 16.00 53.16 0.0005
v 16.00 54.00 0.0005
v 15.27 54.00 0.0005
v 16.00 56.00 0.0005
v 16.00 58.00 0.0289
v 16.00 60.00 0.1194
v 16.00 62.00 0.2139
v 16.00 64.00 0.2582
v 16.00 66.00 0.2331
v 16.00 66.86 0.2152
v 15.53 68.00 0.1425
v 16.00 70.00 0.1297
v 15.34 68.45 0.1161
v 16.00 68.88 0.1703
v 16.00 72.00 0.0460
v 16.00 74.00 0.0005
v 14.05 74.92 0.0005
v 15.20 76.00 0.0005
v 14.85 75.71 0.0005
v 16.00 76.00 0.0005
v 15.72 76.43 0.0005
v 16.00 76.64 0.0005
v 17.89 22.92 0.0005
v 18.00 22.75 0.0005
v 18.00 24.00 0.0005
v 17.29 24.00 0.0005
v 18.00 26.00 0.0005
v 16.21 26.00 0.0005
v 16.48 25.46 0.0005
v 18.00 28.00 0.0057
v 18.00 30.00 0.0229
v 18.00 32.00 0.0260
v 18.00 34.00 0.0109
v 18.00 36.00 0.0005
v 16.69 38.00 0.0005
v 18.00 38.00 0.0005
v 16.90 38.56 0.0005
v 17.36 39.61 0.0005
v 18.00 40.00 0.0005
v 17.58 40.00 0.0005
v 17.92 40.60 0.0005
v 18.00 40.72 0.0005
v 17.96 51.45 0.0005
v 18.00 51.42 0.0005
v 18.00 52.00 0.0005
v 17.24 52.00 0.0005
v 18.00 54.00 0.0005
v 17.03 52.16 0.0005
v 16.18 52.95 0.0005
v 18.00 56.00 0.0471
v 18.00 58.00 0.1542
v 18.00 60.00 0.3012
v 18.00 62.00 0.4523
v 17.65 64.00 0.4751
v 18.00 63.55 0.5160
v 16.36 66.00 0.2766
v 16.66 65.26 0.3311
v 17.71 70.00 0.3044
v 18.00 72.00 0.1797
v 18.00 70.19 0.3226
v 18.00 74.00 0.0431
v 18.00 76.00 0.0005
v 17.80 78.00 0.0005
v 18.00 78.00 0.0005
v 18.00 78.15 0.0005
v 19.95 20.22 0.0005
v 20.00 20.17 0.0005
v 20.00 22.00 0.0005
v 18.49 21.96 0.0005
v 19.18 21.05 0.0005
v 18.47 22.00 0.0005
v 20.00 24.00 0.0040
v 20.00 26.00 0.0445
v 20.00 28.00 0.1208
v 19.06 29.32 0.0816
v 19.15 30.00 0.1008
v 20.00 28.09 0.1245
v 19.40 32.00 0.1312
v 20.00 34.00 0.1438
v 20.00 32.94 0.1772
v 19.45 32.42 0.1310
v 20.00 36.00 0.0783
v 20.00 38.00 0.0294
v 20.00 40.00 0.0006
v 18.57 41.54 0.0005
v 20.00 42.00 0.0005
v 18.95 42.00 0.0005
v 19.30 42.42 0.0005
v 20.00 43.17 0.0005
v 20.00 50.04 0.0005
v 20.00 52.00 0.0005
v 20.00 54.00 0.0397
v 20.00 56.00 0.1776
v 20.00 58.00 0.3420
v 20.00 60.00 0.5095
v 19.24 62.00 0.5945
v 20.00 61.19 0.6069
v 19.09 62.15 0.5888
v 20.00 71.26 0.4110
v 20.00 72.00 0.3323
v 18.83 70.73 0.3631
v 20.00 74.00 0.1428
v 20.00 76.00 0.0219
v 20.00 78.00 0.0005
v 18.59 78.59 0.0005
v 19.56 79.25 0.0005
v 20.00 79.49 0.0005
v 21.71 18.78 0.0005
v 22.00 18.61 0.0005
v 22.00 20.00 0.0005
v 20.19 20.00 0.0005
v 20.79 19.46 0.0005
v 22.00 22.00 0.0134
v 22.00 24.00 0.0978
v 22.00 26.00 0.2046
v 20.07 28.00 0.1269
v 22.00 26.42 0.2286
v 21.08 26.65 0.1511
v 21.13 34.00 0.2641
v 22.00 36.00 0.2761
v 22.00 34.82 0.3303
v 22.00 38.00 0.1772
v 22.00 40.00 0.0639
v 22.00 42.00 0.0023
v 20.77 44.00 0.0005
v 22.00 44.00 0.0005
v 22.00 45.33 0.0005
v 20.05 50.00 0.0005
v 22.00 48.65 0.0005
v 22.00 50.00 0.0005
v 22.00 52.00 0.0150
v 22.00 54.00 0.1308
v 22.00 56.00 0.3227
v 22.00 58.00 0.5400
v 21.13 60.00 0.6246
v 21.81 59.28 0.6348
v 22.00 59.15 0.6432
v 21.62 72.00 0.4625
v 22.00 74.00 0.2813
v 22.00 72.17 0.4750
v 22.00 76.00 0.0970
v 22.00 78.00 0.0020
v 20.59 79.81 0.0005
v 22.00 80.00 0.0005
v 20.99 80.00 0.0005
v 22.00 80.49 0.0005
v 23.05 18.00 0.0005
v 24.00 17.48 0.0005
v 24.00 18.00 0.0005
v 24.00 20.00 0.0017
v 22.68 18.20 0.0005
v 24.00 22.00 0.0896
v 24.00 24.00 0.2582
v 23.61 26.00 0.3820
v 24.00 25.90 0.4196
v 23.14 35.89 0.4209
v 23.31 36.00 0.4370
v 24.00 38.00 0.3764
v 24.00 36.42 0.4993
v 24.00 40.00 0.2052
v 24.00 42.00 0.0721
v 24.00 44.00 0.0041
v 22.10 45.44 0.0005
v 22.65 46.00 0.0005
v 22.64 45.99 0.0005
v 24.00 46.00 0.0005
v 23.14 46.46 0.0005
v 23.08 47.96 0.0005
v 23.09 47.50 0.0005
v 24.00 48.00 0.0005
v 23.02 48.00 0.0005
v 24.00 50.00 0.0018
v 22.66 48.22 0.0005
v 22.09 48.59 0.0005
v 24.00 52.00 0.0849
v 24.00 54.00 0.2585
v 24.00 56.00 0.4748
v 23.67 58.00 0.6635
v 24.00 57.77 0.6634
v 24.00 73.89 0.4251
v 24.00 74.00 0.4117
v 23.23 72.73 0.5137
v 24.00 76.00 0.1848
v 24.00 78.00 0.0312
v 24.00 80.00 0.0005
v 24.00 81.45 0.0005
v 26.00 16.40 0.0005
v 26.00 18.00 0.0005
v 26.00 20.00 0.0342
v 26.00 22.00 0.1863
v 26.00 24.00 0.4078
v 26.00 25.38 0.5666
v 26.00 37.64 0.6044
v 26.00 38.00 0.5728
v 26.00 40.00 0.3910
v 26.00 42.00 0.2177
v 26.00 44.00 0.0738
v 26.00 46.00 0.0182
v 26.00 48.00 0.0223
v 26.00 50.00 0.0400
v 26.00 52.00 0.1914
v 26.00 54.00 0.4063
v 26.00 56.00 0.6244
v 25.77 56.55 0.6639
v 26.00 56.44 0.6688
v 24.07 74.00 0.4158
v 26.00 75.83 0.3084
v 26.00 76.00 0.2888
v 25.06 75.49 0.2954
v 26.00 78.00 0.0923
v 26.00 80.00 0.0020
v 24.11 81.50 0.0005
v 26.00 82.00 0.0005
v 24.98 82.00 0.0005
v 25.80 82.46 0.0005
v 26.00 82.66 0.0005
v 27.98 15.50 0.0005
v 28.00 15.49 0.0005
v 28.00 16.00 0.0005
v 26.79 16.00 0.0005
v 27.12 15.84 0.0005
v 28.00 18.00 0.0034
v 26.30 16.25 0.0005
v 28.00 20.00 0.1041
v 28.00 22.00 0.3010
v 28.00 24.00 0.5355
v 26.95 25.13 0.6003
v 28.00 24.73 0.6190
v 26.59 38.00 0.6283
v 28.00 40.00 0.5870
v 28.00 38.86 0.6830
v 28.00 42.00 0.3941
v 28.00 44.00 0.2099
v 27.18 45.75 0.0941
v 27.25 46.00 0.1013
v 28.00 45.31 0.1702
v 27.77 47.90 0.1614
v 27.87 48.00 0.1724
v 28.00 50.00 0.1597
v 28.00 48.13 0.1868
v 28.00 52.00 0.3190
v 28.00 54.00 0.5469
v 26.89 56.00 0.6859
v 28.00 55.45 0.7011
v 26.48 76.00 0.3155
v 28.00 78.00 0.1913
v 28.00 76.54 0.3483
v 28.00 80.00 0.0421
v 28.00 82.00 0.0005
v 26.09 82.75 0.0005
v 28.00 84.00 0.0005
v 26.88 84.00 0.0005
v 27.12 84.38 0.0005
v 28.00 85.61 0.0005
v 27.65 85.15 0.0005
v 30.00 14.78 0.0005
v 30.00 16.00 0.0005
v 30.00 18.00 0.0274
v 30.00 20.00 0.1859
v 30.00 22.00 0.4231
v 29.90 24.00 0.6513
v 30.00 23.96 0.6528
v 28.63 39.25 0.7058
v 28.73 40.00 0.6512
v 28.94 41.55 0.5251
v 29.28 42.00 0.5127
v 30.00 44.00 0.3979
v 30.00 42.97 0.4848
v 30.00 44.23 0.3855
v 29.80 50.00 0.3702
v 30.00 52.00 0.4582
v 30.00 50.77 0.3648
v 30.00 54.00 0.6787
v 30.00 54.47 0.7244
v 30.00 77.26 0.4036
v 30.00 77.56 0.3751
v 29.98 78.00 0.3320
v 29.91 80.00 0.1620
v 30.00 82.00 0.0701
v 29.87 81.15 0.0986
v 30.00 81.21 0.1055
v 30.00 84.00 0.0089
v 28.29 86.00 0.0005
v 30.00 86.00 0.0005
v 29.79 88.00 0.0005
v 30.00 88.00 0.0005
v 29.80 88.02 0.0005
v 30.00 88.26 0.0005
v 32.00 14.07 0.0005
v 32.00 16.00 0.0005
v 32.00 18.00 0.0701
v 32.00 20.00 0.2652
v 32.00 22.00 0.5143
v 31.61 23.34 0.6599
v 32.00 23.14 0.6529
v 30.67 43.87 0.4815
v 30.44 44.00 0.4461
v 30.32 52.00 0.4817
v 30.85 54.00 0.7291
v 30.33 52.03 0.4857
v 30.86 54.04 0.7333
v 30.01 77.26 0.4046
v 31.68 82.00 0.2076
v 32.00 84.00 0.1092
v 32.00 82.15 0.2273
v 32.00 86.00 0.0243
v 32.00 88.00 0.0005
v 30.49 88.86 0.0005
v 31.69 90.00 0.0005
v 31.25 89.63 0.0005
v 32.00 90.00 0.0005
v 32.00 90.26 0.0005
v 32.17 14.00 0.0005
v 34.00 13.21 0.0005
v 34.00 14.00 0.0005
v 34.00 16.00 0.0087
v 32.10 14.03 0.0005
v 34.00 18.00 0.1308
v 34.00 20.00 0.3514
v 34.00 22.00 0.6023
v 34.00 22.07 0.6107
v 34.00 83.10 0.3579
v 34.00 84.00 0.2878
v 34.00 86.00 0.1427
v 34.00 88.00 0.0265
v 34.00 90.00 0.0005
v 32.08 90.33 0.0005
v 34.00 91.81 0.0005
v 35.29 12.00 0.0005
v 36.00 11.05 0.0005
v 36.00 12.00 0.0005
v 36.00 14.00 0.0005
v 34.75 12.72 0.0005
v 34.29 13.08 0.0005
v 36.00 16.00 0.0459
v 36.00 18.00 0.2174
v 36.00 20.00 0.4544
v 34.13 22.00 0.6079
v 35.48 21.28 0.5831
v 36.00 20.95 0.5707
v 34.39 83.29 0.3843
v 34.70 84.00 0.3606
v 35.56 86.00 0.2605
v 36.00 88.00 0.1154
v 36.00 87.01 0.1972
v 36.00 90.00 0.0115
v 34.25 92.00 0.0005
v 36.00 92.00 0.0005
v 35.39 92.88 0.0005
v 36.00 93.29 0.0005
v 36.82 10.00 0.0005
v 38.00 8.51 0.0005
v 38.00 10.00 0.0005
v 38.00 12.00 0.0012
v 36.18 10.82 0.0005
v 38.00 14.00 0.0467
v 38.00 16.00 0.1509
v 38.00 18.00 0.3382
v 37.51 20.00 0.5352
v 38.00 19.69 0.5234
v 38.00 87.59 0.2892
v 38.00 88.00 0.2487
v 36.05 87.12 0.1908
v 38.00 90.00 0.0827
v 38.00 92.00 0.0012
v 36.54 93.66 0.0005
v 38.00 94.00 0.0005
v 37.19 94.00 0.0005
v 37.77 94.30 0.0005
v 38.00 94.41 0.0005
v 39.59 6.63 0.0005
v 40.00 6.27 0.0005
v 40.00 8.00 0.0005
v 38.40 8.00 0.0005
v 38.64 7.70 0.0005
v 40.00 10.00 0.0068
v 40.00 12.00 0.0721
v 40.00 14.00 0.1916
v 40.00 16.00 0.3398
v 40.00 17.67 0.4743
v 39.77 18.00 0.4859
v 39.08 19.02 0.5352
v 39.65 88.00 0.3763
v 40.00 90.00 0.1770
v 40.00 88.08 0.3917
v 40.00 92.00 0.0265
v 40.00 94.00 0.0005
v 40.00 95.31 0.0005
v 40.67 5.68 0.0005
v 42.00 4.64 0.0005
v 42.00 6.00 0.0005
v 40.31 6.00 0.0005
v 42.00 8.00 0.0110
v 42.00 10.00 0.0991
v 41.69 11.03 0.1368
v 41.61 12.00 0.1944
v 42.00 10.92 0.1547
v 41.43 14.00 0.3295
v 41.15 16.00 0.4629
v 41.27 15.82 0.4612
v 42.00 88.58 0.4446
v 42.00 90.00 0.2742
v 42.00 92.00 0.0806
v 42.00 94.00 0.0005
v 41.53 96.00 0.0005
v 42.00 96.00 0.0005
v 42.00 96.21 0.0005
v 42.82 4.00 0.0005
v 44.00 3.08 0.0005
v 44.00 4.00 0.0005
v 44.00 6.00 0.0029
v 44.00 8.00 0.0838
v 44.00 10.00 0.2483
v 44.00 10.20 0.2675
v 44.00 89.66 0.4228
v 44.00 90.00 0.3812
v 42.23 88.63 0.4513
v 44.00 92.00 0.1579
v 44.00 94.00 0.0176
v 44.00 96.00 0.0005
v 42.28 96.34 0.0005
v 43.45 96.79 0.0005
v 44.00 96.98 0.0005
v 45.57 2.00 0.0005
v 46.00 1.76 0.0005
v 46.00 2.00 0.0005
v 46.00 4.00 0.0005
v 45.22 2.20 0.0005
v 44.25 2.88 0.0005
v 46.00 6.00 0.0575
v 46.00 8.00 0.2074
v 44.56 10.00 0.2914
v 46.00 9.49 0.3544
v 44.58 90.00 0.4132
v 46.00 92.00 0.2363
v 46.00 90.83 0.3785
v 46.00 94.00 0.0521
v 46.00 96.00 0.0005
v 46.00 97.64 0.0005
v 48.00 0.92 0.0005
v 48.00 2.00 0.0005
v 47.35 1.13 0.0005
v 46.26 1.61 0.0005
v 48.00 4.00 0.0212
v 48.00 6.00 0.1611
v 48.00 8.00 0.3621
v 47.24 9.04 0.4090
v 48.00 8.78 0.4445
v 48.00 91.48 0.3800
v 48.00 92.00 0.3150
v 46.80 91.29 0.3539
v 48.00 94.00 0.1015
v 48.00 96.00 0.0014
v 47.09 98.00 0.0005
v 48.00 98.00 0.0005
v 48.00 98.30 0.0005
v 50.00 0.46 0.0005
v 50.00 2.00 0.0005
v 49.64 0.50 0.0005
v 48.48 0.76 0.0005
v 50.00 4.00 0.0555
v 50.00 6.00 0.2486
v 50.00 8.00 0.4995
v 50.00 8.07 0.5083
v 50.00 91.79 0.4250
v 50.00 92.00 0.3981
v 50.00 94.00 0.1633
v 50.00 96.00 0.0168
v 50.00 98.00 0.0005
v 48.61 98.50 0.0005
v 49.48 98.76 0.0005
v 50.00 98.87 0.0005
v 52.00 0.28 0.0005
v 52.00 2.00 0.0005
v 50.82 0.36 0.0005
v 52.00 4.00 0.0703
v 52.00 6.00 0.2794
v 50.20 8.00 0.5085
v 51.28 7.62 0.4870
v 52.00 7.65 0.4977
v 51.33 92.00 0.4506
v 52.00 94.00 0.2117
v 52.00 92.11 0.4517
v 52.00 96.00 0.0348
v 52.00 98.00 0.0005
v 50.36 98.94 0.0005
v 52.00 99.22 0.0005
v 54.00 0.15 0.0005
v 54.00 2.00 0.0005
v 54.00 4.00 0.0812
v 54.00 6.00 0.2968
v 54.00 7.73 0.5267
v 54.00 92.11 0.4970
v 54.00 94.00 0.2519
v 52.67 92.21 0.4536
v 54.00 96.00 0.0559
v 54.00 98.00 0.0005
v 54.00 99.56 0.0005
v 56.00 0.02 0.0005
v 56.00 2.00 0.0005
v 55.70 0.03 0.0005
v 56.00 4.00 0.0926
v 56.00 6.00 0.3145
v 56.00 7.81 0.5554
v 55.35 92.00 0.5418
v 56.00 91.95 0.5627
v 56.00 92.00 0.5563
v 56.00 94.00 0.2940
v 56.00 96.00 0.0813
v 56.00 98.00 0.0005
v 55.57 99.83 0.0005
v 56.00 99.88 0.0005
v 58.00 0.00 0.0005
v 58.00 2.00 0.0005
v 56.53 0.00 0.0005
v 58.00 4.00 0.0941
v 58.00 6.00 0.3173
v 58.00 7.89 0.5694
v 57.99 7.89 0.5694
v 58.00 91.79 0.6107
v 58.00 92.00 0.5837
v 58.00 94.00 0.3173
v 58.00 96.00 0.0941
v 58.00 98.00 0.0005
v 56.58 99.96 0.0005
v 57.59 100.00 0.0005
v 58.00 100.00 0.0005
v 60.00 0.00 0.0005
v 60.00 2.00 0.0005
v 60.00 4.00 0.0941
v 60.00 6.00 0.3173
v 60.00 7.89 0.5694
v 60.00 91.74 0.6170
v 60.00 92.00 0.5837
v 58.84 91.73 0.6183
v 60.00 94.00 0.3173
v 60.00 96.00 0.0941
v 60.00 98.00 0.0005
v 60.00 100.00 0.0005
v 62.00 0.00 0.0005
v 62.00 2.00 0.0005
v 62.00 4.00 0.0941
v 62.00 6.00 0.3173
v 62.00 7.88 0.5681
v 62.00 91.77 0.6132
v 62.00 92.00 0.5837
v 62.00 94.00 0.3173
v 62.00 96.00 0.0941
v 62.00 98.00 0.0005
v 62.00 100.00 0.0005
v 64.00 0.00 0.0005
v 64.00 2.00 0.0005
v 64.00 4.00 0.0941
v 64.00 6.00 0.3173
v 64.00 7.87 0.5668
v 64.00 91.79 0.6107
v 64.00 92.00 0.5837
v 64.00 94.00 0.3173
v 64.00 96.00 0.0941
v 64.00 98.00 0.0005
v 64.00 100.00 0.0005
v 66.00 0.00 0.0005
v 66.00 2.00 0.0005
v 66.00 4.00 0.0941
v 66.00 6.00 0.3173
v 64.70 7.87 0.5668
v 66.00 7.82 0.5602
v 66.00 91.60 0.6346
v 66.00 92.00 0.5837
v 64.65 91.80 0.6094
v 66.00 94.00 0.3173
v 66.00 96.00 0.0941
v 66.00 98.00 0.0005
v 66.00 100.00 0.0005
v 68.00 0.00 0.0005
v 68.00 2.00 0.0005
v 68.00 4.00 0.0941
v 68.00 6.00 0.3173
v 68.00 7.74 0.5497
v 68.00 91.30 0.6712
v 68.00 92.00 0.5837
v 68.00 94.00 0.3173
v 68.00 96.00 0.0941
v 68.00 98.00 0.0005
v 68.00 100.00 0.0005
v 70.00 0.00 0.0005
v 70.00 2.00 0.0005
v 70.00 4.00 0.0941
v 70.00 6.00 0.3173
v 70.00 7.66 0.5391
v 70.00 91.00 0.7061
v 70.00 92.00 0.5837
v 70.00 94.00 0.3173
v 70.00 96.00 0.0941
v 70.00 98.00 0.0005
v 70.00 100.00 0.0005
v 72.00 0.00 0.0005
v 72.00 2.00 0.0005
v 72.00 4.00 0.0941
v 72.00 6.00 0.3173
v 71.34 7.61 0.5324
v 72.00 7.64 0.5364
v 72.00 90.70 0.7391
v 72.00 92.00 0.5837
v 72.00 94.00 0.3173
v 72.00 96.00 0.0941
v 72.00 98.00 0.0005
v 72.00 100.00 0.0005
v 74.00 0.00 0.0005
v 74.00 2.00 0.0005
v 74.00 4.00 0.0941
v 74.00 6.00 0.3173
v 74.00 7.75 0.5510
v 74.00 90.69 0.7402
v 74.00 92.00 0.5837
v 72.16 90.67 0.7423
v 74.00 94.00 0.3173
v 74.00 96.00 0.0941
v 74.00 98.00 0.0005
v 74.00 100.00 0.0005
v 76.00 0.00 0.0005
v 76.00 2.00 0.0005
v 76.00 4.00 0.0941
v 76.00 6.00 0.3173
v 76.00 7.86 0.5655
v 76.00 90.71 0.7380
v 76.00 92.00 0.5837
v 76.00 94.00 0.3173
v 76.00 96.00 0.0941
v 76.00 98.00 0.0005
v 76.00 100.00 0.0005
v 78.00 0.00 0.0005
v 78.00 2.00 0.0005
v 78.00 4.00 0.0941
v 78.00 6.00 0.3173
v 78.00 7.98 0.5811
v 78.00 90.73 0.7359
v 78.00 92.00 0.5837
v 78.00 94.00 0.3173
v 78.00 96.00 0.0941
v 78.00 98.00 0.0005
v 78.00 100.00 0.0005
v 80.00 0.00 0.0005
v 80.00 2.00 0.0005
v 80.00 4.00 0.0941
v 80.00 6.00 0.3173
v 78.43 8.00 0.5837
v 80.00 8.00 0.5837
v 78.68 8.01 0.5850
v 80.00 8.13 0.6005
v 80.00 90.75 0.7337
v 80.00 92.00 0.5837
v 79.53 90.74 0.7348
v 80.00 94.00 0.3173
v 80.00 96.00 0.0941
v 80.00 98.00 0.0005
v 80.00 100.00 0.0005
v 82.00 0.00 0.0005
v 82.00 2.00 0.0005
v 82.00 4.00 0.0941
v 82.00 6.00 0.3173
v 82.00 8.00 0.5837
v 82.00 8.30 0.6220
v 82.00 90.79 0.7294
v 82.00 92.00 0.5837
v 82.00 94.00 0.3173
v 82.00 96.00 0.0941
v 82.00 98.00 0.0005
v 82.00 100.00 0.0005
v 84.00 0.00 0.0005
v 84.00 2.00 0.0005
v 84.00 4.00 0.0941
v 84.00 6.00 0.3173
v 84.00 8.00 0.5837
v 84.00 8.47 0.6432
v 84.00 90.83 0.7251
v 84.00 92.00 0.5837
v 84.00 94.00 0.3173
v 84.00 96.00 0.0941
v 84.00 98.00 0.0005
v 84.00 100.00 0.0005
v 86.00 0.00 0.0005
v 86.00 2.00 0.0005
v 86.00 4.00 0.0941
v 86.00 6.00 0.3173
v 86.00 8.00 0.5837
v 86.00 8.64 0.6640
v 86.00 90.87 0.7207
v 86.00 92.00 0.5837
v 86.00 94.00 0.3173
v 86.00 96.00 0.0941
v 86.00 98.00 0.0005
v 86.00 100.00 0.0005
v 88.00 0.00 0.0005
v 88.00 2.00 0.0005
v 88.00 4.00 0.0941
v 88.00 6.00 0.3173
v 88.00 8.00 0.5837
v 86.47 8.68 0.6688
v 88.00 8.63 0.6628
v 88.00 90.97 0.7095
v 88.00 92.00 0.5837
v 87.35 90.90 0.7173
v 88.00 94.00 0.3173
v 88.00 96.00 0.0941
v 88.00 98.00 0.0005
v 88.00 100.00 0.0005
v 90.00 0.00 0.0005
v 90.00 2.00 0.0005
v 90.00 4.00 0.0941
v 90.00 6.00 0.3173
v 90.00 8.00 0.5837
v 90.00 8.57 0.6555
v 90.00 91.18 0.6853
v 90.00 92.00 0.5837
v 90.00 94.00 0.3173
v 90.00 96.00 0.0941
v 90.00 98.00 0.0005
v 90.00 100.00 0.0005
v 92.00 0.00 0.0005
v 92.00 2.00 0.0005
v 92.00 4.00 0.0941
v 92.00 6.00 0.3173
v 92.00 8.00 0.5837
v 92.00 8.51 0.6482
v 92.00 91.39 0.6603
v 92.00 92.00 0.5837
v 92.00 94.00 0.3173
v 92.00 96.00 0.0941
v 92.00 98.00 0.0005
v 92.00 100.00 0.0005
v 94.00 0.00 0.0005
v 94.00 2.00 0.0005
v 94.00 4.00 0.0941
v 94.00 6.00 0.3173
v 94.00 8.00 0.5837
v 94.00 8.45 0.6408
v 94.00 91.60 0.6346
v 94.00 92.00 0.5837
v 94.00 94.00 0.3173
v 94.00 96.00 0.0941
v 94.00 98.00 0.0005
v 94.00 100.00 0.0005
v 96.00 0.00 0.0005
v 96.00 2.00 0.0005
v 96.00 4.00 0.0941
v 96.00 6.00 0.3173
v 96.00 8.00 0.5837
v 94.23 8.45 0.6408
v 96.00 8.48 0.6445
v 96.00 91.62 0.6321
v 96.00 92.00 0.5837
v 94.88 91.69 0.6233
v 96.00 94.00 0.3173
v 96.00 96.00 0.0941
v 96.00 98.00 0.0005
v 96.00 100.00 0.0005
v 98.00 0.00 0.0005
v 98.00 2.00 0.0005
v 98.00 4.00 0.0941
v 98.00 6.00 0.3173
v 98.00 8.00 0.5837
v 98.00 8.52 0.6494
v 98.00 91.48 0.6494
v 98.00 92.00 0.5837
v 98.00 94.00 0.3173
v 98.00 96.00 0.0941
v 98.00 98.00 0.0005
v 98.00 100.00 0.0005
v 100.00 0.00 0.0005
v 100.00 2.00 0.0005
v 100.00 4.00 0.0941
v 100.00 6.00 0.3173
v 100.00 8.00 0.5837
v 100.00 8.56 0.6543
v 100.00 91.35 0.6652
v 100.00 92.00 0.5837
v 100.00 94.00 0.3173
v 100.00 96.00 0.0941
v 100.00 98.00 0.0005
v 100.00 100.00 0.0005
v 102.00 0.00 0.0005
v 102.00 2.00 0.0005
v 102.00 4.00 0.0941
v 102.00 6.00 0.3173
v 102.00 8.00 0.5837
v 102.00 8.60 0.6591
v 102.00 91.22 0.6806
v 102.00 92.00 0.5837
v 102.00 94.00 0.3173
v 102.00 96.00 0.0941
v 102.00 98.00 0.0005
v 102.00 100.00 0.0005
v 104.00 0.00 0.0005
v 104.00 2.00 0.0005
v 104.00 4.00 0.0941
v 104.00 6.00 0.3173
v 104.00 8.00 0.5837
v 104.00 8.79 0.6818
v 104.00 91.61 0.6333
v 104.00 92.00 0.5837
v 104.00 94.00 0.3173
v 104.00 96.00 0.0941
v 104.00 98.00 0.0005
v 104.00 100.00 0.0005
v 106.00 0.00 0.0005
v 106.00 2.00 0.0005
v 106.00 4.00 0.0941
v 106.00 6.00 0.3173
v 106.00 8.00 0.5837
v 106.00 8.99 0.7050
v 106.00 92.00 0.5837
v 106.00 94.00 0.3173
v 106.00 96.00 0.0941
v 106.00 98.00 0.0005
v 106.00 100.00 0.0005
v 108.00 0.00 0.0005
v 108.00 2.00 0.0005
v 108.00 4.00 0.0941
v 108.00 6.00 0.3173
v 108.00 8.00 0.5837
v 108.00 9.18 0.7262
v 106.02 92.00 0.5837
v 108.00 94.00 0.3172
v 108.00 92.39 0.5323
v 108.00 96.00 0.0940
v 108.00 98.00 0.0005
v 107.89 100.00 0.0005
v 108.00 100.00 0.0005
v 110.00 0.00 0.0005
v 110.00 2.00 0.0005
v 110.00 4.00 0.0941
v 110.00 6.00 0.3173
v 110.00 8.00 0.5837
v 108.98 9.28 0.7370
v 110.00 9.27 0.7359
v 110.00 92.05 0.5746
v 110.00 94.00 0.3147
v 108.59 92.50 0.5169
v 110.00 96.00 0.0924
v 110.00 98.00 0.0005
v 108.01 100.00 0.0005
v 110.00 99.98 0.0005
v 112.00 0.00 0.0005
v 112.00 2.00 0.0005
v 112.00 4.00 0.0941
v 112.00 6.00 0.3173
v 112.00 8.00 0.5837
v 112.00 9.27 0.7359
v 110.17 92.00 0.5809
v 112.00 91.42 0.6519
v 112.00 92.00 0.5786
v 112.00 94.00 0.3123
v 112.00 96.00 0.0908
v 112.00 98.00 0.0005
v 112.00 99.96 0.0005
v 114.00 0.00 0.0005
v 114.00 2.00 0.0005
v 114.00 4.00 0.0941
v 114.00 6.00 0.3173
v 114.00 8.00 0.5837
v 114.00 9.26 0.7348
v 114.00 90.79 0.7215
v 114.00 92.00 0.5745
v 114.00 94.00 0.3085
v 114.00 96.00 0.0885
v 114.00 98.00 0.0005
v 113.68 99.95 0.0005
v 114.00 99.94 0.0005
v 116.00 0.00 0.0005
v 116.00 2.00 0.0005
v 116.00 4.00 0.0941
v 116.00 6.00 0.3173
v 116.00 8.00 0.5837
v 115.13 9.26 0.7348
v 116.00 9.11 0.7184
v 116.00 90.94 0.6935
v 116.00 92.00 0.5617
v 114.40 90.66 0.7336
v 116.00 94.00 0.2959
v 116.00 96.00 0.0804
v 116.00 98.00 0.0005
v 114.16 99.93 0.0005
v 116.00 99.84 0.0005
v 118.00 0.00 0.0005
v 118.00 2.00 0.0005
v 118.00 4.00 0.0941
v 118.00 6.00 0.3173
v 118.00 8.00 0.5837
v 118.00 8.79 0.6818
v 118.00 91.29 0.6398
v 118.00 92.00 0.5487
v 118.00 94.00 0.2834
v 118.00 96.00 0.0726
v 118.00 98.00 0.0005
v 118.00 99.74 0.0005
v 120.00 0.03 0.0005
v 120.00 2.00 0.0005
v 119.51 0.00 0.0005
v 120.00 4.00 0.0928
v 120.00 6.00 0.3147
v 120.00 8.00 0.5798
v 120.00 8.46 0.6377
v 120.00 91.63 0.5841
v 120.00 92.00 0.5356
v 120.00 94.00 0.2710
v 120.00 96.00 0.0651
v 120.00 98.00 0.0005
v 119.94 99.65 0.0005
v 119.96 99.65 0.0005
v 120.00 99.64 0.0005
v 122.00 0.27 0.0005
v 122.00 2.00 0.0005
v 120.87 0.08 0.0005
v 122.00 4.00 0.0655
v 122.00 6.00 0.2655
v 122.00 8.00 0.5233
v 121.23 8.26 0.5795
v 122.00 8.45 0.5811
v 121.28 91.86 0.5455
v 122.00 91.71 0.5604
v 122.00 92.00 0.5220
v 122.00 94.00 0.2583
v 122.00 96.00 0.0577
v 122.00 98.00 0.0005
v 122.00 99.54 0.0005
v 124.00 0.72 0.0005
v 124.00 2.00 0.0005
v 122.21 0.31 0.0005
v 124.00 4.00 0.0359
v 124.00 6.00 0.2112
v 124.00 8.00 0.4628
v 124.00 8.95 0.5858
v 124.00 91.31 0.5990
v 124.00 92.00 0.5084
v 124.00 94.00 0.2458
v 124.00 96.00 0.0508
v 124.00 98.00 0.0005
v 124.00 99.44 0.0005
v 126.00 1.18 0.0005
v 126.00 2.00 0.0005
v 126.00 4.00 0.0147
v 126.00 6.00 0.1611
v 126.00 8.00 0.4077
v 126.00 9.44 0.5986
v 126.00 90.91 0.6313
v 126.00 92.00 0.4902
v 126.00 94.00 0.2314
v 126.00 96.00 0.0437
v 126.00 98.00 0.0005
v 125.80 99.35 0.0005
v 126.00 99.33 0.0005
v 128.00 1.48 0.0005
v 128.00 2.00 0.0005
v 126.76 1.36 0.0005
v 128.00 4.00 0.0072
v 128.00 6.00 0.1410
v 128.00 8.00 0.3817
v 127.01 9.69 0.6179
v 128.00 9.66 0.6019
v 128.00 90.68 0.6245
v 128.00 92.00 0.4522
v 127.23 90.66 0.6405
v 128.00 94.00 0.1986
v 128.00 96.00 0.0283
v 128.00 98.00 0.0005
v 126.87 99.24 0.0005
v 128.00 99.08 0.0005
v 130.00 1.68 0.0005
v 130.00 2.00 0.0005
v 130.00 4.00 0.0031
v 130.00 6.00 0.1219
v 130.00 8.00 0.3560
v 130.00 9.60 0.5691
v 130.00 90.75 0.5797
v 130.00 92.00 0.4143
v 130.00 94.00 0.1674
v 130.00 96.00 0.0157
v 130.00 98.00 0.0005
v 130.00 98.80 0.0005
v 132.00 1.87 0.0005
v 132.00 2.00 0.0005
v 131.58 1.83 0.0005
v 132.00 4.00 0.0009
v 132.00 6.00 0.1046
v 132.00 8.00 0.3318
v 132.00 9.54 0.5372
v 132.00 90.81 0.5288
v 132.00 92.00 0.3738
v 132.00 94.00 0.1378
v 132.00 96.00 0.0068
v 132.00 98.00 0.0005
v 132.00 98.51 0.0005
v 133.55 2.00 0.0005
v 134.00 4.00 0.0005
v 134.00 2.04 0.0005
v 134.00 6.00 0.0895
v 134.00 8.00 0.3094
v 133.85 9.48 0.5079
v 134.00 9.51 0.5101
v 134.00 90.88 0.4511
v 134.00 92.00 0.3071
v 134.00 94.00 0.0930
v 134.00 96.00 0.0006
v 134.00 98.00 0.0005
v 132.44 98.45 0.0005
v 133.82 98.17 0.0005
v 134.00 98.12 0.0005
v 136.00 2.21 0.0005
v 136.00 4.00 0.0005
v 136.00 6.00 0.0753
v 136.00 8.00 0.2872
v 136.00 9.92 0.5415
v 136.00 90.30 0.4578
v 136.00 92.00 0.2431
v 134.14 90.88 0.4462
v 136.00 94.00 0.0536
v 136.00 96.00 0.0005
v 134.47 98.00 0.0005
v 136.00 97.60 0.0005
v 138.00 2.42 0.0005
v 138.00 4.00 0.0005
v 137.30 2.33 0.0005
v 138.00 6.00 0.0580
v 138.00 8.00 0.2547
v 136.41 10.00 0.5473
v 138.00 10.00 0.5138
v 138.00 10.32 0.5555
v 136.96 90.00 0.4638
v 138.00 89.68 0.4632
v 138.00 90.00 0.4221
v 138.00 92.00 0.1823
v 138.00 94.00 0.0241
v 138.00 96.00 0.0005
v 138.00 97.07 0.0005
v 140.00 2.78 0.0005
v 140.00 4.00 0.0005
v 138.50 2.49 0.0005
v 140.00 6.00 0.0344
v 140.00 8.00 0.2100
v 140.00 10.00 0.4635
v 139.72 10.67 0.5585
v 140.00 10.71 0.5568
v 140.00 89.00 0.4667
v 140.00 90.00 0.3394
v 139.58 89.18 0.4612
v 140.00 92.00 0.1184
v 140.00 94.00 0.0040
v 140.00 96.00 0.0005
v 138.87 96.84 0.0005
v 139.52 96.65 0.0005
v 140.00 96.49 0.0005
v 142.00 3.16 0.0005
v 142.00 4.00 0.0005
v 142.00 6.00 0.0166
v 142.00 8.00 0.1681
v 142.00 10.00 0.4131
v 142.00 10.95 0.5386
v 142.00 88.11 0.4984
v 142.00 90.00 0.2602
v 142.00 92.00 0.0658
v 142.00 94.00 0.0005
v 141.50 96.00 0.0005
v 142.00 95.84 0.0005
v 144.00 3.54 0.0005
v 144.00 4.00 0.0005
v 143.87 3.51 0.0005
v 144.00 6.00 0.0047
v 144.00 8.00 0.1237
v 144.00 10.00 0.3440
v 144.00 11.20 0.4948
v 142.25 88.00 0.5039
v 144.00 87.22 0.5432
v 144.00 88.00 0.4422
v 144.00 90.00 0.1958
v 144.00 92.00 0.0296
v 144.00 94.00 0.0005
v 143.93 95.21 0.0005
v 144.00 95.19 0.0005
v 144.85 3.74 0.0005
v 145.64 4.00 0.0005
v 145.81 4.06 0.0005
v 146.00 6.00 0.0005
v 146.00 4.12 0.0005
v 146.00 8.00 0.0646
v 146.00 10.00 0.2549
v 146.00 11.45 0.4323
v 146.00 86.22 0.6009
v 146.00 88.00 0.3719
v 144.34 87.07 0.5506
v 146.00 90.00 0.1396
v 146.00 92.00 0.0085
v 146.00 94.00 0.0005
v 146.00 94.65 0.0005
v 148.00 4.87 0.0005
v 148.00 6.00 0.0005
v 148.00 8.00 0.0226
v 148.00 10.00 0.1736
v 146.02 11.45 0.4314
v 148.00 12.00 0.4077
v 146.98 12.00 0.4557
v 148.00 12.58 0.4805
v 146.43 86.00 0.6168
v 148.00 85.20 0.6793
v 148.00 86.00 0.5812
v 148.00 88.00 0.3189
v 148.00 90.00 0.0979
v 148.00 92.00 0.0007
v 148.00 94.00 0.0005
v 147.95 94.12 0.0005
v 148.00 94.11 0.0005
v 150.00 5.61 0.0005
v 150.00 6.00 0.0005
v 150.00 8.00 0.0018
v 150.00 10.00 0.0961
v 150.00 12.00 0.2892
v 150.00 13.72 0.4899
v 150.00 84.67 0.6988
v 150.00 86.00 0.5347
v 148.63 84.88 0.7029
v 150.00 88.00 0.2737
v 150.00 90.00 0.0689
v 150.00 92.00 0.0005
v 148.61 94.00 0.0005
v 150.00 93.75 0.0005
v 150.33 5.74 0.0005
v 150.91 6.00 0.0005
v 152.00 8.00 0.0005
v 151.88 6.44 0.0005
v 152.00 6.51 0.0005
v 152.00 10.00 0.0291
v 152.00 12.00 0.1755
v 150.29 13.89 0.4913
v 150.53 14.00 0.4889
v 152.00 14.00 0.3943
v 152.00 14.70 0.4772
v 152.00 84.38 0.6929
v 152.00 86.00 0.4889
v 152.00 88.00 0.2310
v 152.00 90.00 0.0444
v 152.00 92.00 0.0005
v 152.00 93.39 0.0005
v 154.00 7.59 0.0005
v 154.00 8.00 0.0005
v 154.00 10.00 0.0008
v 154.00 12.00 0.0831
v 154.00 14.00 0.2693
v 154.00 15.65 0.4598
v 154.00 84.08 0.6909
v 154.00 86.00 0.4467
v 154.00 88.00 0.1945
v 154.00 90.00 0.0267
v 154.00 92.00 0.0005
v 152.65 93.27 0.0005
v 154.00 93.06 0.0005
v 154.75 8.00 0.0005
v 156.00 10.00 0.0005
v 155.65 8.49 0.0005
v 155.69 8.51 0.0005
v 156.00 8.68 0.0005
v 156.00 12.00 0.0214
v 156.00 14.00 0.1577
v 154.67 15.96 0.4530
v 156.00 16.00 0.3724
v 154.75 16.00 0.4525
v 156.00 16.50 0.4343
v 154.53 84.00 0.6905
v 154.60 83.99 0.6903
v 155.20 84.00 0.6782
v 156.00 84.01 0.6620
v 156.00 86.00 0.4044
v 156.00 88.00 0.1601
v 156.00 90.00 0.0134
v 156.00 92.00 0.0005
v 156.00 92.74 0.0005
v 158.00 9.78 0.0005
v 158.00 10.00 0.0005
v 158.00 12.00 0.0005
v 158.00 14.00 0.0775
v 158.00 16.00 0.2718
v 158.00 17.31 0.4303
v 158.00 84.04 0.6078
v 158.00 86.00 0.3553
v 158.00 88.00 0.1264
v 158.00 90.00 0.0045
v 158.00 92.00 0.0005
v 158.00 92.42 0.0005
v 158.40 10.00 0.0005
v 160.00 12.00 0.0005
v 160.00 10.72 0.0005
v 158.75 10.19 0.0005
v 160.00 14.00 0.0269
v 160.00 16.00 0.1800
v 159.22 17.80 0.4274
v 160.00 18.00 0.4170
v 159.38 18.00 0.4446
v 160.00 18.81 0.5199
v 160.00 84.08 0.5374
v 160.00 86.00 0.2901
v 160.00 88.00 0.0817
v 160.00 90.00 0.0005
v 159.92 92.00 0.0005
v 160.00 91.98 0.0005
v 158.16 92.40 0.0005
v 159.29 92.16 0.0005
v 162.00 11.55 0.0005
v 162.00 12.00 0.0005
v 161.80 11.48 0.0005
v 162.00 14.00 0.0031
v 162.00 16.00 0.1122
v 162.00 18.00 0.3290
v 160.91 20.00 0.6268
v 162.00 20.00 0.5807
v 161.46 20.72 0.6871
v 162.00 20.91 0.6872
v 162.00 84.11 0.4662
v 162.00 86.00 0.2283
v 162.00 88.00 0.0453
v 162.00 90.00 0.0005
v 162.00 91.46 0.0005
v 163.29 12.00 0.0005
v 164.00 14.00 0.0005
v 164.00 12.25 0.0005
v 164.00 16.00 0.0580
v 164.00 18.00 0.2453
v 164.00 20.00 0.4875
v 164.00 21.63 0.6790
v 162.75 84.00 0.4549
v 164.00 82.83 0.5260
v 164.00 84.00 0.3899
v 164.00 86.00 0.1656
v 162.63 84.12 0.4436
v 164.00 88.00 0.0186
v 164.00 90.00 0.0005
v 164.00 90.94 0.0005
v 166.00 12.96 0.0005
v 166.00 14.00 0.0005
v 165.75 12.86 0.0005
v 166.00 16.00 0.0172
v 166.00 18.00 0.1553
v 166.00 20.00 0.3788
v 165.03 22.00 0.6698
v 166.00 22.00 0.6216
v 166.00 22.35 0.6612
v 165.60 81.32 0.5913
v 166.00 81.26 0.5718
v 166.00 82.00 0.4869
v 164.88 82.00 0.5621
v 166.00 84.00 0.2593
v 166.00 86.00 0.0787
v 166.00 88.00 0.0007
v 166.00 90.00 0.0005
v 164.37 90.85 0.0005
v 165.42 90.52 0.0005
v 166.00 90.28 0.0005
v 168.00 13.81 0.0005
v 168.00 14.00 0.0005
v 166.63 13.21 0.0005
v 168.00 16.00 0.0005
v 168.00 18.00 0.0799
v 168.00 20.00 0.2738
v 168.00 22.00 0.5114
v 166.02 22.35 0.6602
v 168.00 22.84 0.6027
v 168.00 80.99 0.4608
v 168.00 82.00 0.3508
v 168.00 84.00 0.1446
v 168.00 86.00 0.0171
v 168.00 88.00 0.0005
v 166.64 90.00 0.0005
v 167.42 89.59 0.0005
v 168.00 89.25 0.0005
v 166.44 90.10 0.0005
v 168.42 14.00 0.0005
v 170.00 16.00 0.0005
v 170.00 14.70 0.0005
v 170.00 18.00 0.0251
v 170.00 20.00 0.1593
v 170.00 22.00 0.3437
v 170.00 23.33 0.4773
v 170.00 80.71 0.2904
v 170.00 82.00 0.1918
v 170.00 84.00 0.0533
v 170.00 86.00 0.0005
v 170.00 88.00 0.0005
v 170.00 88.08 0.0005
v 172.00 15.73 0.0005
v 172.00 16.00 0.0005
v 171.60 15.47 0.0005
v 170.50 14.92 0.0005
v 172.00 18.00 0.0005
v 172.00 20.00 0.0471
v 172.00 22.00 0.1811
v 171.48 23.69 0.3815
v 172.00 24.00 0.3661
v 171.75 24.00 0.3887
v 172.00 24.28 0.3928
v 172.00 80.43 0.1145
v 172.00 82.00 0.0492
v 172.00 84.00 0.0011
v 172.00 86.00 0.0005
v 170.14 88.00 0.0005
v 170.96 87.52 0.0005
v 172.00 86.84 0.0005
v 171.98 86.85 0.0005
v 172.42 16.00 0.0005
v 174.00 18.00 0.0005
v 173.61 16.91 0.0005
v 174.00 17.26 0.0005
v 172.64 16.14 0.0005
v 174.00 20.00 0.0006
v 174.00 22.00 0.0582
v 174.00 24.00 0.1779
v 173.52 26.00 0.3462
v 174.00 26.00 0.2879
v 173.73 26.23 0.3304
v 174.00 26.86 0.3188
v 173.37 32.00 0.4915
v 174.00 30.77 0.4259
v 174.00 32.00 0.4076
v 173.25 32.24 0.5024
v 173.47 34.00 0.4866
v 174.00 34.00 0.4609
v 173.56 34.76 0.5765
v 174.00 35.30 0.6207
v 173.27 70.56 0.4605
v 174.00 70.26 0.4613
v 174.00 72.00 0.2499
v 173.64 72.00 0.2664
v 174.00 73.40 0.1597
v 173.76 76.00 0.1498
v 174.00 74.62 0.1452
v 174.00 76.00 0.1262
v 173.56 77.10 0.1375
v 174.00 78.00 0.0701
v 173.24 78.00 0.1296
v 174.00 80.00 0.0139
v 172.50 80.00 0.0953
v 174.00 82.00 0.0005
v 172.36 80.38 0.0891
v 174.00 84.00 0.0005
v 173.01 86.00 0.0005
v 173.79 85.22 0.0005
v 174.00 84.97 0.0005
v 172.93 86.08 0.0005
v 174.84 18.00 0.0005
v 176.00 20.00 0.0005
v 176.00 19.03 0.0005
v 176.00 22.00 0.0006
v 176.00 24.00 0.0325
v 176.00 26.00 0.0822
v 174.50 28.00 0.2935
v 176.00 28.00 0.1276
v 174.93 28.96 0.2716
v 176.00 30.00 0.1707
v 174.39 30.00 0.3674
v 176.00 32.00 0.1626
v 176.00 34.00 0.3641
v 174.57 36.00 0.6756
v 176.00 36.00 0.6178
v 175.29 36.89 0.7411
v 176.00 37.05 0.7365
v 174.61 70.00 0.4632
v 176.00 69.42 0.4792
v 176.00 70.00 0.4043
v 176.00 72.00 0.1663
v 174.13 73.90 0.1404
v 176.00 74.00 0.0195
v 174.11 74.00 0.1413
v 176.00 76.00 0.0044
v 176.00 78.00 0.0005
v 176.00 80.00 0.0005
v 176.00 81.97 0.0005
v 175.98 82.00 0.0005
v 174.75 84.00 0.0005
v 175.24 83.25 0.0005
v 174.57 84.27 0.0005
v 176.93 19.93 0.0005
v 176.99 20.00 0.0005
v 176.08 19.10 0.0005
v 178.00 22.00 0.0005
v 178.00 21.29 0.0005
v 177.69 20.83 0.0005
v 178.00 24.00 0.0005
v 178.00 26.00 0.0005
v 178.00 28.00 0.0053
v 178.00 30.00 0.0164
v 178.00 32.00 0.0830
v 178.00 34.00 0.2903
v 178.00 36.00 0.5459
v 178.00 37.51 0.7242
v 178.00 68.58 0.5106
v 178.00 70.00 0.3284
v 177.45 68.81 0.5021
v 178.00 72.00 0.1091
v 178.00 74.00 0.0022
v 178.00 76.00 0.0005
v 178.00 77.85 0.0005
v 177.96 78.00 0.0005
v 177.12 80.00 0.0005
v 177.43 79.41 0.0005
v 177.89 78.24 0.0005
v 176.85 80.52 0.0005
v 178.36 21.81 0.0005
v 178.46 22.00 0.0005
v 179.41 24.00 0.0005
v 179.39 23.93 0.0005
v 178.93 22.85 0.0005
v 179.99 26.00 0.0005
v 179.74 25.06 0.0005
v 180.00 28.00 0.0005
v 180.00 26.05 0.0005
v 180.00 30.00 0.0005
v 180.00 32.00 0.0430
v 180.00 34.00 0.2221
v 180.00 36.00 0.4715
v 180.00 37.97 0.7116
v 179.38 68.00 0.5321
v 180.00 67.74 0.5404
v 180.00 68.00 0.5077
v 180.00 70.00 0.2557
v 180.00 72.00 0.0620
v 180.00 74.00 0.0005
v 179.17 76.00 0.0005
v 180.00 75.75 0.0005
v 178.23 77.04 0.0005
v 178.36 76.24 0.0005
v 180.43 27.69 0.0005
v 180.49 28.00 0.0005
v 182.00 29.13 0.0005
v 182.00 30.00 0.0005
v 180.65 28.74 0.0005
v 182.00 32.00 0.0152
v 182.00 34.00 0.1596
v 182.00 36.00 0.3920
v 180.12 38.00 0.7111
v 182.00 38.00 0.6401
v 181.58 38.33 0.6945
v 182.00 38.56 0.7028
v 182.00 66.90 0.5501
v 182.00 68.00 0.4121
v 181.79 66.99 0.5489
v 182.00 70.00 0.1777
v 182.00 72.00 0.0246
v 182.00 74.00 0.0005
v 181.92 75.18 0.0005
v 182.00 75.15 0.0005
v 184.00 29.74 0.0005
v 184.00 30.00 0.0005
v 183.94 29.72 0.0005
v 183.17 29.47 0.0005
v 184.00 32.00 0.0009
v 184.00 34.00 0.0943
v 184.00 36.00 0.3019
v 184.00 38.00 0.5523
v 184.00 39.61 0.7362
v 184.00 66.05 0.5611
v 184.00 68.00 0.3178
v 184.00 70.00 0.1061
v 184.00 72.00 0.0024
v 184.00 74.00 0.0005
v 182.76 74.90 0.0005
v 184.00 74.42 0.0005
v 184.71 30.00 0.0005
v 186.00 32.00 0.0005
v 186.00 30.47 0.0005
v 186.00 34.00 0.0432
v 186.00 36.00 0.2175
v 186.00 38.00 0.4606
v 184.75 40.00 0.7478
v 186.00 40.00 0.7009
v 185.41 40.35 0.7584
v 186.00 40.57 0.7583
v 184.11 66.00 0.5621
v 186.00 65.19 0.5420
v 186.00 66.00 0.4532
v 186.00 68.00 0.2270
v 186.00 70.00 0.0500
v 186.00 72.00 0.0005
v 185.11 74.00 0.0005
v 186.00 73.66 0.0005
v 188.00 31.20 0.0005
v 188.00 32.00 0.0005
v 188.00 34.00 0.0108
v 188.00 36.00 0.1407
v 188.00 38.00 0.3528
v 188.00 40.00 0.5747
v 188.00 41.30 0.7069
v 188.00 64.31 0.4839
v 188.00 66.00 0.3001
v 186.27 65.07 0.5343
v 188.00 68.00 0.1151
v 188.00 70.00 0.0090
v 188.00 72.00 0.0005
v 187.44 73.11 0.0005
v 188.00 72.88 0.0005
v 190.00 31.97 0.0005
v 190.00 32.00 0.0005
v 189.09 31.60 0.0005
v 190.00 34.00 0.0005
v 190.00 36.00 0.0550
v 190.00 38.00 0.2125
v 190.00 40.00 0.4246
v 189.89 42.00 0.6500
v 190.00 42.00 0.6424
v 190.00 42.04 0.6465
v 188.70 64.00 0.4636
v 190.00 63.43 0.4135
v 190.00 64.00 0.3583
v 190.00 66.00 0.1633
v 190.00 68.00 0.0297
v 190.00 70.00 0.0005
v 189.63 72.00 0.0005
v 190.00 71.76 0.0005
v 188.36 72.72 0.0005
v 189.25 72.25 0.0005
v 190.01 31.97 0.0005
v 190.06 32.00 0.0005
v 192.00 34.00 0.0005
v 191.72 32.94 0.0005
v 192.00 33.13 0.0005
v 190.88 32.42 0.0005
v 192.00 36.00 0.0042
v 192.00 38.00 0.0967
v 192.00 40.00 0.2766
v 192.00 42.00 0.4705
v 190.88 42.37 0.6122
v 192.00 42.76 0.5303
v 192.00 62.42 0.2717
v 192.00 64.00 0.1757
v 190.90 63.03 0.3549
v 192.00 66.00 0.0543
v 192.00 68.00 0.0005
v 192.00 70.00 0.0005
v 190.09 71.70 0.0005
v 192.00 70.36 0.0005
v 193.28 34.00 0.0005
v 194.00 36.00 0.0005
v 194.00 34.49 0.0005
v 194.00 38.00 0.0200
v 194.00 40.00 0.1241
v 194.00 42.00 0.2518
v 194.00 43.46 0.3269
v 193.63 57.87 0.2936
v 194.00 57.60 0.2511
v 194.00 58.00 0.2460
v 193.69 58.00 0.2843
v 194.00 58.65 0.2343
v 192.76 62.00 0.2133
v 194.00 61.31 0.1286
v 194.00 62.00 0.0992
v 194.00 64.00 0.0328
v 194.00 66.00 0.0005
v 194.00 68.00 0.0005
v 192.51 70.00 0.0005
v 193.15 69.55 0.0005
v 194.00 68.88 0.0005
v 196.00 35.93 0.0005
v 196.00 36.00 0.0005
v 195.93 35.87 0.0005
v 195.00 35.17 0.0005
v 196.00 38.00 0.0005
v 196.00 40.00 0.0144
v 196.00 42.00 0.0673
v 195.56 44.00 0.1769
v 196.00 44.00 0.1343
v 196.00 44.15 0.1401
v 195.11 50.00 0.2911
v 196.00 48.87 0.2108
v 196.00 50.00 0.1861
v 196.00 51.04 0.1644
v 196.00 56.13 0.0651
v 196.00 58.00 0.0514
v 194.64 60.00 0.1263
v 196.00 60.00 0.0288
v 196.00 62.00 0.0026
v 195.00 60.76 0.0718
v 196.00 64.00 0.0005
v 196.00 66.00 0.0005
v 194.93 68.00 0.0005
v 195.64 67.18 0.0005
v 196.00 66.68 0.0005
v 194.05 68.84 0.0005
v 194.89 68.05 0.0005
v 196.08 36.00 0.0005
v 197.92 38.00 0.0005
v 197.57 37.52 0.0005
v 196.79 36.65 0.0005
v 198.00 40.00 0.0005
v 198.00 38.10 0.0005
v 198.00 42.00 0.0005
v 198.00 44.00 0.0093
v 197.24 44.59 0.0555
v 198.00 46.00 0.0328
v 197.23 46.00 0.0852
v 197.23 47.30 0.0973
v 198.00 48.00 0.0396
v 196.68 48.00 0.1488
v 198.00 50.00 0.0237
v 196.81 52.00 0.0722
v 198.00 52.00 0.0091
v 197.41 52.70 0.0241
v 198.00 54.00 0.0005
v 197.21 54.00 0.0160
v 197.00 55.40 0.0144
v 198.00 56.00 0.0005
v 196.18 56.00 0.0534
v 198.00 58.00 0.0005
v 198.00 60.00 0.0005
v 198.00 62.00 0.0005
v 198.00 63.10 0.0005
v 197.53 64.00 0.0005
v 196.45 66.00 0.0005
v 196.89 65.25 0.0005
v 196.31 66.25 0.0005
v 198.86 39.46 0.0005
v 199.11 40.00 0.0005
v 198.26 38.46 0.0005
v 199.97 42.00 0.0005
v 199.35 40.51 0.0005
v 200.00 44.00 0.0005
v 200.00 42.07 0.0005
v 200.00 46.00 0.0005
v 200.00 48.00 0.0005
v 200.00 50.00 0.0005
v 200.00 52.00 0.0005
v 200.00 54.00 0.0005
v 199.81 54.99 0.0005
v 199.68 56.00 0.0005
v 200.00 54.38 0.0005
v 199.46 58.00 0.0005
v 199.64 56.28 0.0005
v 199.16 60.00 0.0005
v 199.23 59.69 0.0005
v 199.40 58.59 0.0005
v 198.52 62.00 0.0005
v 198.60 61.83 0.0005
v 198.97 60.78 0.0005
v 198.13 62.85 0.0005
v 200.36 42.95 0.0005
v 200.74 44.00 0.0005
v 201.16 46.00 0.0005
v 201.04 45.18 0.0005
v 200.75 44.05 0.0005
v 201.25 48.00 0.0005
v 201.27 47.50 0.0005
v 201.21 46.33 0.0005
v 201.01 50.00 0.0005
v 201.05 49.83 0.0005
v 201.22 48.67 0.0005
v 200.62 52.00 0.0005
v 200.11 54.00 0.0005
v 200.27 53.50 0.0005
v 200.57 52.30 0.0005
v 214.62 24.60 0.0005
v 215.03 21.69 0.0005
v 215.04 18.82 0.0005
v 216.73 0.96 0.0005
v 202.77 -10.06 0.0005
v 216.92 -2.08 0.0005
v 216.46 -4.97 0.0005
v 213.82 -10.30 0.0005
v 215.35 -7.70 0.0005
v 192.13 -9.66 0.0005
v 214.87 10.18 0.0005
v 148.27 -9.15 0.0005
v 154.48 -9.30 0.0005
v 142.22 -8.91 0.0005
v 110.62 -10.06 0.0005
v 114.13 -10.04 0.0005
v 106.73 -9.77 0.0005
v 98.70 -8.72 0.0005
v 102.66 -9.27 0.0005
v 83.19 -8.79 0.0005
v 85.40 -8.69 0.0005
v 80.80 -8.71 0.0005
v 78.35 -8.51 0.0005
v 87.48 -8.45 0.0005
v 70.66 -11.97 0.0005
v 71.28 -10.88 0.0005
v 68.39 -13.22 0.0005
v 69.75 -12.80 0.0005
v 64.54 -12.87 0.0005
v 66.59 -13.20 0.0005
v 71.88 -9.78 0.0005
v 53.15 -12.23 0.0005
v 54.85 -12.54 0.0005
v 51.21 -11.57 0.0005
v 42.37 -11.65 0.0005
v 43.00 -10.84 0.0005
v 40.40 -12.22 0.0005
v 41.54 -12.17 0.0005
v 37.47 -11.15 0.0005
v 39.00 -11.82 0.0005
v 43.61 -10.02 0.0005
v 31.52 -9.90 0.0005
v 32.53 -9.91 0.0005
v 30.37 -9.61 0.0005
v 29.03 -8.87 0.0005
v 25.99 -6.39 0.0005
v 27.53 -7.72 0.0005
v 20.47 -7.81 0.0005
v 21.03 -7.01 0.0005
v 18.95 -8.31 0.0005
v 19.77 -8.23 0.0005
v 14.78 -11.57 0.0005
v 15.42 -10.71 0.0005
v 13.14 -11.80 0.0005
v 14.03 -11.99 0.0005
v 11.13 -10.06 0.0005
v 12.15 -11.07 0.0005
v 16.00 -9.71 0.0005
v -12.06 -6.75 0.0005
v 131.40 -8.50 0.0005
v 167.41 -9.28 0.0005
v 213.22 58.38 0.0005
v 139.65 110.00 0.0005
v 133.94 109.63 0.0005
v -20.13 -6.84 0.0005
v 4.91 -12.37 0.0005
v 6.46 -11.47 0.0005
v 4.09 -12.33 0.0005
v 5.71 -12.12 0.0005
v 7.84 -9.52 0.0005
v 3.26 -12.26 0.0005
v 7.16 -10.51 0.0005
v -0.86 -15.62 0.0005
v -0.00 -14.88 0.0005
v -2.56 -15.22 0.0005
v -1.72 -15.78 0.0005
v -4.10 -12.50 0.0005
v -3.36 -14.03 0.0005
v 0.84 -13.89 0.0005
v -8.59 -9.22 0.0005
v -7.80 -9.24 0.0005
v -9.33 -8.90 0.0005
v -10.01 -8.27 0.0005
v -17.80 -10.08 0.0005
v -16.06 -9.95 0.0005
v -18.42 -9.31 0.0005
v -17.01 -10.33 0.0005
v -13.93 -8.03 0.0005
v -18.94 -8.30 0.0005
v -15.00 -9.08 0.0005
v -23.83 -7.52 0.0005
v -22.88 -7.34 0.0005
v -25.38 -7.01 0.0005
v -24.66 -7.39 0.0005
v -39.51 -12.62 0.0005
v -34.65 -11.87 0.0005
v -40.48 -12.33 0.0005
v -37.54 -13.10 0.0005
v -36.24 -12.76 0.0005
v -38.59 -12.97 0.0005
v -47.87 -12.38 0.0005
v -45.77 -13.00 0.0005
v -48.53 -11.56 0.0005
v -46.96 -12.89 0.0005
v -49.13 -10.67 0.0005
v -42.94 -12.48 0.0005
v -49.90 -9.99 0.0005
v -58.85 -12.02 0.0005
v -63.41 -11.77 0.0005
v -60.69 -12.30 0.0005
v -62.18 -12.18 0.0005
v -64.57 -11.27 0.0005
v -54.59 -10.63 0.0005
v -65.87 -10.89 0.0005
v -73.07 -10.77 0.0005
v -71.23 -10.84 0.0005
v -76.60 -8.78 0.0005
v -75.73 -9.70 0.0005
v -74.59 -10.40 0.0005
v -77.46 -7.84 0.0005
v -110.39 109.94 0.0005
v -101.56 -8.64 0.0005
v -107.54 110.23 0.0005
v -98.59 -8.65 0.0005
v -95.57 -8.57 0.0005
v -92.37 -8.28 0.0005
v -143.91 -9.61 0.0005
v -147.48 111.09 0.0005
v -148.73 -9.34 0.0005
v -128.21 111.15 0.0005
v -135.59 -10.37 0.0005
v -123.11 110.71 0.0005
v -142.79 111.35 0.0005
v -194.45 -10.38 0.0005
v -214.77 -1.56 0.0005
v -203.87 -10.39 0.0005
v -213.38 -7.18 0.0005
v -213.86 -4.31 0.0005
v -213.27 -10.15 0.0005
v -218.02 9.59 0.0005
v -217.14 3.85 0.0005
v -217.41 12.64 0.0005
v -217.91 6.66 0.0005
v -216.27 15.75 0.0005
v -212.28 36.09 0.0005
v -212.54 33.27 0.0005
v -211.66 38.91 0.0005
v -210.78 41.72 0.0005
v -212.56 30.47 0.0005
v -212.60 61.14 0.0005
v -211.90 58.33 0.0005
v -212.21 66.70 0.0005
v -212.72 63.94 0.0005
v -210.21 72.09 0.0005
v -211.26 69.41 0.0005
v -210.88 55.52 0.0005
v -209.29 85.96 0.0005
v -209.16 83.13 0.0005
v -208.61 91.49 0.0005
v -209.13 88.76 0.0005
v -202.34 109.94 0.0005
v -210.18 109.28 0.0005
v -208.65 105.91 0.0005
v -178.89 110.73 0.0005
v -186.55 110.61 0.0005
v -171.46 110.72 0.0005
v -208.97 77.51 0.0005
v -121.98 -10.15 0.0005
v -118.25 110.25 0.0005
v -112.48 -9.18 0.0005
v -117.11 -9.67 0.0005
v -108.33 -8.82 0.0005
v -113.96 109.96 0.0005
v -100.68 111.70 0.0005
v -103.00 111.28 0.0005
v -98.06 111.87 0.0005
v -95.15 111.79 0.0005
v -89.20 111.31 0.0005
v -92.11 111.55 0.0005
v -80.34 111.64 0.0005
v -82.35 111.49 0.0005
v -78.07 111.55 0.0005
v -75.42 111.07 0.0005
v -69.23 109.12 0.0005
v -72.40 110.22 0.0005
v -84.36 111.29 0.0005
v -56.31 107.81 0.0005
v -57.53 107.53 0.0005
v -54.89 107.84 0.0005
v -53.32 107.68 0.0005
v -58.64 107.13 0.0005
v -47.36 110.07 0.0005
v -48.01 109.28 0.0005
v -45.18 110.50 0.0005
v -46.45 110.54 0.0005
v -41.81 109.16 0.0005
v -43.57 109.98 0.0005
v -48.59 108.43 0.0005
v -35.41 109.52 0.0005
v -36.06 108.85 0.0005
v -33.67 110.13 0.0005
v -34.62 109.97 0.0005
v -27.16 115.57 0.0005
v -28.85 114.80 0.0005
v -25.93 115.00 0.0005
v -28.15 115.52 0.0005
v -29.70 112.28 0.0005
v -24.58 114.02 0.0005
v -29.33 113.61 0.0005
v -18.24 111.59 0.0005
v -19.16 111.72 0.0005
v -17.24 111.11 0.0005
v -16.15 110.29 0.0005
v -20.04 111.69 0.0005
v -8.87 111.17 0.0005
v -10.45 110.84 0.0005
v -7.96 110.48 0.0005
v -9.71 111.31 0.0005
v -11.72 108.93 0.0005
v -7.04 109.49 0.0005
v -11.11 109.94 0.0005
v -2.26 107.58 0.0005
v -3.03 107.74 0.0005
v -1.49 107.02 0.0005
v -0.73 106.11 0.0005
v -3.78 107.67 0.0005
v 4.64 108.99 0.0005
v 8.00 110.76 0.0005
v 5.52 110.10 0.0005
v 6.38 110.68 0.0005
v 7.20 110.82 0.0005
v 14.22 112.85 0.0005
v 12.55 113.09 0.0005
v 14.88 111.97 0.0005
v 13.44 113.25 0.0005
v 15.47 110.92 0.0005
v 10.61 111.73 0.0005
v 16.09 110.05 0.0005
v 21.25 112.61 0.0005
v 24.19 113.00 0.0005
v 22.37 113.16 0.0005
v 23.34 113.25 0.0005
v 25.00 112.66 0.0005
v 18.84 110.69 0.0005
v 25.88 112.48 0.0005
v 30.34 113.61 0.0005
v 29.24 113.42 0.0005
v 31.79 112.38 0.0005
v 31.21 113.29 0.0005
v 32.30 109.49 0.0005
v 32.10 111.02 0.0005
v 28.05 112.99 0.0005
v 39.53 107.52 0.0005
v 37.45 107.67 0.0005
v 40.43 107.20 0.0005
v 38.57 107.73 0.0005
v 49.91 110.01 0.0005
v 48.04 109.33 0.0005
v 54.17 108.60 0.0005
v 52.62 110.00 0.0005
v 51.46 110.25 0.0005
v 53.46 109.37 0.0005
v 63.95 109.11 0.0005
v 65.83 109.28 0.0005
v 67.55 109.24 0.0005
v 95.76 112.19 0.0005
v 86.54 112.88 0.0005
v 89.44 113.21 0.0005
v 93.87 112.72 0.0005
v 91.85 113.13 0.0005
v 118.41 110.33 0.0005
v 115.60 110.82 0.0005
v 112.68 111.18 0.0005
v 158.20 110.73 0.0005
v 164.21 110.58 0.0005
v 183.85 109.74 0.0005
v 176.69 109.98 0.0005
v 210.73 109.43 0.0005
v 201.25 109.61 0.0005
v 210.62 106.44 0.0005
v 210.14 103.37 0.0005
v 152.05 110.66 0.0005
v 211.46 66.64 0.0005
v 211.72 63.88 0.0005
v 214.67 52.81 0.0005
v 214.68 50.00 0.0005
v 214.10 47.20 0.0005
v 212.10 41.67 0.0005
v 213.12 44.42 0.0005
v 214.84 15.97 0.0005
v 214.71 13.11 0.0005
v 216.11 4.06 0.0005
v 136.52 -8.65 0.0005
v 117.26 -9.75 0.0005
v 76.05 -8.36 0.0005
v 62.47 -12.47 0.0005
v 56.29 -12.52 0.0005
v 49.17 -10.72 0.0005
v 35.98 -10.48 0.0005
v 33.53 -9.87 0.0005
v 24.58 -5.20 0.0005
v 18.10 -8.28 0.0005
v 21.49 -5.98 0.0005
v 212.34 61.13 0.0005
v -4.80 -11.01 0.0005
v 2.45 -12.42 0.0005
v -5.50 -9.90 0.0005
v -7.00 -9.18 0.0005
v -12.93 -7.15 0.0005
v -19.48 -7.39 0.0005
v -21.88 -7.00 0.0005
v -32.86 -10.51 0.0005
v -44.38 -12.80 0.0005
v -69.28 -10.76 0.0005
v -104.73 -8.65 0.0005
v -152.51 110.85 0.0005
v -154.41 -9.27 0.0005
v -209.33 47.26 0.0005
v -161.06 -9.42 0.0005
v -215.97 1.13 0.0005
v -214.91 18.84 0.0005
v -209.32 50.00 0.0005
v -207.89 94.19 0.0005
v -207.54 102.71 0.0005
v -207.27 96.90 0.0005
v -126.80 -10.48 0.0005
v -131.36 -10.56 0.0005
v -105.19 110.73 0.0005
v -86.61 111.21 0.0005
v -66.18 108.03 0.0005
v -40.10 108.35 0.0005
v -49.34 107.77 0.0005
v -32.63 110.09 0.0005
v -30.14 111.13 0.0005
v -23.24 112.99 0.0005
v -12.37 108.20 0.0005
v -6.15 108.53 0.0005
v 0.00 105.12 0.0005
v -4.54 107.63 0.0005
v 3.77 107.50 0.0005
v 9.68 111.10 0.0005
v 8.81 110.78 0.0005
v 11.58 112.49 0.0005
v 36.20 107.38 0.0005
v 55.02 107.98 0.0005
v 69.27 109.16 0.0005
v 83.24 112.16 0.0005
v 170.26 110.29 0.0005
v 209.23 100.23 0.0005
v 206.09 90.99 0.0005
v 192.01 109.62 0.0005
v 211.40 38.92 0.0005
v 215.39 7.16 0.0005
v 182.77 -9.39 0.0005
v 160.80 -9.32 0.0005
v 120.23 -9.29 0.0005
v 21.94 -5.00 0.0005
v 23.41 -4.48 0.0005
v 127.02 -8.56 0.0005
v 1.65 -12.98 0.0005
v -10.66 -7.51 0.0005
v -26.08 -6.58 0.0005
v -31.03 -8.98 0.0005
v -56.75 -11.40 0.0005
v -67.44 -10.72 0.0005
v -209.90 44.50 0.0005
v -168.61 -9.71 0.0005
v -213.72 21.86 0.0005
v -212.93 24.80 0.0005
v -176.82 -10.02 0.0005
v -212.60 27.65 0.0005
v -209.90 52.75 0.0005
v -207.08 99.72 0.0005
v -164.47 110.68 0.0005
v -209.38 74.78 0.0005
v -51.76 107.48 0.0005
v -36.71 108.18 0.0005
v -15.06 109.29 0.0005
v 20.05 111.70 0.0005
v 26.90 112.61 0.0005
v 41.41 107.00 0.0005
v 56.21 107.70 0.0005
v 61.89 108.73 0.0005
v 97.82 111.72 0.0005
v 79.79 111.22 0.0005
v 109.55 111.35 0.0005
v 208.03 97.07 0.0005
v 95.14 -8.30 0.0005
v 89.64 -8.21 0.0005
v 47.24 -9.93 0.0005
v 17.30 -8.41 0.0005
v 16.61 -8.89 0.0005
v 211.40 72.22 0.0005
v 128.94 109.44 0.0005
v 16.83 109.67 0.0005
v -20.94 -6.75 0.0005
v -11.32 -6.91 0.0005
v -41.61 -12.27 0.0005
v -78.62 -7.12 0.0005
v -185.47 -10.26 0.0005
v -194.33 110.34 0.0005
v -158.13 110.70 0.0005
v -59.86 106.80 0.0005
v -31.62 110.10 0.0005
v -20.97 111.77 0.0005
v 0.71 104.38 0.0005
v 2.93 105.97 0.0005
v 32.56 108.13 0.0005
v 42.65 107.11 0.0005
v 44.21 107.62 0.0005
v 59.78 108.23 0.0005
v 100.25 111.43 0.0005
v 121.36 109.85 0.0005
v 60.59 -12.19 0.0005
v 57.61 -12.32 0.0005
v 34.66 -10.03 0.0005
v 10.17 -9.16 0.0005
v 211.44 69.43 0.0005
v 145.79 110.39 0.0005
v 2.15 104.78 0.0005
v -6.23 -9.32 0.0005
v -26.90 -6.39 0.0005
v -52.62 -10.00 0.0005
v -208.96 80.30 0.0005
v -138.13 111.50 0.0005
v -133.28 111.44 0.0005
v -61.43 106.78 0.0005
v -80.36 -6.79 0.0005
v -50.39 107.46 0.0005
v -38.64 107.83 0.0005
v -14.03 108.43 0.0005
v -22.02 112.19 0.0005
v -5.32 107.88 0.0005
v 33.05 107.24 0.0005
v 46.07 108.44 0.0005
v 71.22 109.23 0.0005
v 73.60 109.60 0.0005
v 76.49 110.30 0.0005
v 106.29 111.36 0.0005
v 206.86 93.97 0.0005
v 174.61 -9.27 0.0005
v 92.13 -8.13 0.0005
v 58.98 -12.16 0.0005
v 45.63 -9.46 0.0005
v 205.98 88.18 0.0005
v -29.36 -7.62 0.0005
v -139.66 -10.00 0.0005
v -27.97 -6.71 0.0005
v -51.03 -9.75 0.0005
v -30.77 110.39 0.0005
v -37.52 107.78 0.0005
v -13.13 108.01 0.0005
v 103.11 111.35 0.0005
v 123.37 -8.85 0.0005
v 72.77 -8.93 0.0005
v 44.43 -9.50 0.0005
v 1.42 104.22 0.0005
v 17.75 109.92 0.0005
v 214.10 55.61 0.0005
v 22.55 -4.43 0.0005
v -82.75 -6.87 0.0005
v -85.72 -7.28 0.0005
v 33.85 106.90 0.0005
v 124.78 109.52 0.0005
v -89.02 -7.81 0.0005
v 34.95 107.03 0.0005
v 74.15 -8.45 0.0005
v 213.79 27.53 0.0005
v 212.74 30.45 0.0005
v 206.59 85.50 0.0005
v -63.53 107.20 0.0005
v 211.79 33.33 0.0005
v 8.53 -8.83 0.0005
v 9.30 -8.69 0.0005
v 57.82 107.82 0.0005
v 211.28 36.15 0.0005
v 207.73 82.90 0.0005
v 209.09 80.32 0.0005
v 210.28 77.68 0.0005
v 211.07 74.98 0.0005
vt 1.975 9.772
vt 2.000 9.728
vt 2.000 10.000
vt 1.873 10.000
vt 1.895 9.943
vt 1.832 10.120
vt 1.785 10.303
vt 2.000 10.333
vt 1.780 10.333
vt 1.755 10.490
vt 1.745 10.667
vt 2.000 10.667
vt 1.743 10.678
vt 1.750 10.867
vt 2.000 11.000
vt 1.768 11.000
vt 1.775 11.055
vt 1.825 11.333
vt 2.000 11.333
vt 1.852 11.490
vt 1.892 11.667
vt 2.000 11.667
vt 1.893 11.673
vt 2.000 11.962
vt 1.952 11.852
vt 2.280 9.333
vt 2.333 9.265
vt 2.333 9.333
vt 2.182 9.455
vt 2.070 9.608
vt 2.333 9.667
vt 2.037 9.667
vt 2.333 10.000
vt 2.333 10.333
vt 2.333 10.667
vt 2.333 11.000
vt 2.333 11.333
vt 2.333 11.667
vt 2.017 12.000
vt 2.333 12.000
vt 2.027 12.023
vt 2.117 12.187
vt 2.333 12.333
vt 2.217 12.333
vt 2.223 12.342
vt 2.333 12.475
vt 2.662 4.417
vt 2.667 4.405
vt 2.667 4.667
vt 2.573 4.667
vt 2.592 4.598
vt 2.542 4.785
vt 2.508 4.977
vt 2.667 5.000
vt 2.507 5.000
vt 2.495 5.172
vt 2.500 5.333
vt 2.667 5.333
vt 2.500 5.365
vt 2.523 5.558
vt 2.667 5.667
vt 2.548 5.667
vt 2.567 5.747
vt 2.627 5.932
vt 2.667 6.000
vt 2.653 6.000
vt 2.667 6.035
vt 2.568 8.972
vt 2.667 8.860
vt 2.667 9.000
vt 2.545 9.000
vt 2.667 9.333
vt 2.667 9.667
vt 2.667 10.000
vt 2.667 10.333
vt 2.667 10.667
vt 2.667 11.000
vt 2.667 11.143
vt 2.588 11.333
vt 2.667 11.667
vt 2.557 11.408
vt 2.667 11.480
vt 2.667 12.000
vt 2.667 12.333
vt 2.342 12.487
vt 2.533 12.667
vt 2.475 12.618
vt 2.667 12.667
vt 2.620 12.738
vt 2.667 12.773
vt 2.982 3.820
vt 3.000 3.792
vt 3.000 4.000
vt 2.882 4.000
vt 3.000 4.333
vt 2.702 4.333
vt 2.747 4.243
vt 3.000 4.667
vt 3.000 5.000
vt 3.000 5.333
vt 3.000 5.667
vt 3.000 6.000
vt 2.782 6.333
vt 3.000 6.333
vt 2.817 6.427
vt 2.893 6.602
vt 3.000 6.667
vt 2.930 6.667
vt 2.987 6.767
vt 3.000 6.787
vt 2.993 8.575
vt 3.000 8.570
vt 3.000 8.667
vt 2.873 8.667
vt 3.000 9.000
vt 2.838 8.693
vt 2.697 8.825
vt 3.000 9.333
vt 3.000 9.667
vt 3.000 10.000
vt 3.000 10.333
vt 2.942 10.667
vt 3.000 10.592
vt 2.727 11.000
vt 2.777 10.877
vt 2.952 11.667
vt 3.000 12.000
vt 3.000 11.698
vt 3.000 12.333
vt 3.000 12.667
vt 2.967 13.000
vt 3.000 13.000
vt 3.000 13.025
vt 3.325 3.370
vt 3.333 3.362
vt 3.333 3.667
vt 3.082 3.660
vt 3.197 3.508
vt 3.078 3.667
vt 3.333 4.000
vt 3.333 4.333
vt 3.333 4.667
vt 3.177 4.887
vt 3.192 5.000
vt 3.333 4.682
vt 3.233 5.333
vt 3.333 5.667
vt 3.333 5.490
vt 3.242 5.403
vt 3.333 6.000
vt 3.333 6.333
vt 3.333 6.667
vt 3.095 6.923
vt 3.333 7.000
vt 3.158 7.000
vt 3.217 7.070
vt 3.333 7.195
vt 3.333 8.340
vt 3.333 8.667
vt 3.333 9.000
vt 3.333 9.333
vt 3.333 9.667
vt 3.333 10.000
vt 3.207 10.333
vt 3.333 10.198
vt 3.182 10.358
vt 3.333 11.877
vt 3.333 12.000
vt 3.138 11.788
vt 3.333 12.333
vt 3.333 12.667
vt 3.333 13.000
vt 3.098 13.098
vt 3.260 13.208
vt 3.333 13.248
vt 3.618 3.130
vt 3.667 3.102
vt 3.667 3.333
vt 3.365 3.333
vt 3.465 3.243
vt 3.667 3.667
vt 3.667 4.000
vt 3.667 4.333
vt 3.345 4.667
vt 3.667 4.403
vt 3.513 4.442
vt 3.522 5.667
vt 3.667 6.000
vt 3.667 5.803
vt 3.667 6.333
vt 3.667 6.667
vt 3.667 7.000
vt 3.462 7.333
vt 3.667 7.333
vt 3.667 7.555
vt 3.342 8.333
vt 3.667 8.108
vt 3.667 8.333
vt 3.667 8.667
vt 3.667 9.000
vt 3.667 9.333
vt 3.667 9.667
vt 3.522 10.000
vt 3.635 9.880
vt 3.667 9.858
vt 3.603 12.000
vt 3.667 12.333
vt 3.667 12.028
vt 3.667 12.667
vt 3.667 13.000
vt 3.432 13.302
vt 3.667 13.333
vt 3.498 13.333
vt 3.667 13.415
vt 3.842 3.000
vt 4.000 2.913
vt 4.000 3.000
vt 4.000 3.333
vt 3.780 3.033
vt 4.000 3.667
vt 4.000 4.000
vt 3.935 4.333
vt 4.000 4.317
vt 3.857 5.982
vt 3.885 6.000
vt 4.000 6.333
vt 4.000 6.070
vt 4.000 6.667
vt 4.000 7.000
vt 4.000 7.333
vt 3.683 7.573
vt 3.775 7.667
vt 3.773 7.665
vt 4.000 7.667
vt 3.857 7.743
vt 3.847 7.993
vt 3.848 7.917
vt 4.000 8.000
vt 3.837 8.000
vt 4.000 8.333
vt 3.777 8.037
vt 3.682 8.098
vt 4.000 8.667
vt 4.000 9.000
vt 4.000 9.333
vt 3.945 9.667
vt 4.000 9.628
vt 4.000 12.315
vt 4.000 12.333
vt 3.872 12.122
vt 4.000 12.667
vt 4.000 13.000
vt 4.000 13.333
vt 4.000 13.575
vt 4.333 2.733
vt 4.333 3.000
vt 4.333 3.333
vt 4.333 3.667
vt 4.333 4.000
vt 4.333 4.230
vt 4.333 6.273
vt 4.333 6.333
vt 4.333 6.667
vt 4.333 7.000
vt 4.333 7.333
vt 4.333 7.667
vt 4.333 8.000
vt 4.333 8.333
vt 4.333 8.667
vt 4.333 9.000
vt 4.333 9.333
vt 4.295 9.425
vt 4.333 9.407
vt 4.012 12.333
vt 4.333 12.638
vt 4.333 12.667
vt 4.177 12.582
vt 4.333 13.000
vt 4.333 13.333
vt 4.018 13.583
vt 4.333 13.667
vt 4.163 13.667
vt 4.300 13.743
vt 4.333 13.777
vt 4.663 2.583
vt 4.667 2.582
vt 4.667 2.667
vt 4.465 2.667
vt 4.520 2.640
vt 4.667 3.000
vt 4.383 2.708
vt 4.667 3.333
vt 4.667 3.667
vt 4.667 4.000
vt 4.492 4.188
vt 4.667 4.122
vt 4.432 6.333
vt 4.667 6.667
vt 4.667 6.477
vt 4.667 7.000
vt 4.667 7.333
vt 4.530 7.625
vt 4.542 7.667
vt 4.667 7.552
vt 4.628 7.983
vt 4.645 8.000
vt 4.667 8.333
vt 4.667 8.022
vt 4.667 8.667
vt 4.667 9.000
vt 4.482 9.333
vt 4.667 9.242
vt 4.413 12.667
vt 4.667 13.000
vt 4.667 12.757
vt 4.667 13.333
vt 4.667 13.667
vt 4.348 13.792
vt 4.667 14.000
vt 4.480 14.000
vt 4.520 14.063
vt 4.667 14.268
vt 4.608 14.192
vt 5.000 2.463
vt 5.000 2.667
vt 5.000 3.000
vt 5.000 3.333
vt 5.000 3.667
vt 4.983 4.000
vt 5.000 3.993
vt 4.772 6.542
vt 4.788 6.667
vt 4.823 6.925
vt 4.880 7.000
vt 5.000 7.333
vt 5.000 7.162
vt 5.000 7.372
vt 4.967 8.333
vt 5.000 8.667
vt 5.000 8.462
vt 5.000 9.000
vt 5.000 9.078
vt 5.000 12.877
vt 5.000 12.927
vt 4.997 13.000
vt 4.985 13.333
vt 5.000 13.667
vt 4.978 13.525
vt 5.000 13.535
vt 5.000 14.000
vt 4.715 14.333
vt 5.000 14.333
vt 4.965 14.667
vt 5.000 14.667
vt 4.967 14.670
vt 5.000 14.710
vt 5.333 2.345
vt 5.333 2.667
vt 5.333 3.000
vt 5.333 3.333
vt 5.333 3.667
vt 5.268 3.890
vt 5.333 3.857
vt 5.112 7.312
vt 5.073 7.333
vt 5.053 8.667
vt 5.142 9.000
vt 5.055 8.672
vt 5.143 9.007
vt 5.002 12.877
vt 5.280 13.667
vt 5.333 14.000
vt 5.333 13.692
vt 5.333 14.333
vt 5.333 14.667
vt 5.082 14.810
vt 5.282 15.000
vt 5.208 14.938
vt 5.333 15.000
vt 5.333 15.043
vt 5.362 2.333
vt 5.667 2.202
vt 5.667 2.333
vt 5.667 2.667
vt 5.350 2.338
vt 5.667 3.000
vt 5.667 3.333
vt 5.667 3.667
vt 5.667 3.678
vt 5.667 13.850
vt 5.667 14.000
vt 5.667 14.333
vt 5.667 14.667
vt 5.667 15.000
vt 5.347 15.055
vt 5.667 15.302
vt 5.882 2.000
vt 6.000 1.842
vt 6.000 2.000
vt 6.000 2.333
vt 5.792 2.120
vt 5.715 2.180
vt 6.000 2.667
vt 6.000 3.000
vt 6.000 3.333
vt 5.688 3.667
vt 5.913 3.547
vt 6.000 3.492
vt 5.732 13.882
vt 5.783 14.000
vt 5.927 14.333
vt 6.000 14.667
vt 6.000 14.502
vt 6.000 15.000
vt 5.708 15.333
vt 6.000 15.333
vt 5.898 15.480
vt 6.000 15.548
vt 6.137 1.667
vt 6.333 1.418
vt 6.333 1.667
vt 6.333 2.000
vt 6.030 1.803
vt 6.333 2.333
vt 6.333 2.667
vt 6.333 3.000
vt 6.252 3.333
vt 6.333 3.282
vt 6.333 14.598
vt 6.333 14.667
vt 6.008 14.520
vt 6.333 15.000
vt 6.333 15.333
vt 6.090 15.610
vt 6.333 15.667
vt 6.198 15.667
vt 6.295 15.717
vt 6.333 15.735
vt 6.598 1.105
vt 6.667 1.045
vt 6.667 1.333
vt 6.400 1.333
vt 6.440 1.283
vt 6.667 1.667
vt 6.667 2.000
vt 6.667 2.333
vt 6.667 2.667
vt 6.667 2.945
vt 6.628 3.000
vt 6.513 3.170
vt 6.608 14.667
vt 6.667 15.000
vt 6.667 14.680
vt 6.667 15.333
vt 6.667 15.667
vt 6.667 15.885
vt 6.778 0.947
vt 7.000 0.773
vt 7.000 1.000
vt 6.718 1.000
vt 7.000 1.333
vt 7.000 1.667
vt 6.948 1.838
vt 6.935 2.000
vt 7.000 1.820
vt 6.905 2.333
vt 6.858 2.667
vt 6.878 2.637
vt 7.000 14.763
vt 7.000 15.000
vt 7.000 15.333
vt 7.000 15.667
vt 6.922 16.000
vt 7.000 16.000
vt 7.000 16.035
vt 7.137 0.667
vt 7.333 0.513
vt 7.333 0.667
vt 7.333 1.000
vt 7.333 1.333
vt 7.333 1.667
vt 7.333 1.700
vt 7.333 14.943
vt 7.333 15.000
vt 7.038 14.772
vt 7.333 15.333
vt 7.333 15.667
vt 7.333 16.000
vt 7.047 16.057
vt 7.242 16.132
vt 7.333 16.163
vt 7.595 0.333
vt 7.667 0.293
vt 7.667 0.333
vt 7.667 0.667
vt 7.537 0.367
vt 7.375 0.480
vt 7.667 1.000
vt 7.667 1.333
vt 7.427 1.667
vt 7.667 1.582
vt 7.430 15.000
vt 7.667 15.333
vt 7.667 15.138
vt 7.667 15.667
vt 7.667 16.000
vt 7.667 16.273
vt 8.000 0.153
vt 8.000 0.333
vt 7.892 0.188
vt 7.710 0.268
vt 8.000 0.667
vt 8.000 1.000
vt 8.000 1.333
vt 7.873 1.507
vt 8.000 1.463
vt 8.000 15.247
vt 8.000 15.333
vt 7.800 15.215
vt 8.000 15.667
vt 8.000 16.000
vt 7.848 16.333
vt 8.000 16.333
vt 8.000 16.383
vt 8.333 0.077
vt 8.333 0.333
vt 8.273 0.083
vt 8.080 0.127
vt 8.333 0.667
vt 8.333 1.000
vt 8.333 1.333
vt 8.333 1.345
vt 8.333 15.298
vt 8.333 15.333
vt 8.333 15.667
vt 8.333 16.000
vt 8.333 16.333
vt 8.102 16.417
vt 8.247 16.460
vt 8.333 16.478
vt 8.667 0.047
vt 8.667 0.333
vt 8.470 0.060
vt 8.667 0.667
vt 8.667 1.000
vt 8.367 1.333
vt 8.547 1.270
vt 8.667 1.275
vt 8.555 15.333
vt 8.667 15.667
vt 8.667 15.352
vt 8.667 16.000
vt 8.667 16.333
vt 8.393 16.490
vt 8.667 16.537
vt 9.000 0.025
vt 9.000 0.333
vt 9.000 0.667
vt 9.000 1.000
vt 9.000 1.288
vt 9.000 15.352
vt 9.000 15.667
vt 8.778 15.368
vt 9.000 16.000
vt 9.000 16.333
vt 9.000 16.593
vt 9.333 0.003
vt 9.333 0.333
vt 9.283 0.005
vt 9.333 0.667
vt 9.333 1.000
vt 9.333 1.302
vt 9.225 15.333
vt 9.333 15.325
vt 9.333 15.333
vt 9.333 15.667
vt 9.333 16.000
vt 9.333 16.333
vt 9.262 16.638
vt 9.333 16.647
vt 9.667 0.000
vt 9.667 0.333
vt 9.422 0.000
vt 9.667 0.667
vt 9.667 1.000
vt 9.667 1.315
vt 9.665 1.315
vt 9.667 15.298
vt 9.667 15.333
vt 9.667 15.667
vt 9.667 16.000
vt 9.667 16.333
vt 9.430 16.660
vt 9.598 16.667
vt 9.667 16.667
vt 10.000 0.000
vt 10.000 0.333
vt 10.000 0.667
vt 10.000 1.000
vt 10.000 1.315
vt 10.000 15.290
vt 10.000 15.333
vt 9.807 15.288
vt 10.000 15.667
vt 10.000 16.000
vt 10.000 16.333
vt 10.000 16.667
vt 10.333 0.000
vt 10.333 0.333
vt 10.333 0.667
vt 10.333 1.000
vt 10.333 1.313
vt 10.333 15.295
vt 10.333 15.333
vt 10.333 15.667
vt 10.333 16.000
vt 10.333 16.333
vt 10.333 16.667
vt 10.667 0.000
vt 10.667 0.333
vt 10.667 0.667
vt 10.667 1.000
vt 10.667 1.312
vt 10.667 15.298
vt 10.667 15.333
vt 10.667 15.667
vt 10.667 16.000
vt 10.667 16.333
vt 10.667 16.667
vt 11.000 0.000
vt 11.000 0.333
vt 11.000 0.667
vt 11.000 1.000
vt 10.783 1.312
vt 11.000 1.303
vt 11.000 15.267
vt 11.000 15.333
vt 10.775 15.300
vt 11.000 15.667
vt 11.000 16.000
vt 11.000 16.333
vt 11.000 16.667
vt 11.333 0.000
vt 11.333 0.333
vt 11.333 0.667
vt 11.333 1.000
vt 11.333 1.290
vt 11.333 15.217
vt 11.333 15.333
vt 11.333 15.667
vt 11.333 16.000
vt 11.333 16.333
vt 11.333 16.667
vt 11.667 0.000
vt 11.667 0.333
vt 11.667 0.667
vt 11.667 1.000
vt 11.667 1.277
vt 11.667 15.167
vt 11.667 15.333
vt 11.667 15.667
vt 11.667 16.000
vt 11.667 16.333
vt 11.667 16.667
vt 12.000 0.000
vt 12.000 0.333
vt 12.000 0.667
vt 12.000 1.000
vt 11.890 1.268
vt 12.000 1.273
vt 12.000 15.117
vt 12.000 15.333
vt 12.000 15.667
vt 12.000 16.000
vt 12.000 16.333
vt 12.000 16.667
vt 12.333 0.000
vt 12.333 0.333
vt 12.333 0.667
vt 12.333 1.000
vt 12.333 1.292
vt 12.333 15.115
vt 12.333 15.333
vt 12.027 15.112
vt 12.333 15.667
vt 12.333 16.000
vt 12.333 16.333
vt 12.333 16.667
vt 12.667 0.000
vt 12.667 0.333
vt 12.667 0.667
vt 12.667 1.000
vt 12.667 1.310
vt 12.667 15.118
vt 12.667 15.333
vt 12.667 15.667
vt 12.667 16.000
vt 12.667 16.333
vt 12.667 16.667
vt 13.000 0.000
vt 13.000 0.333
vt 13.000 0.667
vt 13.000 1.000
vt 13.000 1.330
vt 13.000 15.122
vt 13.000 15.333
vt 13.000 15.667
vt 13.000 16.000
vt 13.000 16.333
vt 13.000 16.667
vt 13.333 0.000
vt 13.333 0.333
vt 13.333 0.667
vt 13.333 1.000
vt 13.072 1.333
vt 13.333 1.333
vt 13.113 1.335
vt 13.333 1.355
vt 13.333 15.125
vt 13.333 15.333
vt 13.255 15.123
vt 13.333 15.667
vt 13.333 16.000
vt 13.333 16.333
vt 13.333 16.667
vt 13.667 0.000
vt 13.667 0.333
vt 13.667 0.667
vt 13.667 1.000
vt 13.667 1.333
vt 13.667 1.383
vt 13.667 15.132
vt 13.667 15.333
vt 13.667 15.667
vt 13.667 16.000
vt 13.667 16.333
vt 13.667 16.667
vt 14.000 0.000
vt 14.000 0.333
vt 14.000 0.667
vt 14.000 1.000
vt 14.000 1.333
vt 14.000 1.412
vt 14.000 15.138
vt 14.000 15.333
vt 14.000 15.667
vt 14.000 16.000
vt 14.000 16.333
vt 14.000 16.667
vt 14.333 0.000
vt 14.333 0.333
vt 14.333 0.667
vt 14.333 1.000
vt 14.333 1.333
vt 14.333 1.440
vt 14.333 15.145
vt 14.333 15.333
vt 14.333 15.667
vt 14.333 16.000
vt 14.333 16.333
vt 14.333 16.667
vt 14.667 0.000
vt 14.667 0.333
vt 14.667 0.667
vt 14.667 1.000
vt 14.667 1.333
vt 14.412 1.447
vt 14.667 1.438
vt 14.667 15.162
vt 14.667 15.333
vt 14.558 15.150
vt 14.667 15.667
vt 14.667 16.000
vt 14.667 16.333
vt 14.667 16.667
vt 15.000 0.000
vt 15.000 0.333
vt 15.000 0.667
vt 15.000 1.000
vt 15.000 1.333
vt 15.000 1.428
vt 15.000 15.197
vt 15.000 15.333
vt 15.000 15.667
vt 15.000 16.000
vt 15.000 16.333
vt 15.000 16.667
vt 15.333 0.000
vt 15.333 0.333
vt 15.333 0.667
vt 15.333 1.000
vt 15.333 1.333
vt 15.333 1.418
vt 15.333 15.232
vt 15.333 15.333
vt 15.333 15.667
vt 15.333 16.000
vt 15.333 16.333
vt 15.333 16.667
vt 15.667 0.000
vt 15.667 0.333
vt 15.667 0.667
vt 15.667 1.000
vt 15.667 1.333
vt 15.667 1.408
vt 15.667 15.267
vt 15.667 15.333
vt 15.667 15.667
vt 15.667 16.000
vt 15.667 16.333
vt 15.667 16.667
vt 16.000 0.000
vt 16.000 0.333
vt 16.000 0.667
vt 16.000 1.000
vt 16.000 1.333
vt 15.705 1.408
vt 16.000 1.413
vt 16.000 15.270
vt 16.000 15.333
vt 15.813 15.282
vt 16.000 15.667
vt 16.000 16.000
vt 16.000 16.333
vt 16.000 16.667
vt 16.333 0.000
vt 16.333 0.333
vt 16.333 0.667
vt 16.333 1.000
vt 16.333 1.333
vt 16.333 1.420
vt 16.333 15.247
vt 16.333 15.333
vt 16.333 15.667
vt 16.333 16.000
vt 16.333 16.333
vt 16.333 16.667
vt 16.667 0.000
vt 16.667 0.333
vt 16.667 0.667
vt 16.667 1.000
vt 16.667 1.333
vt 16.667 1.427
vt 16.667 15.225
vt 16.667 15.333
vt 16.667 15.667
vt 16.667 16.000
vt 16.667 16.333
vt 16.667 16.667
vt 17.000 0.000
vt 17.000 0.333
vt 17.000 0.667
vt 17.000 1.000
vt 17.000 1.333
vt 17.000 1.433
vt 17.000 15.203
vt 17.000 15.333
vt 17.000 15.667
vt 17.000 16.000
vt 17.000 16.333
vt 17.000 16.667
vt 17.333 0.000
vt 17.333 0.333
vt 17.333 0.667
vt 17.333 1.000
vt 17.333 1.333
vt 17.333 1.465
vt 17.333 15.268
vt 17.333 15.333
vt 17.333 15.667
vt 17.333 16.000
vt 17.333 16.333
vt 17.333 16.667
vt 17.667 0.000
vt 17.667 0.333
vt 17.667 0.667
vt 17.667 1.000
vt 17.667 1.333
vt 17.667 1.498
vt 17.667 15.333
vt 17.667 15.667
vt 17.667 16.000
vt 17.667 16.333
vt 17.667 16.667
vt 18.000 0.000
vt 18.000 0.333
vt 18.000 0.667
vt 18.000 1.000
vt 18.000 1.333
vt 18.000 1.530
vt 17.670 15.333
vt 18.000 15.667
vt 18.000 15.398
vt 18.000 16.000
vt 18.000 16.333
vt 17.982 16.667
vt 18.000 16.667
vt 18.333 0.000
vt 18.333 0.333
vt 18.333 0.667
vt 18.333 1.000
vt 18.333 1.333
vt 18.163 1.547
vt 18.333 1.545
vt 18.333 15.342
vt 18.333 15.667
vt 18.098 15.417
vt 18.333 16.000
vt 18.333 16.333
vt 18.002 16.667
vt 18.333 16.663
vt 18.667 0.000
vt 18.667 0.333
vt 18.667 0.667
vt 18.667 1.000
vt 18.667 1.333
vt 18.667 1.545
vt 18.362 15.333
vt 18.667 15.237
vt 18.667 15.333
vt 18.667 15.667
vt 18.667 16.000
vt 18.667 16.333
vt 18.667 16.660
vt 19.000 0.000
vt 19.000 0.333
vt 19.000 0.667
vt 19.000 1.000
vt 19.000 1.333
vt 19.000 1.543
vt 19.000 15.132
vt 19.000 15.333
vt 19.000 15.667
vt 19.000 16.000
vt 19.000 16.333
vt 18.947 16.658
vt 19.000 16.657
vt 19.333 0.000
vt 19.333 0.333
vt 19.333 0.667
vt 19.333 1.000
vt 19.333 1.333
vt 19.188 1.543
vt 19.333 1.518
vt 19.333 15.157
vt 19.333 15.333
vt 19.067 15.110
vt 19.333 15.667
vt 19.333 16.000
vt 19.333 16.333
vt 19.027 16.655
vt 19.333 16.640
vt 19.667 0.000
vt 19.667 0.333
vt 19.667 0.667
vt 19.667 1.000
vt 19.667 1.333
vt 19.667 1.465
vt 19.667 15.215
vt 19.667 15.333
vt 19.667 15.667
vt 19.667 16.000
vt 19.667 16.333
vt 19.667 16.623
vt 20.000 0.005
vt 20.000 0.333
vt 19.918 0.000
vt 20.000 0.667
vt 20.000 1.000
vt 20.000 1.333
vt 20.000 1.410
vt 20.000 15.272
vt 20.000 15.333
vt 20.000 15.667
vt 20.000 16.000
vt 20.000 16.333
vt 19.990 16.608
vt 19.993 16.608
vt 20.000 16.607
vt 20.333 0.045
vt 20.333 0.333
vt 20.145 0.013
vt 20.333 0.667
vt 20.333 1.000
vt 20.333 1.333
vt 20.205 1.377
vt 20.333 1.408
vt 20.213 15.310
vt 20.333 15.285
vt 20.333 15.333
vt 20.333 15.667
vt 20.333 16.000
vt 20.333 16.333
vt 20.333 16.590
vt 20.667 0.120
vt 20.667 0.333
vt 20.368 0.052
vt 20.667 0.667
vt 20.667 1.000
vt 20.667 1.333
vt 20.667 1.492
vt 20.667 15.218
vt 20.667 15.333
vt 20.667 15.667
vt 20.667 16.000
vt 20.667 16.333
vt 20.667 16.573
vt 21.000 0.197
vt 21.000 0.333
vt 21.000 0.667
vt 21.000 1.000
vt 21.000 1.333
vt 21.000 1.573
vt 21.000 15.152
vt 21.000 15.333
vt 21.000 15.667
vt 21.000 16.000
vt 21.000 16.333
vt 20.967 16.558
vt 21.000 16.555
vt 21.333 0.247
vt 21.333 0.333
vt 21.127 0.227
vt 21.333 0.667
vt 21.333 1.000
vt 21.333 1.333
vt 21.168 1.615
vt 21.333 1.610
vt 21.333 15.113
vt 21.333 15.333
vt 21.205 15.110
vt 21.333 15.667
vt 21.333 16.000
vt 21.333 16.333
vt 21.145 16.540
vt 21.333 16.513
vt 21.667 0.280
vt 21.667 0.333
vt 21.667 0.667
vt 21.667 1.000
vt 21.667 1.333
vt 21.667 1.600
vt 21.667 15.125
vt 21.667 15.333
vt 21.667 15.667
vt 21.667 16.000
vt 21.667 16.333
vt 21.667 16.467
vt 22.000 0.312
vt 22.000 0.333
vt 21.930 0.305
vt 22.000 0.667
vt 22.000 1.000
vt 22.000 1.333
vt 22.000 1.590
vt 22.000 15.135
vt 22.000 15.333
vt 22.000 15.667
vt 22.000 16.000
vt 22.000 16.333
vt 22.000 16.418
vt 22.258 0.333
vt 22.333 0.667
vt 22.333 0.340
vt 22.333 1.000
vt 22.333 1.333
vt 22.308 1.580
vt 22.333 1.585
vt 22.333 15.147
vt 22.333 15.333
vt 22.333 15.667
vt 22.333 16.000
vt 22.333 16.333
vt 22.073 16.408
vt 22.303 16.362
vt 22.333 16.353
vt 22.667 0.368
vt 22.667 0.667
vt 22.667 1.000
vt 22.667 1.333
vt 22.667 1.653
vt 22.667 15.050
vt 22.667 15.333
vt 22.357 15.147
vt 22.667 15.667
vt 22.667 16.000
vt 22.412 16.333
vt 22.667 16.267
vt 23.000 0.403
vt 23.000 0.667
vt 22.883 0.388
vt 23.000 1.000
vt 23.000 1.333
vt 22.735 1.667
vt 23.000 1.667
vt 23.000 1.720
vt 22.827 15.000
vt 23.000 14.947
vt 23.000 15.000
vt 23.000 15.333
vt 23.000 15.667
vt 23.000 16.000
vt 23.000 16.178
vt 23.333 0.463
vt 23.333 0.667
vt 23.083 0.415
vt 23.333 1.000
vt 23.333 1.333
vt 23.333 1.667
vt 23.287 1.778
vt 23.333 1.785
vt 23.333 14.833
vt 23.333 15.000
vt 23.263 14.863
vt 23.333 15.333
vt 23.333 15.667
vt 23.333 16.000
vt 23.145 16.140
vt 23.253 16.108
vt 23.333 16.082
vt 23.667 0.527
vt 23.667 0.667
vt 23.667 1.000
vt 23.667 1.333
vt 23.667 1.667
vt 23.667 1.825
vt 23.667 14.685
vt 23.667 15.000
vt 23.667 15.333
vt 23.667 15.667
vt 23.583 16.000
vt 23.667 15.973
vt 24.000 0.590
vt 24.000 0.667
vt 23.978 0.585
vt 24.000 1.000
vt 24.000 1.333
vt 24.000 1.667
vt 24.000 1.867
vt 23.708 14.667
vt 24.000 14.537
vt 24.000 14.667
vt 24.000 15.000
vt 24.000 15.333
vt 24.000 15.667
vt 23.988 15.868
vt 24.000 15.865
vt 24.142 0.623
vt 24.273 0.667
vt 24.302 0.677
vt 24.333 1.000
vt 24.333 0.687
vt 24.333 1.333
vt 24.333 1.667
vt 24.333 1.908
vt 24.333 14.370
vt 24.333 14.667
vt 24.057 14.512
vt 24.333 15.000
vt 24.333 15.333
vt 24.333 15.667
vt 24.333 15.775
vt 24.667 0.812
vt 24.667 1.000
vt 24.667 1.333
vt 24.667 1.667
vt 24.337 1.908
vt 24.667 2.000
vt 24.497 2.000
vt 24.667 2.097
vt 24.405 14.333
vt 24.667 14.200
vt 24.667 14.333
vt 24.667 14.667
vt 24.667 15.000
vt 24.667 15.333
vt 24.667 15.667
vt 24.658 15.687
vt 24.667 15.685
vt 25.000 0.935
vt 25.000 1.000
vt 25.000 1.333
vt 25.000 1.667
vt 25.000 2.000
vt 25.000 2.287
vt 25.000 14.112
vt 25.000 14.333
vt 24.772 14.147
vt 25.000 14.667
vt 25.000 15.000
vt 25.000 15.333
vt 24.768 15.667
vt 25.000 15.625
vt 25.055 0.957
vt 25.152 1.000
vt 25.333 1.333
vt 25.313 1.073
vt 25.333 1.085
vt 25.333 1.667
vt 25.333 2.000
vt 25.048 2.315
vt 25.088 2.333
vt 25.333 2.333
vt 25.333 2.450
vt 25.333 14.063
vt 25.333 14.333
vt 25.333 14.667
vt 25.333 15.000
vt 25.333 15.333
vt 25.333 15.565
vt 25.667 1.265
vt 25.667 1.333
vt 25.667 1.667
vt 25.667 2.000
vt 25.667 2.333
vt 25.667 2.608
vt 25.667 14.013
vt 25.667 14.333
vt 25.667 14.667
vt 25.667 15.000
vt 25.667 15.333
vt 25.442 15.545
vt 25.667 15.510
vt 25.792 1.333
vt 26.000 1.667
vt 25.942 1.415
vt 25.948 1.418
vt 26.000 1.447
vt 26.000 2.000
vt 26.000 2.333
vt 25.778 2.660
vt 26.000 2.667
vt 25.792 2.667
vt 26.000 2.750
vt 25.755 14.000
vt 25.767 13.998
vt 25.867 14.000
vt 26.000 14.002
vt 26.000 14.333
vt 26.000 14.667
vt 26.000 15.000
vt 26.000 15.333
vt 26.000 15.457
vt 26.333 1.630
vt 26.333 1.667
vt 26.333 2.000
vt 26.333 2.333
vt 26.333 2.667
vt 26.333 2.885
vt 26.333 14.007
vt 26.333 14.333
vt 26.333 14.667
vt 26.333 15.000
vt 26.333 15.333
vt 26.333 15.403
vt 26.400 1.667
vt 26.667 2.000
vt 26.667 1.787
vt 26.458 1.698
vt 26.667 2.333
vt 26.667 2.667
vt 26.537 2.967
vt 26.667 3.000
vt 26.563 3.000
vt 26.667 3.135
vt 26.667 14.013
vt 26.667 14.333
vt 26.667 14.667
vt 26.667 15.000
vt 26.653 15.333
vt 26.667 15.330
vt 26.360 15.400
vt 26.548 15.360
vt 27.000 1.925
vt 27.000 2.000
vt 26.967 1.913
vt 27.000 2.333
vt 27.000 2.667
vt 27.000 3.000
vt 26.818 3.333
vt 27.000 3.333
vt 26.910 3.453
vt 27.000 3.485
vt 27.000 14.018
vt 27.000 14.333
vt 27.000 14.667
vt 27.000 15.000
vt 27.000 15.243
vt 27.215 2.000
vt 27.333 2.333
vt 27.333 2.042
vt 27.333 2.667
vt 27.333 3.000
vt 27.333 3.333
vt 27.333 3.605
vt 27.125 14.000
vt 27.333 13.805
vt 27.333 14.000
vt 27.333 14.333
vt 27.105 14.020
vt 27.333 14.667
vt 27.333 15.000
vt 27.333 15.157
vt 27.667 2.160
vt 27.667 2.333
vt 27.625 2.143
vt 27.667 2.667
vt 27.667 3.000
vt 27.667 3.333
vt 27.505 3.667
vt 27.667 3.667
vt 27.667 3.725
vt 27.600 13.553
vt 27.667 13.543
vt 27.667 13.667
vt 27.480 13.667
vt 27.667 14.000
vt 27.667 14.333
vt 27.667 14.667
vt 27.667 15.000
vt 27.395 15.142
vt 27.570 15.087
vt 27.667 15.047
vt 28.000 2.302
vt 28.000 2.333
vt 27.772 2.202
vt 28.000 2.667
vt 28.000 3.000
vt 28.000 3.333
vt 28.000 3.667
vt 27.670 3.725
vt 28.000 3.807
vt 28.000 13.498
vt 28.000 13.667
vt 28.000 14.000
vt 28.000 14.333
vt 28.000 14.667
vt 27.773 15.000
vt 27.903 14.932
vt 28.000 14.875
vt 27.740 15.017
vt 28.070 2.333
vt 28.333 2.667
vt 28.333 2.450
vt 28.333 3.000
vt 28.333 3.333
vt 28.333 3.667
vt 28.333 3.888
vt 28.333 13.452
vt 28.333 13.667
vt 28.333 14.000
vt 28.333 14.333
vt 28.333 14.667
vt 28.333 14.680
vt 28.667 2.622
vt 28.667 2.667
vt 28.600 2.578
vt 28.417 2.487
vt 28.667 3.000
vt 28.667 3.333
vt 28.667 3.667
vt 28.580 3.948
vt 28.667 4.000
vt 28.625 4.000
vt 28.667 4.047
vt 28.667 13.405
vt 28.667 13.667
vt 28.667 14.000
vt 28.667 14.333
vt 28.357 14.667
vt 28.493 14.587
vt 28.667 14.473
vt 28.663 14.475
vt 28.737 2.667
vt 29.000 3.000
vt 28.935 2.818
vt 29.000 2.877
vt 28.773 2.690
vt 29.000 3.333
vt 29.000 3.667
vt 29.000 4.000
vt 28.920 4.333
vt 29.000 4.333
vt 28.955 4.372
vt 29.000 4.477
vt 28.895 5.333
vt 29.000 5.128
vt 29.000 5.333
vt 28.875 5.373
vt 28.912 5.667
vt 29.000 5.667
vt 28.927 5.793
vt 29.000 5.883
vt 28.878 11.760
vt 29.000 11.710
vt 29.000 12.000
vt 28.940 12.000
vt 29.000 12.233
vt 28.960 12.667
vt 29.000 12.437
vt 29.000 12.667
vt 28.927 12.850
vt 29.000 13.000
vt 28.873 13.000
vt 29.000 13.333
vt 28.750 13.333
vt 29.000 13.667
vt 28.727 13.397
vt 29.000 14.000
vt 28.835 14.333
vt 28.965 14.203
vt 29.000 14.162
vt 28.822 14.347
vt 29.140 3.000
vt 29.333 3.333
vt 29.333 3.172
vt 29.333 3.667
vt 29.333 4.000
vt 29.333 4.333
vt 29.083 4.667
vt 29.333 4.667
vt 29.155 4.827
vt 29.333 5.000
vt 29.065 5.000
vt 29.333 5.333
vt 29.333 5.667
vt 29.095 6.000
vt 29.333 6.000
vt 29.215 6.148
vt 29.333 6.175
vt 29.102 11.667
vt 29.333 11.570
vt 29.333 11.667
vt 29.333 12.000
vt 29.022 12.317
vt 29.333 12.333
vt 29.018 12.333
vt 29.333 12.667
vt 29.333 13.000
vt 29.333 13.333
vt 29.333 13.662
vt 29.330 13.667
vt 29.125 14.000
vt 29.207 13.875
vt 29.095 14.045
vt 29.488 3.322
vt 29.498 3.333
vt 29.347 3.183
vt 29.667 3.667
vt 29.667 3.548
vt 29.615 3.472
vt 29.667 4.000
vt 29.667 4.333
vt 29.667 4.667
vt 29.667 5.000
vt 29.667 5.333
vt 29.667 5.667
vt 29.667 6.000
vt 29.667 6.252
vt 29.667 11.430
vt 29.667 11.667
vt 29.575 11.468
vt 29.667 12.000
vt 29.667 12.333
vt 29.667 12.667
vt 29.667 12.975
vt 29.660 13.000
vt 29.520 13.333
vt 29.572 13.235
vt 29.648 13.040
vt 29.475 13.420
vt 29.727 3.635
vt 29.743 3.667
vt 29.902 4.000
vt 29.898 3.988
vt 29.822 3.808
vt 29.998 4.333
vt 29.957 4.177
vt 30.000 4.667
vt 30.000 4.342
vt 30.000 5.000
vt 30.000 5.333
vt 30.000 5.667
vt 30.000 6.000
vt 30.000 6.328
vt 29.897 11.333
vt 30.000 11.290
vt 30.000 11.333
vt 30.000 11.667
vt 30.000 12.000
vt 30.000 12.333
vt 29.862 12.667
vt 30.000 12.625
vt 29.705 12.840
vt 29.727 12.707
vt 30.072 4.615
vt 30.082 4.667
vt 30.333 4.855
vt 30.333 5.000
vt 30.108 4.790
vt 30.333 5.333
vt 30.333 5.667
vt 30.333 6.000
vt 30.020 6.333
vt 30.333 6.333
vt 30.263 6.388
vt 30.333 6.427
vt 30.333 11.150
vt 30.333 11.333
vt 30.298 11.165
vt 30.333 11.667
vt 30.333 12.000
vt 30.333 12.333
vt 30.320 12.530
vt 30.333 12.525
vt 30.667 4.957
vt 30.667 5.000
vt 30.657 4.953
vt 30.528 4.912
vt 30.667 5.333
vt 30.667 5.667
vt 30.667 6.000
vt 30.667 6.333
vt 30.667 6.602
vt 30.667 11.008
vt 30.667 11.333
vt 30.667 11.667
vt 30.667 12.000
vt 30.667 12.333
vt 30.460 12.483
vt 30.667 12.403
vt 30.785 5.000
vt 31.000 5.333
vt 31.000 5.078
vt 31.000 5.667
vt 31.000 6.000
vt 31.000 6.333
vt 30.792 6.667
vt 31.000 6.667
vt 30.902 6.725
vt 31.000 6.762
vt 30.685 11.000
vt 31.000 10.865
vt 31.000 11.000
vt 31.000 11.333
vt 31.000 11.667
vt 31.000 12.000
vt 30.852 12.333
vt 31.000 12.277
vt 31.333 5.200
vt 31.333 5.333
vt 31.333 5.667
vt 31.333 6.000
vt 31.333 6.333
vt 31.333 6.667
vt 31.333 6.883
vt 31.333 10.718
vt 31.333 11.000
vt 31.045 10.845
vt 31.333 11.333
vt 31.333 11.667
vt 31.333 12.000
vt 31.240 12.185
vt 31.333 12.147
vt 31.667 5.328
vt 31.667 5.333
vt 31.515 5.267
vt 31.667 5.667
vt 31.667 6.000
vt 31.667 6.333
vt 31.667 6.667
vt 31.648 7.000
vt 31.667 7.000
vt 31.667 7.007
vt 31.450 10.667
vt 31.667 10.572
vt 31.667 10.667
vt 31.667 11.000
vt 31.667 11.333
vt 31.667 11.667
vt 31.605 12.000
vt 31.667 11.960
vt 31.393 12.120
vt 31.542 12.042
vt 31.668 5.328
vt 31.677 5.333
vt 32.000 5.667
vt 31.953 5.490
vt 32.000 5.522
vt 31.813 5.403
vt 32.000 6.000
vt 32.000 6.333
vt 32.000 6.667
vt 32.000 7.000
vt 31.813 7.062
vt 32.000 7.127
vt 32.000 10.403
vt 32.000 10.667
vt 31.817 10.505
vt 32.000 11.000
vt 32.000 11.333
vt 32.000 11.667
vt 31.682 11.950
vt 32.000 11.727
vt 32.213 5.667
vt 32.333 6.000
vt 32.333 5.748
vt 32.333 6.333
vt 32.333 6.667
vt 32.333 7.000
vt 32.333 7.243
vt 32.272 9.645
vt 32.333 9.600
vt 32.333 9.667
vt 32.282 9.667
vt 32.333 9.775
vt 32.127 10.333
vt 32.333 10.218
vt 32.333 10.333
vt 32.333 10.667
vt 32.333 11.000
vt 32.333 11.333
vt 32.085 11.667
vt 32.192 11.592
vt 32.333 11.480
vt 32.667 5.988
vt 32.667 6.000
vt 32.655 5.978
vt 32.500 5.862
vt 32.667 6.333
vt 32.667 6.667
vt 32.667 7.000
vt 32.593 7.333
vt 32.667 7.333
vt 32.667 7.358
vt 32.518 8.333
vt 32.667 8.145
vt 32.667 8.333
vt 32.667 8.507
vt 32.667 9.355
vt 32.667 9.667
vt 32.440 10.000
vt 32.667 10.000
vt 32.667 10.333
vt 32.500 10.127
vt 32.667 10.667
vt 32.667 11.000
vt 32.488 11.333
vt 32.607 11.197
vt 32.667 11.113
vt 32.342 11.473
vt 32.482 11.342
vt 32.680 6.000
vt 32.987 6.333
vt 32.928 6.253
vt 32.798 6.108
vt 33.000 6.667
vt 33.000 6.350
vt 33.000 7.000
vt 33.000 7.333
vt 32.873 7.432
vt 33.000 7.667
vt 32.872 7.667
vt 32.872 7.883
vt 33.000 8.000
vt 32.780 8.000
vt 33.000 8.333
vt 32.802 8.667
vt 33.000 8.667
vt 32.902 8.783
vt 33.000 9.000
vt 32.868 9.000
vt 32.833 9.233
vt 33.000 9.333
vt 32.697 9.333
vt 33.000 9.667
vt 33.000 10.000
vt 33.000 10.333
vt 33.000 10.517
vt 32.922 10.667
vt 32.742 11.000
vt 32.815 10.875
vt 32.718 11.042
vt 33.143 6.577
vt 33.185 6.667
vt 33.043 6.410
vt 33.328 7.000
vt 33.225 6.752
vt 33.333 7.333
vt 33.333 7.012
vt 33.333 7.667
vt 33.333 8.000
vt 33.333 8.333
vt 33.333 8.667
vt 33.333 9.000
vt 33.302 9.165
vt 33.280 9.333
vt 33.333 9.063
vt 33.243 9.667
vt 33.273 9.380
vt 33.193 10.000
vt 33.205 9.948
vt 33.233 9.765
vt 33.087 10.333
vt 33.100 10.305
vt 33.162 10.130
vt 33.022 10.475
vt 33.393 7.158
vt 33.457 7.333
vt 33.527 7.667
vt 33.507 7.530
vt 33.458 7.342
vt 33.542 8.000
vt 33.545 7.917
vt 33.535 7.722
vt 33.502 8.333
vt 33.508 8.305
vt 33.537 8.112
vt 33.437 8.667
vt 33.352 9.000
vt 33.378 8.917
vt 33.428 8.717
vt 35.770 4.100
vt 35.838 3.615
vt 35.840 3.137
vt 36.122 0.160
vt 33.795 -1.677
vt 36.153 -0.347
vt 36.077 -0.828
vt 35.637 -1.717
vt 35.892 -1.283
vt 32.022 -1.610
vt 35.812 1.697
vt 24.712 -1.525
vt 25.747 -1.550
vt 23.703 -1.485
vt 18.437 -1.677
vt 19.022 -1.673
vt 17.788 -1.628
vt 16.450 -1.453
vt 17.110 -1.545
vt 13.865 -1.465
vt 14.233 -1.448
vt 13.467 -1.452
vt 13.058 -1.418
vt 14.580 -1.408
vt 11.777 -1.995
vt 11.880 -1.813
vt 11.398 -2.203
vt 11.625 -2.133
vt 10.757 -2.145
vt 11.098 -2.200
vt 11.980 -1.630
vt 8.858 -2.038
vt 9.142 -2.090
vt 8.535 -1.928
vt 7.062 -1.942
vt 7.167 -1.807
vt 6.733 -2.037
vt 6.923 -2.028
vt 6.245 -1.858
vt 6.500 -1.970
vt 7.268 -1.670
vt 5.253 -1.650
vt 5.422 -1.652
vt 5.062 -1.602
vt 4.838 -1.478
vt 4.332 -1.065
vt 4.588 -1.287
vt 3.412 -1.302
vt 3.505 -1.168
vt 3.158 -1.385
vt 3.295 -1.372
vt 2.463 -1.928
vt 2.570 -1.785
vt 2.190 -1.967
vt 2.338 -1.998
vt 1.855 -1.677
vt 2.025 -1.845
vt 2.667 -1.618
vt -2.010 -1.125
vt 21.900 -1.417
vt 27.902 -1.547
vt 35.537 9.730
vt 23.275 18.333
vt 22.323 18.272
vt -3.355 -1.140
vt 0.818 -2.062
vt 1.077 -1.912
vt 0.682 -2.055
vt 0.952 -2.020
vt 1.307 -1.587
vt 0.543 -2.043
vt 1.193 -1.752
vt -0.143 -2.603
vt -0.000 -2.480
vt -0.427 -2.537
vt -0.287 -2.630
vt -0.683 -2.083
vt -0.560 -2.338
vt 0.140 -2.315
vt -1.432 -1.537
vt -1.300 -1.540
vt -1.555 -1.483
vt -1.668 -1.378
vt -2.967 -1.680
vt -2.677 -1.658
vt -3.070 -1.552
vt -2.835 -1.722
vt -2.322 -1.338
vt -3.157 -1.383
vt -2.500 -1.513
vt -3.972 -1.253
vt -3.813 -1.223
vt -4.230 -1.168
vt -4.110 -1.232
vt -6.585 -2.103
vt -5.775 -1.978
vt -6.747 -2.055
vt -6.257 -2.183
vt -6.040 -2.127
vt -6.432 -2.162
vt -7.978 -2.063
vt -7.628 -2.167
vt -8.088 -1.927
vt -7.827 -2.148
vt -8.188 -1.778
vt -7.157 -2.080
vt -8.317 -1.665
vt -9.808 -2.003
vt -10.568 -1.962
vt -10.115 -2.050
vt -10.363 -2.030
vt -10.762 -1.878
vt -9.098 -1.772
vt -10.978 -1.815
vt -12.178 -1.795
vt -11.872 -1.807
vt -12.767 -1.463
vt -12.622 -1.617
vt -12.432 -1.733
vt -12.910 -1.307
vt -18.398 18.323
vt -16.927 -1.440
vt -17.923 18.372
vt -16.432 -1.442
vt -15.928 -1.428
vt -15.395 -1.380
vt -23.985 -1.602
vt -24.580 18.515
vt -24.788 -1.557
vt -21.368 18.525
vt -22.598 -1.728
vt -20.518 18.452
vt -23.798 18.558
vt -32.408 -1.730
vt -35.795 -0.260
vt -33.978 -1.732
vt -35.563 -1.197
vt -35.643 -0.718
vt -35.545 -1.692
vt -36.337 1.598
vt -36.190 0.642
vt -36.235 2.107
vt -36.318 1.110
vt -36.045 2.625
vt -35.380 6.015
vt -35.423 5.545
vt -35.277 6.485
vt -35.130 6.953
vt -35.427 5.078
vt -35.433 10.190
vt -35.317 9.722
vt -35.368 11.117
vt -35.453 10.657
vt -35.035 12.015
vt -35.210 11.568
vt -35.147 9.253
vt -34.882 14.327
vt -34.860 13.855
vt -34.768 15.248
vt -34.855 14.793
vt -33.723 18.323
vt -35.030 18.213
vt -34.775 17.652
vt -29.815 18.455
vt -31.092 18.435
vt -28.577 18.453
vt -34.828 12.918
vt -20.330 -1.692
vt -19.708 18.375
vt -18.747 -1.530
vt -19.518 -1.612
vt -18.055 -1.470
vt -18.993 18.327
vt -16.780 18.617
vt -17.167 18.547
vt -16.343 18.645
vt -15.858 18.632
vt -14.867 18.552
vt -15.352 18.592
vt -13.390 18.607
vt -13.725 18.582
vt -13.012 18.592
vt -12.570 18.512
vt -11.538 18.187
vt -12.067 18.370
vt -14.060 18.548
vt -9.385 17.968
vt -9.588 17.922
vt -9.148 17.973
vt -8.887 17.947
vt -9.773 17.855
vt -7.893 18.345
vt -8.002 18.213
vt -7.530 18.417
vt -7.742 18.423
vt -6.968 18.193
vt -7.262 18.330
vt -8.098 18.072
vt -5.902 18.253
vt -6.010 18.142
vt -5.612 18.355
vt -5.770 18.328
vt -4.527 19.262
vt -4.808 19.133
vt -4.322 19.167
vt -4.692 19.253
vt -4.950 18.713
vt -4.097 19.003
vt -4.888 18.935
vt -3.040 18.598
vt -3.193 18.620
vt -2.873 18.518
vt -2.692 18.382
vt -3.340 18.615
vt -1.478 18.528
vt -1.742 18.473
vt -1.327 18.413
vt -1.618 18.552
vt -1.953 18.155
vt -1.173 18.248
vt -1.852 18.323
vt -0.377 17.930
vt -0.505 17.957
vt -0.248 17.837
vt -0.122 17.685
vt -0.630 17.945
vt 0.773 18.165
vt 1.333 18.460
vt 0.920 18.350
vt 1.063 18.447
vt 1.200 18.470
vt 2.370 18.808
vt 2.092 18.848
vt 2.480 18.662
vt 2.240 18.875
vt 2.578 18.487
vt 1.768 18.622
vt 2.682 18.342
vt 3.542 18.768
vt 4.032 18.833
vt 3.728 18.860
vt 3.890 18.875
vt 4.167 18.777
vt 3.140 18.448
vt 4.313 18.747
vt 5.057 18.935
vt 4.873 18.903
vt 5.298 18.730
vt 5.202 18.882
vt 5.383 18.248
vt 5.350 18.503
vt 4.675 18.832
vt 6.588 17.920
vt 6.242 17.945
vt 6.738 17.867
vt 6.428 17.955
vt 8.318 18.335
vt 8.007 18.222
vt 9.028 18.100
vt 8.770 18.333
vt 8.577 18.375
vt 8.910 18.228
vt 10.658 18.185
vt 10.972 18.213
vt 11.258 18.207
vt 15.960 18.698
vt 14.423 18.813
vt 14.907 18.868
vt 15.645 18.787
vt 15.308 18.855
vt 19.735 18.388
vt 19.267 18.470
vt 18.780 18.530
vt 26.367 18.455
vt 27.368 18.430
vt 30.642 18.290
vt 29.448 18.330
vt 35.122 18.238
vt 33.542 18.268
vt 35.103 17.740
vt 35.023 17.228
vt 25.342 18.443
vt 35.243 11.107
vt 35.287 10.647
vt 35.778 8.802
vt 35.780 8.333
vt 35.683 7.867
vt 35.350 6.945
vt 35.520 7.403
vt 35.807 2.662
vt 35.785 2.185
vt 36.018 0.677
vt 22.753 -1.442
vt 19.543 -1.625
vt 12.675 -1.393
vt 10.412 -2.078
vt 9.382 -2.087
vt 8.195 -1.787
vt 5.997 -1.747
vt 5.588 -1.645
vt 4.097 -0.867
vt 3.017 -1.380
vt 3.582 -0.997
vt 35.390 10.188
vt -0.800 -1.835
vt 0.408 -2.070
vt -0.917 -1.650
vt -1.167 -1.530
vt -2.155 -1.192
vt -3.247 -1.232
vt -3.647 -1.167
vt -5.477 -1.752
vt -7.397 -2.133
vt -11.547 -1.793
vt -17.455 -1.442
vt -25.418 18.475
vt -25.735 -1.545
vt -34.888 7.877
vt -26.843 -1.570
vt -35.995 0.188
vt -35.818 3.140
vt -34.887 8.333
vt -34.648 15.698
vt -34.590 17.118
vt -34.545 16.150
vt -21.133 -1.747
vt -21.893 -1.760
vt -17.532 18.455
vt -14.435 18.535
vt -11.030 18.005
vt -6.683 18.058
vt -8.223 17.962
vt -5.438 18.348
vt -5.023 18.522
vt -3.873 18.832
vt -2.062 18.033
vt -1.025 18.088
vt 0.000 17.520
vt -0.757 17.938
vt 0.628 17.917
vt 1.613 18.517
vt 1.468 18.463
vt 1.930 18.748
vt 6.033 17.897
vt 9.170 17.997
vt 11.545 18.193
vt 13.873 18.693
vt 28.377 18.382
vt 34.872 16.705
vt 34.348 15.165
vt 32.002 18.270
vt 35.233 6.487
vt 35.898 1.193
vt 30.462 -1.565
vt 26.800 -1.553
vt 20.038 -1.548
vt 3.657 -0.833
vt 3.902 -0.747
vt 21.170 -1.427
vt 0.275 -2.163
vt -1.777 -1.252
vt -4.347 -1.097
vt -5.172 -1.497
vt -9.458 -1.900
vt -11.240 -1.787
vt -34.983 7.417
vt -28.102 -1.618
vt -35.620 3.643
vt -35.488 4.133
vt -29.470 -1.670
vt -35.433 4.608
vt -34.983 8.792
vt -34.513 16.620
vt -27.412 18.447
vt -34.897 12.463
vt -8.627 17.913
vt -6.118 18.030
vt -2.510 18.215
vt 3.342 18.617
vt 4.483 18.768
vt 6.902 17.833
vt 9.368 17.950
vt 10.315 18.122
vt 16.303 18.620
vt 13.298 18.537
vt 18.258 18.558
vt 34.672 16.178
vt 15.857 -1.383
vt 14.940 -1.368
vt 7.873 -1.655
vt 2.883 -1.402
vt 2.768 -1.482
vt 35.233 12.037
vt 21.490 18.240
vt 2.805 18.278
vt -3.490 -1.125
vt -1.887 -1.152
vt -6.935 -2.045
vt -13.103 -1.187
vt -30.912 -1.710
vt -32.388 18.390
vt -26.355 18.450
vt -9.977 17.800
vt -5.270 18.350
vt -3.495 18.628
vt 0.118 17.397
vt 0.488 17.662
vt 5.427 18.022
vt 7.108 17.852
vt 7.368 17.937
vt 9.963 18.038
vt 16.708 18.572
vt 20.227 18.308
vt 10.098 -2.032
vt 9.602 -2.053
vt 5.777 -1.672
vt 1.695 -1.527
vt 35.240 11.572
vt 24.298 18.398
vt 0.358 17.463
vt -1.038 -1.553
vt -4.483 -1.065
vt -8.770 -1.667
vt -34.827 13.383
vt -23.022 18.583
vt -22.213 18.573
vt -10.238 17.797
vt -13.393 -1.132
vt -8.398 17.910
vt -6.440 17.972
vt -2.338 18.072
vt -3.670 18.698
vt -0.887 17.980
vt 5.508 17.873
vt 7.678 18.073
vt 11.870 18.205
vt 12.267 18.267
vt 12.748 18.383
vt 17.715 18.560
vt 34.477 15.662
vt 29.102 -1.545
vt 15.355 -1.355
vt 9.830 -2.027
vt 7.605 -1.577
vt 34.330 14.697
vt -4.893 -1.270
vt -23.277 -1.667
vt -4.662 -1.118
vt -8.505 -1.625
vt -5.128 18.398
vt -6.253 17.963
vt -2.188 18.002
vt 17.185 18.558
vt 20.562 -1.475
vt 12.128 -1.488
vt 7.405 -1.583
vt 0.237 17.370
vt 2.958 18.320
vt 35.683 9.268
vt 3.758 -0.738
vt -13.792 -1.145
vt -14.287 -1.213
vt 5.642 17.817
vt 20.797 18.253
vt -14.837 -1.302
vt 5.825 17.838
vt 12.358 -1.408
vt 35.632 4.588
vt 35.457 5.075
vt 34.432 14.250
vt -10.588 17.867
vt 35.298 5.555
vt 1.422 -1.472
vt 1.550 -1.448
vt 9.637 17.970
vt 35.213 6.025
vt 34.622 13.817
vt 34.848 13.387
vt 35.047 12.947
vt 35.178 12.497
f 1/1/1 2/2/1 3/3/1
f 4/4/1 5/5/1 3/3/1
f 1/1/1 3/3/1 5/5/1
f 4/4/1 3/3/1 6/6/1
f 7/7/1 6/6/1 8/8/1
f 8/8/1 9/9/1 7/7/1
f 8/8/1 6/6/1 3/3/1
f 9/9/1 8/8/1 10/10/1
f 11/11/1 10/10/1 12/12/1
f 12/12/1 10/10/1 8/8/1
f 11/11/1 12/12/1 13/13/1
f 14/14/1 13/13/1 12/12/1
f 15/15/1 16/16/1 14/14/1
f 15/15/1 14/14/1 12/12/1
f 16/16/1 15/15/1 17/17/1
f 18/18/1 17/17/1 19/19/1
f 15/15/1 19/19/1 17/17/1
f 18/18/1 19/19/1 20/20/1
f 21/21/1 20/20/1 22/22/1
f 19/19/1 22/22/1 20/20/1
f 23/23/1 21/21/1 22/22/1
f 24/24/1 25/25/1 22/22/1
f 23/23/1 22/22/1 25/25/1
f 26/26/1 27/27/1 28/28/1
f 26/26/1 28/28/1 29/29/1
f 30/30/1 29/29/1 31/31/1
f 31/31/1 32/32/1 30/30/1
f 31/31/1 29/29/1 28/28/1
f 31/31/1 33/33/1 2/2/1
f 2/2/1 32/32/1 31/31/1
f 3/3/1 2/2/1 33/33/1
f 34/34/1 8/8/1 3/3/1
f 3/3/1 33/33/1 34/34/1
f 35/35/1 12/12/1 8/8/1
f 8/8/1 34/34/1 35/35/1
f 36/36/1 15/15/1 12/12/1
f 12/12/1 35/35/1 36/36/1
f 37/37/1 19/19/1 15/15/1
f 15/15/1 36/36/1 37/37/1
f 38/38/1 22/22/1 19/19/1
f 19/19/1 37/37/1 38/38/1
f 22/22/1 38/38/1 24/24/1
f 39/39/1 24/24/1 40/40/1
f 38/38/1 40/40/1 24/24/1
f 39/39/1 40/40/1 41/41/1
f 42/42/1 41/41/1 40/40/1
f 43/43/1 44/44/1 42/42/1
f 43/43/1 42/42/1 40/40/1
f 45/45/1 44/44/1 43/43/1
f 43/43/1 46/46/1 45/45/1
f 47/47/1 48/48/1 49/49/1
f 50/50/1 51/51/1 49/49/1
f 47/47/1 49/49/1 51/51/1
f 50/50/1 49/49/1 52/52/1
f 53/53/1 52/52/1 54/54/1
f 54/54/1 55/55/1 53/53/1
f 54/54/1 52/52/1 49/49/1
f 55/55/1 54/54/1 56/56/1
f 57/57/1 56/56/1 58/58/1
f 58/58/1 56/56/1 54/54/1
f 57/57/1 58/58/1 59/59/1
f 60/60/1 59/59/1 58/58/1
f 61/61/1 62/62/1 60/60/1
f 61/61/1 60/60/1 58/58/1
f 62/62/1 61/61/1 63/63/1
f 64/64/1 63/63/1 61/61/1
f 65/65/1 66/66/1 64/64/1
f 65/65/1 64/64/1 61/61/1
f 67/67/1 66/66/1 65/65/1
f 68/68/1 69/69/1 70/70/1
f 70/70/1 71/71/1 68/68/1
f 70/70/1 72/72/1 71/71/1
f 27/27/1 71/71/1 72/72/1
f 28/28/1 27/27/1 72/72/1
f 73/73/1 31/31/1 28/28/1
f 28/28/1 72/72/1 73/73/1
f 74/74/1 33/33/1 31/31/1
f 31/31/1 73/73/1 74/74/1
f 75/75/1 34/34/1 33/33/1
f 33/33/1 74/74/1 75/75/1
f 76/76/1 35/35/1 34/34/1
f 34/34/1 75/75/1 76/76/1
f 77/77/1 36/36/1 35/35/1
f 35/35/1 76/76/1 77/77/1
f 37/37/1 36/36/1 78/78/1
f 78/78/1 79/79/1 37/37/1
f 77/77/1 78/78/1 36/36/1
f 80/80/1 38/38/1 81/81/1
f 81/81/1 82/82/1 80/80/1
f 37/37/1 79/79/1 81/81/1
f 37/37/1 81/81/1 38/38/1
f 83/83/1 40/40/1 38/38/1
f 38/38/1 80/80/1 83/83/1
f 84/84/1 43/43/1 40/40/1
f 40/40/1 83/83/1 84/84/1
f 43/43/1 84/84/1 85/85/1
f 85/85/1 46/46/1 43/43/1
f 86/86/1 87/87/1 88/88/1
f 84/84/1 88/88/1 87/87/1
f 87/87/1 85/85/1 84/84/1
f 89/89/1 86/86/1 88/88/1
f 88/88/1 90/90/1 89/89/1
f 91/91/1 92/92/1 93/93/1
f 93/93/1 94/94/1 91/91/1
f 94/94/1 93/93/1 95/95/1
f 96/96/1 97/97/1 95/95/1
f 94/94/1 95/95/1 97/97/1
f 95/95/1 98/98/1 48/48/1
f 48/48/1 96/96/1 95/95/1
f 49/49/1 48/48/1 98/98/1
f 99/99/1 54/54/1 49/49/1
f 49/49/1 98/98/1 99/99/1
f 100/100/1 58/58/1 54/54/1
f 54/54/1 99/99/1 100/100/1
f 101/101/1 61/61/1 58/58/1
f 58/58/1 100/100/1 101/101/1
f 102/102/1 65/65/1 61/61/1
f 61/61/1 101/101/1 102/102/1
f 65/65/1 102/102/1 67/67/1
f 103/103/1 67/67/1 102/102/1
f 104/104/1 103/103/1 102/102/1
f 103/103/1 104/104/1 105/105/1
f 106/106/1 105/105/1 104/104/1
f 107/107/1 108/108/1 106/106/1
f 107/107/1 106/106/1 104/104/1
f 109/109/1 108/108/1 107/107/1
f 107/107/1 110/110/1 109/109/1
f 111/111/1 112/112/1 113/113/1
f 113/113/1 114/114/1 111/111/1
f 113/113/1 115/115/1 116/116/1
f 116/116/1 114/114/1 113/113/1
f 69/69/1 117/117/1 70/70/1
f 115/115/1 70/70/1 117/117/1
f 117/117/1 116/116/1 115/115/1
f 118/118/1 72/72/1 70/70/1
f 70/70/1 115/115/1 118/118/1
f 119/119/1 73/73/1 72/72/1
f 72/72/1 118/118/1 119/119/1
f 120/120/1 74/74/1 73/73/1
f 73/73/1 119/119/1 120/120/1
f 121/121/1 75/75/1 74/74/1
f 74/74/1 120/120/1 121/121/1
f 76/76/1 75/75/1 122/122/1
f 123/123/1 122/122/1 75/75/1
f 121/121/1 123/123/1 75/75/1
f 124/124/1 77/77/1 125/125/1
f 76/76/1 122/122/1 125/125/1
f 76/76/1 125/125/1 77/77/1
f 124/124/1 78/78/1 77/77/1
f 82/82/1 126/126/1 80/80/1
f 127/127/1 83/83/1 126/126/1
f 126/126/1 128/128/1 127/127/1
f 80/80/1 126/126/1 83/83/1
f 129/129/1 84/84/1 83/83/1
f 83/83/1 127/127/1 129/129/1
f 130/130/1 88/88/1 84/84/1
f 84/84/1 129/129/1 130/130/1
f 88/88/1 130/130/1 90/90/1
f 131/131/1 90/90/1 130/130/1
f 132/132/1 131/131/1 130/130/1
f 133/133/1 131/131/1 132/132/1
f 134/134/1 135/135/1 136/136/1
f 137/137/1 138/138/1 136/136/1
f 136/136/1 139/139/1 137/137/1
f 134/134/1 136/136/1 138/138/1
f 136/136/1 140/140/1 92/92/1
f 92/92/1 139/139/1 136/136/1
f 93/93/1 92/92/1 140/140/1
f 141/141/1 95/95/1 93/93/1
f 93/93/1 140/140/1 141/141/1
f 142/142/1 98/98/1 95/95/1
f 95/95/1 141/141/1 142/142/1
f 99/99/1 98/98/1 143/143/1
f 143/143/1 144/144/1 99/99/1
f 142/142/1 145/145/1 98/98/1
f 143/143/1 98/98/1 145/145/1
f 146/146/1 100/100/1 144/144/1
f 99/99/1 144/144/1 100/100/1
f 147/147/1 101/101/1 148/148/1
f 149/149/1 148/148/1 101/101/1
f 100/100/1 146/146/1 149/149/1
f 100/100/1 149/149/1 101/101/1
f 150/150/1 102/102/1 101/101/1
f 101/101/1 147/147/1 150/150/1
f 151/151/1 104/104/1 102/102/1
f 102/102/1 150/150/1 151/151/1
f 152/152/1 107/107/1 104/104/1
f 104/104/1 151/151/1 152/152/1
f 107/107/1 152/152/1 110/110/1
f 153/153/1 110/110/1 152/152/1
f 154/154/1 155/155/1 153/153/1
f 154/154/1 153/153/1 152/152/1
f 156/156/1 155/155/1 154/154/1
f 154/154/1 157/157/1 156/156/1
f 158/158/1 159/159/1 112/112/1
f 113/113/1 112/112/1 159/159/1
f 160/160/1 115/115/1 113/113/1
f 113/113/1 159/159/1 160/160/1
f 161/161/1 118/118/1 115/115/1
f 115/115/1 160/160/1 161/161/1
f 162/162/1 119/119/1 118/118/1
f 118/118/1 161/161/1 162/162/1
f 163/163/1 120/120/1 119/119/1
f 119/119/1 162/162/1 163/163/1
f 121/121/1 120/120/1 164/164/1
f 165/165/1 164/164/1 120/120/1
f 163/163/1 165/165/1 120/120/1
f 166/166/1 123/123/1 121/121/1
f 121/121/1 164/164/1 166/166/1
f 167/167/1 168/168/1 169/169/1
f 127/127/1 128/128/1 169/169/1
f 127/127/1 169/169/1 168/168/1
f 170/170/1 129/129/1 127/127/1
f 127/127/1 168/168/1 170/170/1
f 171/171/1 130/130/1 129/129/1
f 129/129/1 170/170/1 171/171/1
f 172/172/1 132/132/1 130/130/1
f 130/130/1 171/171/1 172/172/1
f 133/133/1 132/132/1 173/173/1
f 174/174/1 173/173/1 172/172/1
f 172/172/1 175/175/1 174/174/1
f 172/172/1 173/173/1 132/132/1
f 176/176/1 177/177/1 178/178/1
f 179/179/1 180/180/1 178/178/1
f 176/176/1 178/178/1 180/180/1
f 178/178/1 181/181/1 179/179/1
f 135/135/1 179/179/1 136/136/1
f 181/181/1 136/136/1 179/179/1
f 182/182/1 140/140/1 136/136/1
f 136/136/1 181/181/1 182/182/1
f 183/183/1 141/141/1 140/140/1
f 140/140/1 182/182/1 183/183/1
f 184/184/1 142/142/1 141/141/1
f 183/183/1 185/185/1 186/186/1
f 186/186/1 184/184/1 141/141/1
f 141/141/1 183/183/1 186/186/1
f 184/184/1 145/145/1 142/142/1
f 148/148/1 187/187/1 147/147/1
f 188/188/1 150/150/1 189/189/1
f 187/187/1 189/189/1 150/150/1
f 147/147/1 187/187/1 150/150/1
f 190/190/1 151/151/1 150/150/1
f 150/150/1 188/188/1 190/190/1
f 191/191/1 152/152/1 151/151/1
f 151/151/1 190/190/1 191/191/1
f 192/192/1 154/154/1 152/152/1
f 152/152/1 191/191/1 192/192/1
f 154/154/1 192/192/1 157/157/1
f 193/193/1 157/157/1 192/192/1
f 194/194/1 193/193/1 192/192/1
f 195/195/1 193/193/1 194/194/1
f 196/196/1 197/197/1 198/198/1
f 198/198/1 199/199/1 196/196/1
f 158/158/1 196/196/1 159/159/1
f 199/199/1 159/159/1 196/196/1
f 200/200/1 160/160/1 159/159/1
f 159/159/1 199/199/1 200/200/1
f 201/201/1 161/161/1 160/160/1
f 160/160/1 200/200/1 201/201/1
f 202/202/1 162/162/1 161/161/1
f 161/161/1 201/201/1 202/202/1
f 163/163/1 162/162/1 203/203/1
f 204/204/1 203/203/1 162/162/1
f 202/202/1 205/205/1 204/204/1
f 202/202/1 204/204/1 162/162/1
f 203/203/1 165/165/1 163/163/1
f 167/167/1 206/206/1 168/168/1
f 207/207/1 170/170/1 206/206/1
f 206/206/1 208/208/1 207/207/1
f 168/168/1 206/206/1 170/170/1
f 209/209/1 171/171/1 170/170/1
f 170/170/1 207/207/1 209/209/1
f 210/210/1 172/172/1 171/171/1
f 171/171/1 209/209/1 210/210/1
f 172/172/1 210/210/1 211/211/1
f 211/211/1 175/175/1 172/172/1
f 212/212/1 213/213/1 210/210/1
f 211/211/1 210/210/1 213/213/1
f 214/214/1 213/213/1 212/212/1
f 215/215/1 216/216/1 217/217/1
f 217/217/1 218/218/1 215/215/1
f 219/219/1 215/215/1 218/218/1
f 178/178/1 177/177/1 219/219/1
f 178/178/1 219/219/1 218/218/1
f 220/220/1 181/181/1 178/178/1
f 178/178/1 218/218/1 220/220/1
f 221/221/1 182/182/1 181/181/1
f 181/181/1 220/220/1 221/221/1
f 183/183/1 182/182/1 222/222/1
f 223/223/1 222/222/1 221/221/1
f 182/182/1 221/221/1 222/222/1
f 222/222/1 185/185/1 183/183/1
f 224/224/1 225/225/1 188/188/1
f 188/188/1 189/189/1 224/224/1
f 226/226/1 190/190/1 225/225/1
f 225/225/1 227/227/1 226/226/1
f 188/188/1 225/225/1 190/190/1
f 228/228/1 191/191/1 190/190/1
f 190/190/1 226/226/1 228/228/1
f 229/229/1 192/192/1 191/191/1
f 191/191/1 228/228/1 229/229/1
f 230/230/1 194/194/1 192/192/1
f 192/192/1 229/229/1 230/230/1
f 194/194/1 230/230/1 231/231/1
f 231/231/1 195/195/1 194/194/1
f 232/232/1 233/233/1 234/234/1
f 230/230/1 234/234/1 233/233/1
f 233/233/1 231/231/1 230/230/1
f 235/235/1 232/232/1 234/234/1
f 236/236/1 237/237/1 238/238/1
f 238/238/1 239/239/1 236/236/1
f 235/235/1 234/234/1 238/238/1
f 235/235/1 238/238/1 237/237/1
f 238/238/1 240/240/1 239/239/1
f 241/241/1 239/239/1 240/240/1
f 197/197/1 242/242/1 198/198/1
f 240/240/1 198/198/1 241/241/1
f 242/242/1 241/241/1 198/198/1
f 243/243/1 199/199/1 198/198/1
f 198/198/1 240/240/1 243/243/1
f 244/244/1 200/200/1 199/199/1
f 199/199/1 243/243/1 244/244/1
f 245/245/1 201/201/1 200/200/1
f 200/200/1 244/244/1 245/245/1
f 202/202/1 201/201/1 246/246/1
f 247/247/1 246/246/1 245/245/1
f 201/201/1 245/245/1 246/246/1
f 246/246/1 205/205/1 202/202/1
f 248/248/1 249/249/1 207/207/1
f 208/208/1 250/250/1 207/207/1
f 248/248/1 207/207/1 250/250/1
f 251/251/1 209/209/1 207/207/1
f 207/207/1 249/249/1 251/251/1
f 252/252/1 210/210/1 209/209/1
f 209/209/1 251/251/1 252/252/1
f 253/253/1 212/212/1 210/210/1
f 210/210/1 252/252/1 253/253/1
f 214/214/1 212/212/1 253/253/1
f 253/253/1 254/254/1 214/214/1
f 255/255/1 256/256/1 216/216/1
f 217/217/1 216/216/1 256/256/1
f 257/257/1 218/218/1 217/217/1
f 217/217/1 256/256/1 257/257/1
f 258/258/1 220/220/1 218/218/1
f 218/218/1 257/257/1 258/258/1
f 259/259/1 221/221/1 220/220/1
f 220/220/1 258/258/1 259/259/1
f 223/223/1 221/221/1 260/260/1
f 259/259/1 260/260/1 221/221/1
f 261/261/1 262/262/1 226/226/1
f 226/226/1 227/227/1 261/261/1
f 263/263/1 228/228/1 226/226/1
f 226/226/1 262/262/1 263/263/1
f 264/264/1 229/229/1 228/228/1
f 228/228/1 263/263/1 264/264/1
f 265/265/1 230/230/1 229/229/1
f 229/229/1 264/264/1 265/265/1
f 266/266/1 234/234/1 230/230/1
f 230/230/1 265/265/1 266/266/1
f 267/267/1 238/238/1 234/234/1
f 234/234/1 266/266/1 267/267/1
f 268/268/1 240/240/1 238/238/1
f 238/238/1 267/267/1 268/268/1
f 269/269/1 243/243/1 240/240/1
f 240/240/1 268/268/1 269/269/1
f 270/270/1 244/244/1 243/243/1
f 243/243/1 269/269/1 270/270/1
f 271/271/1 245/245/1 244/244/1
f 244/244/1 270/270/1 271/271/1
f 247/247/1 245/245/1 272/272/1
f 271/271/1 273/273/1 272/272/1
f 271/271/1 272/272/1 245/245/1
f 248/248/1 274/274/1 249/249/1
f 275/275/1 276/276/1 277/277/1
f 249/249/1 274/274/1 251/251/1
f 251/251/1 277/277/1 276/276/1
f 277/277/1 251/251/1 274/274/1
f 278/278/1 252/252/1 251/251/1
f 251/251/1 276/276/1 278/278/1
f 279/279/1 253/253/1 252/252/1
f 252/252/1 278/278/1 279/279/1
f 253/253/1 279/279/1 280/280/1
f 280/280/1 254/254/1 253/253/1
f 281/281/1 282/282/1 279/279/1
f 280/280/1 279/279/1 282/282/1
f 283/283/1 282/282/1 281/281/1
f 281/281/1 284/284/1 283/283/1
f 285/285/1 286/286/1 287/287/1
f 288/288/1 289/289/1 287/287/1
f 285/285/1 287/287/1 289/289/1
f 287/287/1 290/290/1 288/288/1
f 291/291/1 288/288/1 290/290/1
f 256/256/1 255/255/1 291/291/1
f 256/256/1 291/291/1 290/290/1
f 292/292/1 257/257/1 256/256/1
f 256/256/1 290/290/1 292/292/1
f 293/293/1 258/258/1 257/257/1
f 257/257/1 292/292/1 293/293/1
f 294/294/1 259/259/1 258/258/1
f 258/258/1 293/293/1 294/294/1
f 260/260/1 259/259/1 295/295/1
f 296/296/1 295/295/1 294/294/1
f 259/259/1 294/294/1 295/295/1
f 261/261/1 297/297/1 262/262/1
f 298/298/1 263/263/1 299/299/1
f 297/297/1 299/299/1 263/263/1
f 262/262/1 297/297/1 263/263/1
f 300/300/1 264/264/1 263/263/1
f 263/263/1 298/298/1 300/300/1
f 301/301/1 265/265/1 264/264/1
f 264/264/1 300/300/1 301/301/1
f 266/266/1 265/265/1 302/302/1
f 302/302/1 303/303/1 266/266/1
f 301/301/1 304/304/1 302/302/1
f 301/301/1 302/302/1 265/265/1
f 305/305/1 306/306/1 267/267/1
f 266/266/1 303/303/1 267/267/1
f 305/305/1 267/267/1 303/303/1
f 307/307/1 268/268/1 308/308/1
f 306/306/1 308/308/1 268/268/1
f 267/267/1 306/306/1 268/268/1
f 309/309/1 269/269/1 268/268/1
f 268/268/1 307/307/1 309/309/1
f 310/310/1 270/270/1 269/269/1
f 269/269/1 309/309/1 310/310/1
f 271/271/1 270/270/1 311/311/1
f 312/312/1 311/311/1 270/270/1
f 310/310/1 312/312/1 270/270/1
f 311/311/1 273/273/1 271/271/1
f 275/275/1 313/313/1 276/276/1
f 314/314/1 278/278/1 315/315/1
f 313/313/1 315/315/1 278/278/1
f 276/276/1 313/313/1 278/278/1
f 316/316/1 279/279/1 278/278/1
f 278/278/1 314/314/1 316/316/1
f 317/317/1 281/281/1 279/279/1
f 279/279/1 316/316/1 317/317/1
f 281/281/1 317/317/1 318/318/1
f 318/318/1 284/284/1 281/281/1
f 319/319/1 320/320/1 317/317/1
f 318/318/1 317/317/1 320/320/1
f 321/321/1 320/320/1 319/319/1
f 322/322/1 323/323/1 319/319/1
f 321/321/1 319/319/1 323/323/1
f 324/324/1 325/325/1 286/286/1
f 287/287/1 286/286/1 325/325/1
f 326/326/1 290/290/1 287/287/1
f 287/287/1 325/325/1 326/326/1
f 327/327/1 292/292/1 290/290/1
f 290/290/1 326/326/1 327/327/1
f 328/328/1 293/293/1 292/292/1
f 292/292/1 327/327/1 328/328/1
f 294/294/1 293/293/1 329/329/1
f 330/330/1 329/329/1 328/328/1
f 293/293/1 328/328/1 329/329/1
f 329/329/1 296/296/1 294/294/1
f 331/331/1 332/332/1 298/298/1
f 298/298/1 299/299/1 331/331/1
f 333/333/1 334/334/1 300/300/1
f 298/298/1 332/332/1 333/333/1
f 333/333/1 300/300/1 298/298/1
f 335/335/1 301/301/1 336/336/1
f 334/334/1 336/336/1 301/301/1
f 300/300/1 334/334/1 301/301/1
f 304/304/1 301/301/1 337/337/1
f 335/335/1 337/337/1 301/301/1
f 308/308/1 338/338/1 307/307/1
f 339/339/1 309/309/1 340/340/1
f 338/338/1 340/340/1 307/307/1
f 309/309/1 307/307/1 340/340/1
f 341/341/1 310/310/1 309/309/1
f 309/309/1 339/339/1 341/341/1
f 312/312/1 310/310/1 342/342/1
f 341/341/1 342/342/1 310/310/1
f 314/314/1 315/315/1 343/343/1
f 344/344/1 345/345/1 314/314/1
f 314/314/1 343/343/1 344/344/1
f 346/346/1 316/316/1 314/314/1
f 314/314/1 345/345/1 346/346/1
f 347/347/1 317/317/1 348/348/1
f 348/348/1 349/349/1 347/347/1
f 316/316/1 346/346/1 348/348/1
f 316/316/1 348/348/1 317/317/1
f 350/350/1 319/319/1 317/317/1
f 317/317/1 347/347/1 350/350/1
f 319/319/1 350/350/1 322/322/1
f 351/351/1 322/322/1 352/352/1
f 350/350/1 352/352/1 322/322/1
f 351/351/1 352/352/1 353/353/1
f 354/354/1 353/353/1 352/352/1
f 355/355/1 353/353/1 354/354/1
f 354/354/1 356/356/1 355/355/1
f 357/357/1 358/358/1 324/324/1
f 325/325/1 324/324/1 358/358/1
f 359/359/1 326/326/1 325/325/1
f 325/325/1 358/358/1 359/359/1
f 360/360/1 327/327/1 326/326/1
f 326/326/1 359/359/1 360/360/1
f 361/361/1 328/328/1 327/327/1
f 327/327/1 360/360/1 361/361/1
f 330/330/1 328/328/1 362/362/1
f 363/363/1 362/362/1 361/361/1
f 328/328/1 361/361/1 362/362/1
f 364/364/1 365/365/1 336/336/1
f 335/335/1 336/336/1 365/365/1
f 365/365/1 337/337/1 335/335/1
f 340/340/1 366/366/1 339/339/1
f 367/367/1 341/341/1 368/368/1
f 339/339/1 366/366/1 368/368/1
f 339/339/1 368/368/1 341/341/1
f 369/369/1 342/342/1 341/341/1
f 341/341/1 367/367/1 369/369/1
f 343/343/1 370/370/1 344/344/1
f 349/349/1 371/371/1 347/347/1
f 372/372/1 350/350/1 371/371/1
f 371/371/1 373/373/1 372/372/1
f 347/347/1 371/371/1 350/350/1
f 374/374/1 352/352/1 350/350/1
f 350/350/1 372/372/1 374/374/1
f 375/375/1 354/354/1 352/352/1
f 352/352/1 374/374/1 375/375/1
f 354/354/1 375/375/1 376/376/1
f 376/376/1 356/356/1 354/354/1
f 377/377/1 378/378/1 379/379/1
f 375/375/1 379/379/1 378/378/1
f 378/378/1 376/376/1 375/375/1
f 380/380/1 377/377/1 379/379/1
f 381/381/1 382/382/1 383/383/1
f 383/383/1 384/384/1 381/381/1
f 385/385/1 381/381/1 358/358/1
f 358/358/1 357/357/1 385/385/1
f 384/384/1 358/358/1 381/381/1
f 386/386/1 359/359/1 358/358/1
f 358/358/1 384/384/1 386/386/1
f 387/387/1 360/360/1 359/359/1
f 359/359/1 386/386/1 387/387/1
f 388/388/1 361/361/1 360/360/1
f 360/360/1 387/387/1 388/388/1
f 363/363/1 361/361/1 389/389/1
f 388/388/1 389/389/1 361/361/1
f 390/390/1 391/391/1 372/372/1
f 372/372/1 373/373/1 390/390/1
f 392/392/1 374/374/1 372/372/1
f 372/372/1 391/391/1 392/392/1
f 393/393/1 375/375/1 374/374/1
f 374/374/1 392/392/1 393/393/1
f 394/394/1 379/379/1 375/375/1
f 375/375/1 393/393/1 394/394/1
f 380/380/1 379/379/1 395/395/1
f 396/396/1 395/395/1 394/394/1
f 394/394/1 395/395/1 379/379/1
f 397/397/1 398/398/1 399/399/1
f 399/399/1 400/400/1 401/401/1
f 401/401/1 397/397/1 399/399/1
f 383/383/1 382/382/1 402/402/1
f 401/401/1 400/400/1 402/402/1
f 383/383/1 402/402/1 400/400/1
f 403/403/1 384/384/1 383/383/1
f 383/383/1 400/400/1 403/403/1
f 404/404/1 386/386/1 384/384/1
f 384/384/1 403/403/1 404/404/1
f 405/405/1 387/387/1 386/386/1
f 386/386/1 404/404/1 405/405/1
f 388/388/1 387/387/1 406/406/1
f 407/407/1 406/406/1 387/387/1
f 405/405/1 408/408/1 407/407/1
f 405/405/1 407/407/1 387/387/1
f 406/406/1 389/389/1 388/388/1
f 409/409/1 410/410/1 391/391/1
f 391/391/1 390/390/1 409/409/1
f 411/411/1 392/392/1 410/410/1
f 391/391/1 410/410/1 392/392/1
f 412/412/1 393/393/1 413/413/1
f 411/411/1 413/413/1 392/392/1
f 393/393/1 392/392/1 413/413/1
f 414/414/1 394/394/1 393/393/1
f 393/393/1 412/412/1 414/414/1
f 394/394/1 414/414/1 415/415/1
f 415/415/1 396/396/1 394/394/1
f 416/416/1 415/415/1 414/414/1
f 417/417/1 415/415/1 416/416/1
f 416/416/1 418/418/1 417/417/1
f 419/419/1 420/420/1 421/421/1
f 421/421/1 422/422/1 419/419/1
f 423/423/1 419/419/1 422/422/1
f 398/398/1 398/398/1 399/399/1
f 422/422/1 399/399/1 423/423/1
f 398/398/1 423/423/1 399/399/1
f 424/424/1 400/400/1 399/399/1
f 399/399/1 422/422/1 424/424/1
f 425/425/1 403/403/1 400/400/1
f 400/400/1 424/424/1 425/425/1
f 426/426/1 404/404/1 403/403/1
f 403/403/1 425/425/1 426/426/1
f 405/405/1 404/404/1 427/427/1
f 428/428/1 427/427/1 426/426/1
f 404/404/1 426/426/1 427/427/1
f 427/427/1 408/408/1 405/405/1
f 429/429/1 430/430/1 412/412/1
f 412/412/1 413/413/1 431/431/1
f 431/431/1 429/429/1 412/412/1
f 432/432/1 414/414/1 412/412/1
f 412/412/1 430/430/1 432/432/1
f 433/433/1 416/416/1 414/414/1
f 414/414/1 432/432/1 433/433/1
f 416/416/1 433/433/1 434/434/1
f 434/434/1 418/418/1 416/416/1
f 435/435/1 436/436/1 433/433/1
f 434/434/1 433/433/1 436/436/1
f 437/437/1 436/436/1 435/435/1
f 435/435/1 438/438/1 437/437/1
f 439/439/1 440/440/1 441/441/1
f 442/442/1 443/443/1 441/441/1
f 439/439/1 441/441/1 443/443/1
f 441/441/1 444/444/1 442/442/1
f 420/420/1 442/442/1 444/444/1
f 421/421/1 420/420/1 444/444/1
f 445/445/1 422/422/1 421/421/1
f 421/421/1 444/444/1 445/445/1
f 446/446/1 424/424/1 422/422/1
f 422/422/1 445/445/1 446/446/1
f 447/447/1 425/425/1 424/424/1
f 424/424/1 446/446/1 447/447/1
f 426/426/1 425/425/1 448/448/1
f 448/448/1 449/449/1 426/426/1
f 447/447/1 448/448/1 425/425/1
f 450/450/1 428/428/1 426/426/1
f 426/426/1 449/449/1 450/450/1
f 429/429/1 451/451/1 430/430/1
f 452/452/1 432/432/1 451/451/1
f 451/451/1 453/453/1 452/452/1
f 430/430/1 451/451/1 432/432/1
f 454/454/1 433/433/1 432/432/1
f 432/432/1 452/452/1 454/454/1
f 455/455/1 435/435/1 433/433/1
f 433/433/1 454/454/1 455/455/1
f 438/438/1 435/435/1 455/455/1
f 455/455/1 456/456/1 438/438/1
f 457/457/1 458/458/1 459/459/1
f 459/459/1 460/460/1 457/457/1
f 459/459/1 461/461/1 460/460/1
f 440/440/1 460/460/1 461/461/1
f 441/441/1 440/440/1 461/461/1
f 462/462/1 444/444/1 441/441/1
f 441/441/1 461/461/1 462/462/1
f 445/445/1 444/444/1 463/463/1
f 463/463/1 464/464/1 445/445/1
f 462/462/1 465/465/1 463/463/1
f 462/462/1 463/463/1 444/444/1
f 466/466/1 446/446/1 445/445/1
f 445/445/1 464/464/1 466/466/1
f 467/467/1 447/447/1 468/468/1
f 466/466/1 468/468/1 446/446/1
f 446/446/1 468/468/1 447/447/1
f 467/467/1 448/448/1 447/447/1
f 469/469/1 470/470/1 452/452/1
f 452/452/1 453/453/1 469/469/1
f 471/471/1 454/454/1 452/452/1
f 452/452/1 470/470/1 471/471/1
f 472/472/1 455/455/1 454/454/1
f 454/454/1 471/471/1 472/472/1
f 455/455/1 472/472/1 456/456/1
f 473/473/1 456/456/1 472/472/1
f 474/474/1 473/473/1 472/472/1
f 475/475/1 473/473/1 474/474/1
f 476/476/1 477/477/1 478/478/1
f 478/478/1 479/479/1 476/476/1
f 458/458/1 476/476/1 479/479/1
f 459/459/1 458/458/1 479/479/1
f 480/480/1 461/461/1 459/459/1
f 459/459/1 479/479/1 480/480/1
f 481/481/1 462/462/1 461/461/1
f 461/461/1 480/480/1 481/481/1
f 465/465/1 462/462/1 482/482/1
f 481/481/1 482/482/1 462/462/1
f 483/483/1 484/484/1 470/470/1
f 469/469/1 485/485/1 470/470/1
f 483/483/1 470/470/1 485/485/1
f 486/486/1 471/471/1 470/470/1
f 470/470/1 484/484/1 486/486/1
f 487/487/1 472/472/1 471/471/1
f 471/471/1 486/486/1 487/487/1
f 488/488/1 474/474/1 472/472/1
f 472/472/1 487/487/1 488/488/1
f 475/475/1 474/474/1 489/489/1
f 490/490/1 489/489/1 488/488/1
f 488/488/1 491/491/1 490/490/1
f 474/474/1 488/488/1 489/489/1
f 492/492/1 493/493/1 494/494/1
f 494/494/1 495/495/1 496/496/1
f 496/496/1 492/492/1 494/494/1
f 477/477/1 497/497/1 478/478/1
f 495/495/1 478/478/1 497/497/1
f 497/497/1 496/496/1 495/495/1
f 498/498/1 479/479/1 478/478/1
f 478/478/1 495/495/1 498/498/1
f 499/499/1 480/480/1 479/479/1
f 479/479/1 498/498/1 499/499/1
f 481/481/1 480/480/1 500/500/1
f 501/501/1 500/500/1 480/480/1
f 499/499/1 501/501/1 480/480/1
f 500/500/1 482/482/1 481/481/1
f 483/483/1 502/502/1 484/484/1
f 503/503/1 486/486/1 504/504/1
f 502/502/1 504/504/1 486/486/1
f 484/484/1 502/502/1 486/486/1
f 505/505/1 487/487/1 486/486/1
f 486/486/1 503/503/1 505/505/1
f 506/506/1 488/488/1 487/487/1
f 487/487/1 505/505/1 506/506/1
f 491/491/1 488/488/1 506/506/1
f 506/506/1 507/507/1 491/491/1
f 508/508/1 509/509/1 510/510/1
f 511/511/1 510/510/1 509/509/1
f 494/494/1 493/493/1 511/511/1
f 494/494/1 511/511/1 509/509/1
f 512/512/1 495/495/1 494/494/1
f 494/494/1 509/509/1 512/512/1
f 513/513/1 498/498/1 495/495/1
f 495/495/1 512/512/1 513/513/1
f 514/514/1 499/499/1 498/498/1
f 498/498/1 513/513/1 514/514/1
f 501/501/1 499/499/1 515/515/1
f 514/514/1 516/516/1 515/515/1
f 514/514/1 515/515/1 499/499/1
f 517/517/1 518/518/1 519/519/1
f 503/503/1 504/504/1 519/519/1
f 503/503/1 519/519/1 518/518/1
f 520/520/1 505/505/1 503/503/1
f 503/503/1 518/518/1 520/520/1
f 521/521/1 506/506/1 505/505/1
f 505/505/1 520/520/1 521/521/1
f 506/506/1 521/521/1 522/522/1
f 522/522/1 507/507/1 506/506/1
f 523/523/1 522/522/1 521/521/1
f 524/524/1 522/522/1 523/523/1
f 525/525/1 526/526/1 527/527/1
f 528/528/1 527/527/1 526/526/1
f 509/509/1 508/508/1 528/528/1
f 509/509/1 528/528/1 526/526/1
f 529/529/1 512/512/1 509/509/1
f 509/509/1 526/526/1 529/529/1
f 530/530/1 513/513/1 512/512/1
f 512/512/1 529/529/1 530/530/1
f 531/531/1 514/514/1 513/513/1
f 513/513/1 530/530/1 531/531/1
f 516/516/1 514/514/1 532/532/1
f 531/531/1 532/532/1 514/514/1
f 533/533/1 534/534/1 518/518/1
f 518/518/1 517/517/1 533/533/1
f 535/535/1 520/520/1 518/518/1
f 518/518/1 534/534/1 535/535/1
f 536/536/1 521/521/1 520/520/1
f 520/520/1 535/535/1 536/536/1
f 537/537/1 523/523/1 521/521/1
f 521/521/1 536/536/1 537/537/1
f 524/524/1 523/523/1 538/538/1
f 539/539/1 538/538/1 537/537/1
f 537/537/1 540/540/1 539/539/1
f 523/523/1 537/537/1 538/538/1
f 541/541/1 542/542/1 543/543/1
f 525/525/1 543/543/1 526/526/1
f 542/542/1 526/526/1 543/543/1
f 544/544/1 529/529/1 526/526/1
f 526/526/1 542/542/1 544/544/1
f 545/545/1 530/530/1 529/529/1
f 529/529/1 544/544/1 545/545/1
f 531/531/1 530/530/1 546/546/1
f 547/547/1 546/546/1 530/530/1
f 545/545/1 548/548/1 547/547/1
f 545/545/1 547/547/1 530/530/1
f 546/546/1 532/532/1 531/531/1
f 533/533/1 549/549/1 534/534/1
f 550/550/1 535/535/1 549/549/1
f 549/549/1 551/551/1 550/550/1
f 534/534/1 549/549/1 535/535/1
f 552/552/1 536/536/1 535/535/1
f 535/535/1 550/550/1 552/552/1
f 553/553/1 537/537/1 536/536/1
f 536/536/1 552/552/1 553/553/1
f 540/540/1 537/537/1 554/554/1
f 555/555/1 554/554/1 553/553/1
f 553/553/1 554/554/1 537/537/1
f 556/556/1 557/557/1 541/541/1
f 542/542/1 541/541/1 557/557/1
f 558/558/1 544/544/1 542/542/1
f 542/542/1 557/557/1 558/558/1
f 559/559/1 545/545/1 544/544/1
f 544/544/1 558/558/1 559/559/1
f 548/548/1 545/545/1 559/559/1
f 559/559/1 560/560/1 548/548/1
f 561/561/1 562/562/1 563/563/1
f 550/550/1 551/551/1 563/563/1
f 550/550/1 563/563/1 562/562/1
f 564/564/1 552/552/1 550/550/1
f 550/550/1 562/562/1 564/564/1
f 565/565/1 553/553/1 552/552/1
f 552/552/1 564/564/1 565/565/1
f 555/555/1 553/553/1 565/565/1
f 565/565/1 566/566/1 555/555/1
f 567/567/1 568/568/1 569/569/1
f 556/556/1 569/569/1 557/557/1
f 568/568/1 557/557/1 569/569/1
f 570/570/1 558/558/1 557/557/1
f 557/557/1 568/568/1 570/570/1
f 571/571/1 559/559/1 558/558/1
f 558/558/1 570/570/1 571/571/1
f 560/560/1 559/559/1 571/571/1
f 571/571/1 572/572/1 560/560/1
f 573/573/1 574/574/1 575/575/1
f 575/575/1 576/576/1 573/573/1
f 561/561/1 573/573/1 562/562/1
f 576/576/1 562/562/1 573/573/1
f 577/577/1 564/564/1 562/562/1
f 562/562/1 576/576/1 577/577/1
f 578/578/1 565/565/1 564/564/1
f 564/564/1 577/577/1 578/578/1
f 566/566/1 565/565/1 579/579/1
f 580/580/1 579/579/1 578/578/1
f 578/578/1 579/579/1 565/565/1
f 581/581/1 582/582/1 583/583/1
f 567/567/1 583/583/1 568/568/1
f 582/582/1 568/568/1 583/583/1
f 584/584/1 570/570/1 568/568/1
f 568/568/1 582/582/1 584/584/1
f 585/585/1 571/571/1 570/570/1
f 570/570/1 584/584/1 585/585/1
f 572/572/1 571/571/1 585/585/1
f 586/586/1 587/587/1 585/585/1
f 572/572/1 585/585/1 587/587/1
f 588/588/1 589/589/1 574/574/1
f 575/575/1 574/574/1 589/589/1
f 590/590/1 576/576/1 575/575/1
f 575/575/1 589/589/1 590/590/1
f 591/591/1 577/577/1 576/576/1
f 576/576/1 590/590/1 591/591/1
f 592/592/1 578/578/1 577/577/1
f 577/577/1 591/591/1 592/592/1
f 580/580/1 578/578/1 593/593/1
f 594/594/1 593/593/1 592/592/1
f 592/592/1 595/595/1 594/594/1
f 578/578/1 592/592/1 593/593/1
f 596/596/1 597/597/1 582/582/1
f 582/582/1 581/581/1 596/596/1
f 598/598/1 584/584/1 582/582/1
f 582/582/1 597/597/1 598/598/1
f 599/599/1 585/585/1 584/584/1
f 584/584/1 598/598/1 599/599/1
f 586/586/1 585/585/1 600/600/1
f 599/599/1 600/600/1 585/585/1
f 601/601/1 602/602/1 603/603/1
f 588/588/1 603/603/1 589/589/1
f 602/602/1 589/589/1 603/603/1
f 604/604/1 590/590/1 589/589/1
f 589/589/1 602/602/1 604/604/1
f 605/605/1 591/591/1 590/590/1
f 590/590/1 604/604/1 605/605/1
f 606/606/1 592/592/1 591/591/1
f 591/591/1 605/605/1 606/606/1
f 595/595/1 592/592/1 606/606/1
f 606/606/1 607/607/1 595/595/1
f 608/608/1 609/609/1 597/597/1
f 597/597/1 596/596/1 608/608/1
f 610/610/1 598/598/1 597/597/1
f 597/597/1 609/609/1 610/610/1
f 611/611/1 599/599/1 598/598/1
f 598/598/1 610/610/1 611/611/1
f 600/600/1 599/599/1 612/612/1
f 611/611/1 612/612/1 599/599/1
f 613/613/1 614/614/1 602/602/1
f 602/602/1 601/601/1 613/613/1
f 615/615/1 604/604/1 602/602/1
f 602/602/1 614/614/1 615/615/1
f 616/616/1 605/605/1 604/604/1
f 604/604/1 615/615/1 616/616/1
f 617/617/1 606/606/1 605/605/1
f 605/605/1 616/616/1 617/617/1
f 607/607/1 606/606/1 617/617/1
f 617/617/1 618/618/1 607/607/1
f 619/619/1 620/620/1 609/609/1
f 609/609/1 608/608/1 619/619/1
f 621/621/1 610/610/1 609/609/1
f 609/609/1 620/620/1 621/621/1
f 622/622/1 611/611/1 610/610/1
f 610/610/1 621/621/1 622/622/1
f 612/612/1 611/611/1 623/623/1
f 622/622/1 623/623/1 611/611/1
f 624/624/1 625/625/1 614/614/1
f 614/614/1 613/613/1 624/624/1
f 626/626/1 615/615/1 614/614/1
f 614/614/1 625/625/1 626/626/1
f 627/627/1 616/616/1 615/615/1
f 615/615/1 626/626/1 627/627/1
f 628/628/1 617/617/1 616/616/1
f 616/616/1 627/627/1 628/628/1
f 618/618/1 617/617/1 628/628/1
f 628/628/1 629/629/1 618/618/1
f 630/630/1 631/631/1 620/620/1
f 620/620/1 619/619/1 630/630/1
f 632/632/1 621/621/1 620/620/1
f 620/620/1 631/631/1 632/632/1
f 633/633/1 622/622/1 621/621/1
f 621/621/1 632/632/1 633/633/1
f 623/623/1 622/622/1 634/634/1
f 635/635/1 634/634/1 633/633/1
f 622/622/1 633/633/1 634/634/1
f 636/636/1 637/637/1 638/638/1
f 625/625/1 624/624/1 638/638/1
f 625/625/1 638/638/1 637/637/1
f 639/639/1 626/626/1 625/625/1
f 625/625/1 637/637/1 639/639/1
f 640/640/1 627/627/1 626/626/1
f 626/626/1 639/639/1 640/640/1
f 641/641/1 628/628/1 627/627/1
f 627/627/1 640/640/1 641/641/1
f 629/629/1 628/628/1 641/641/1
f 641/641/1 642/642/1 629/629/1
f 643/643/1 644/644/1 631/631/1
f 631/631/1 630/630/1 643/643/1
f 645/645/1 632/632/1 631/631/1
f 631/631/1 644/644/1 645/645/1
f 646/646/1 633/633/1 632/632/1
f 632/632/1 645/645/1 646/646/1
f 635/635/1 633/633/1 647/647/1
f 646/646/1 647/647/1 633/633/1
f 648/648/1 649/649/1 636/636/1
f 637/637/1 636/636/1 649/649/1
f 650/650/1 639/639/1 637/637/1
f 637/637/1 649/649/1 650/650/1
f 651/651/1 640/640/1 639/639/1
f 639/639/1 650/650/1 651/651/1
f 652/652/1 641/641/1 640/640/1
f 640/640/1 651/651/1 652/652/1
f 642/642/1 641/641/1 652/652/1
f 652/652/1 653/653/1 642/642/1
f 654/654/1 655/655/1 644/644/1
f 644/644/1 643/643/1 654/654/1
f 656/656/1 645/645/1 644/644/1
f 644/644/1 655/655/1 656/656/1
f 657/657/1 646/646/1 645/645/1
f 645/645/1 656/656/1 657/657/1
f 647/647/1 646/646/1 658/658/1
f 657/657/1 658/658/1 646/646/1
f 659/659/1 660/660/1 648/648/1
f 649/649/1 648/648/1 660/660/1
f 661/661/1 650/650/1 649/649/1
f 649/649/1 660/660/1 661/661/1
f 662/662/1 651/651/1 650/650/1
f 650/650/1 661/661/1 662/662/1
f 663/663/1 652/652/1 651/651/1
f 651/651/1 662/662/1 663/663/1
f 653/653/1 652/652/1 663/663/1
f 663/663/1 664/664/1 653/653/1
f 665/665/1 666/666/1 655/655/1
f 655/655/1 654/654/1 665/665/1
f 667/667/1 656/656/1 655/655/1
f 655/655/1 666/666/1 667/667/1
f 668/668/1 657/657/1 656/656/1
f 656/656/1 667/667/1 668/668/1
f 658/658/1 657/657/1 669/669/1
f 668/668/1 670/670/1 669/669/1
f 668/668/1 669/669/1 657/657/1
f 671/671/1 672/672/1 659/659/1
f 660/660/1 659/659/1 672/672/1
f 673/673/1 661/661/1 660/660/1
f 660/660/1 672/672/1 673/673/1
f 674/674/1 662/662/1 661/661/1
f 661/661/1 673/673/1 674/674/1
f 675/675/1 663/663/1 662/662/1
f 662/662/1 674/674/1 675/675/1
f 664/664/1 663/663/1 675/675/1
f 675/675/1 676/676/1 664/664/1
f 677/677/1 678/678/1 666/666/1
f 666/666/1 665/665/1 677/677/1
f 679/679/1 667/667/1 666/666/1
f 666/666/1 678/678/1 679/679/1
f 680/680/1 668/668/1 667/667/1
f 667/667/1 679/679/1 680/680/1
f 670/670/1 668/668/1 680/680/1
f 680/680/1 681/681/1 670/670/1
f 682/682/1 683/683/1 684/684/1
f 671/671/1 684/684/1 672/672/1
f 683/683/1 672/672/1 684/684/1
f 685/685/1 673/673/1 672/672/1
f 672/672/1 683/683/1 685/685/1
f 686/686/1 674/674/1 673/673/1
f 673/673/1 685/685/1 686/686/1
f 687/687/1 675/675/1 674/674/1
f 674/674/1 686/686/1 687/687/1
f 676/676/1 675/675/1 687/687/1
f 687/687/1 688/688/1 676/676/1
f 689/689/1 690/690/1 678/678/1
f 678/678/1 677/677/1 689/689/1
f 691/691/1 679/679/1 678/678/1
f 678/678/1 690/690/1 691/691/1
f 692/692/1 680/680/1 679/679/1
f 679/679/1 691/691/1 692/692/1
f 681/681/1 680/680/1 692/692/1
f 692/692/1 693/693/1 681/681/1
f 694/694/1 695/695/1 683/683/1
f 683/683/1 682/682/1 694/694/1
f 696/696/1 685/685/1 683/683/1
f 683/683/1 695/695/1 696/696/1
f 697/697/1 686/686/1 685/685/1
f 685/685/1 696/696/1 697/697/1
f 698/698/1 687/687/1 686/686/1
f 686/686/1 697/697/1 698/698/1
f 688/688/1 687/687/1 698/698/1
f 698/698/1 699/699/1 688/688/1
f 700/700/1 701/701/1 690/690/1
f 690/690/1 689/689/1 700/700/1
f 702/702/1 691/691/1 690/690/1
f 690/690/1 701/701/1 702/702/1
f 703/703/1 692/692/1 691/691/1
f 691/691/1 702/702/1 703/703/1
f 693/693/1 692/692/1 703/703/1
f 703/703/1 704/704/1 693/693/1
f 705/705/1 706/706/1 695/695/1
f 695/695/1 694/694/1 705/705/1
f 707/707/1 696/696/1 695/695/1
f 695/695/1 706/706/1 707/707/1
f 708/708/1 697/697/1 696/696/1
f 696/696/1 707/707/1 708/708/1
f 709/709/1 698/698/1 697/697/1
f 697/697/1 708/708/1 709/709/1
f 699/699/1 698/698/1 709/709/1
f 709/709/1 710/710/1 699/699/1
f 711/711/1 712/712/1 701/701/1
f 701/701/1 700/700/1 711/711/1
f 713/713/1 702/702/1 701/701/1
f 701/701/1 712/712/1 713/713/1
f 714/714/1 703/703/1 702/702/1
f 702/702/1 713/713/1 714/714/1
f 703/703/1 714/714/1 715/715/1
f 715/715/1 704/704/1 703/703/1
f 716/716/1 715/715/1 714/714/1
f 717/717/1 715/715/1 716/716/1
f 716/716/1 718/718/1 717/717/1
f 719/719/1 720/720/1 721/721/1
f 705/705/1 721/721/1 706/706/1
f 706/706/1 721/721/1 720/720/1
f 722/722/1 707/707/1 706/706/1
f 706/706/1 720/720/1 722/722/1
f 723/723/1 708/708/1 707/707/1
f 707/707/1 722/722/1 723/723/1
f 724/724/1 709/709/1 708/708/1
f 708/708/1 723/723/1 724/724/1
f 710/710/1 709/709/1 724/724/1
f 724/724/1 725/725/1 710/710/1
f 726/726/1 727/727/1 712/712/1
f 712/712/1 711/711/1 726/726/1
f 728/728/1 713/713/1 712/712/1
f 712/712/1 727/727/1 728/728/1
f 729/729/1 714/714/1 713/713/1
f 713/713/1 728/728/1 729/729/1
f 730/730/1 716/716/1 714/714/1
f 714/714/1 729/729/1 730/730/1
f 718/718/1 716/716/1 730/730/1
f 730/730/1 731/731/1 718/718/1
f 732/732/1 733/733/1 720/720/1
f 720/720/1 719/719/1 732/732/1
f 734/734/1 722/722/1 720/720/1
f 720/720/1 733/733/1 734/734/1
f 735/735/1 723/723/1 722/722/1
f 722/722/1 734/734/1 735/735/1
f 736/736/1 724/724/1 723/723/1
f 723/723/1 735/735/1 736/736/1
f 725/725/1 724/724/1 736/736/1
f 736/736/1 737/737/1 725/725/1
f 738/738/1 739/739/1 727/727/1
f 727/727/1 726/726/1 738/738/1
f 740/740/1 728/728/1 727/727/1
f 727/727/1 739/739/1 740/740/1
f 741/741/1 729/729/1 728/728/1
f 728/728/1 740/740/1 741/741/1
f 742/742/1 730/730/1 729/729/1
f 729/729/1 741/741/1 742/742/1
f 731/731/1 730/730/1 742/742/1
f 742/742/1 743/743/1 731/731/1
f 744/744/1 745/745/1 733/733/1
f 733/733/1 732/732/1 744/744/1
f 746/746/1 734/734/1 733/733/1
f 733/733/1 745/745/1 746/746/1
f 747/747/1 735/735/1 734/734/1
f 734/734/1 746/746/1 747/747/1
f 748/748/1 736/736/1 735/735/1
f 735/735/1 747/747/1 748/748/1
f 737/737/1 736/736/1 748/748/1
f 748/748/1 749/749/1 737/737/1
f 750/750/1 751/751/1 739/739/1
f 739/739/1 738/738/1 750/750/1
f 752/752/1 740/740/1 739/739/1
f 739/739/1 751/751/1 752/752/1
f 753/753/1 741/741/1 740/740/1
f 740/740/1 752/752/1 753/753/1
f 754/754/1 742/742/1 741/741/1
f 741/741/1 753/753/1 754/754/1
f 743/743/1 742/742/1 754/754/1
f 754/754/1 755/755/1 743/743/1
f 756/756/1 757/757/1 745/745/1
f 745/745/1 744/744/1 756/756/1
f 758/758/1 746/746/1 745/745/1
f 745/745/1 757/757/1 758/758/1
f 759/759/1 747/747/1 746/746/1
f 746/746/1 758/758/1 759/759/1
f 760/760/1 748/748/1 747/747/1
f 747/747/1 759/759/1 760/760/1
f 749/749/1 748/748/1 760/760/1
f 760/760/1 761/761/1 749/749/1
f 762/762/1 763/763/1 751/751/1
f 751/751/1 750/750/1 762/762/1
f 764/764/1 752/752/1 751/751/1
f 751/751/1 763/763/1 764/764/1
f 765/765/1 753/753/1 752/752/1
f 752/752/1 764/764/1 765/765/1
f 766/766/1 754/754/1 753/753/1
f 753/753/1 765/765/1 766/766/1
f 755/755/1 754/754/1 767/767/1
f 768/768/1 767/767/1 766/766/1
f 754/754/1 766/766/1 767/767/1
f 769/769/1 770/770/1 771/771/1
f 756/756/1 771/771/1 757/757/1
f 757/757/1 771/771/1 770/770/1
f 772/772/1 758/758/1 757/757/1
f 757/757/1 770/770/1 772/772/1
f 773/773/1 759/759/1 758/758/1
f 758/758/1 772/772/1 773/773/1
f 774/774/1 760/760/1 759/759/1
f 759/759/1 773/773/1 774/774/1
f 761/761/1 760/760/1 774/774/1
f 774/774/1 775/775/1 761/761/1
f 776/776/1 777/777/1 763/763/1
f 763/763/1 762/762/1 776/776/1
f 778/778/1 764/764/1 763/763/1
f 763/763/1 777/777/1 778/778/1
f 779/779/1 765/765/1 764/764/1
f 764/764/1 778/778/1 779/779/1
f 780/780/1 766/766/1 765/765/1
f 765/765/1 779/779/1 780/780/1
f 768/768/1 766/766/1 781/781/1
f 780/780/1 781/781/1 766/766/1
f 782/782/1 783/783/1 770/770/1
f 770/770/1 769/769/1 782/782/1
f 784/784/1 772/772/1 770/770/1
f 770/770/1 783/783/1 784/784/1
f 785/785/1 773/773/1 772/772/1
f 772/772/1 784/784/1 785/785/1
f 786/786/1 774/774/1 773/773/1
f 773/773/1 785/785/1 786/786/1
f 775/775/1 774/774/1 786/786/1
f 786/786/1 787/787/1 775/775/1
f 788/788/1 789/789/1 777/777/1
f 777/777/1 776/776/1 788/788/1
f 790/790/1 778/778/1 777/777/1
f 777/777/1 789/789/1 790/790/1
f 791/791/1 779/779/1 778/778/1
f 778/778/1 790/790/1 791/791/1
f 792/792/1 780/780/1 779/779/1
f 779/779/1 791/791/1 792/792/1
f 781/781/1 780/780/1 793/793/1
f 792/792/1 793/793/1 780/780/1
f 794/794/1 795/795/1 783/783/1
f 783/783/1 782/782/1 794/794/1
f 796/796/1 784/784/1 783/783/1
f 783/783/1 795/795/1 796/796/1
f 797/797/1 785/785/1 784/784/1
f 784/784/1 796/796/1 797/797/1
f 798/798/1 786/786/1 785/785/1
f 785/785/1 797/797/1 798/798/1
f 787/787/1 786/786/1 798/798/1
f 798/798/1 799/799/1 787/787/1
f 800/800/1 801/801/1 789/789/1
f 789/789/1 788/788/1 800/800/1
f 802/802/1 790/790/1 789/789/1
f 789/789/1 801/801/1 802/802/1
f 803/803/1 791/791/1 790/790/1
f 790/790/1 802/802/1 803/803/1
f 804/804/1 792/792/1 791/791/1
f 791/791/1 803/803/1 804/804/1
f 793/793/1 792/792/1 805/805/1
f 804/804/1 805/805/1 792/792/1
f 806/806/1 807/807/1 795/795/1
f 795/795/1 794/794/1 806/806/1
f 808/808/1 796/796/1 795/795/1
f 795/795/1 807/807/1 808/808/1
f 809/809/1 797/797/1 796/796/1
f 796/796/1 808/808/1 809/809/1
f 810/810/1 798/798/1 797/797/1
f 797/797/1 809/809/1 810/810/1
f 799/799/1 798/798/1 810/810/1
f 810/810/1 811/811/1 799/799/1
f 812/812/1 813/813/1 801/801/1
f 801/801/1 800/800/1 812/812/1
f 814/814/1 802/802/1 801/801/1
f 801/801/1 813/813/1 814/814/1
f 815/815/1 803/803/1 802/802/1
f 802/802/1 814/814/1 815/815/1
f 816/816/1 804/804/1 803/803/1
f 803/803/1 815/815/1 816/816/1
f 805/805/1 804/804/1 817/817/1
f 816/816/1 818/818/1 817/817/1
f 816/816/1 817/817/1 804/804/1
f 819/819/1 820/820/1 821/821/1
f 807/807/1 806/806/1 821/821/1
f 807/807/1 821/821/1 820/820/1
f 822/822/1 808/808/1 807/807/1
f 807/807/1 820/820/1 822/822/1
f 823/823/1 809/809/1 808/808/1
f 808/808/1 822/822/1 823/823/1
f 824/824/1 810/810/1 809/809/1
f 809/809/1 823/823/1 824/824/1
f 811/811/1 810/810/1 824/824/1
f 824/824/1 825/825/1 811/811/1
f 826/826/1 827/827/1 813/813/1
f 813/813/1 812/812/1 826/826/1
f 828/828/1 814/814/1 813/813/1
f 813/813/1 827/827/1 828/828/1
f 829/829/1 815/815/1 814/814/1
f 814/814/1 828/828/1 829/829/1
f 830/830/1 816/816/1 815/815/1
f 815/815/1 829/829/1 830/830/1
f 818/818/1 816/816/1 830/830/1
f 830/830/1 831/831/1 818/818/1
f 832/832/1 833/833/1 819/819/1
f 820/820/1 819/819/1 833/833/1
f 834/834/1 822/822/1 820/820/1
f 820/820/1 833/833/1 834/834/1
f 835/835/1 823/823/1 822/822/1
f 822/822/1 834/834/1 835/835/1
f 836/836/1 824/824/1 823/823/1
f 823/823/1 835/835/1 836/836/1
f 825/825/1 824/824/1 836/836/1
f 836/836/1 837/837/1 825/825/1
f 838/838/1 839/839/1 827/827/1
f 827/827/1 826/826/1 838/838/1
f 840/840/1 828/828/1 827/827/1
f 827/827/1 839/839/1 840/840/1
f 841/841/1 829/829/1 828/828/1
f 828/828/1 840/840/1 841/841/1
f 842/842/1 830/830/1 829/829/1
f 829/829/1 841/841/1 842/842/1
f 831/831/1 830/830/1 842/842/1
f 842/842/1 843/843/1 831/831/1
f 844/844/1 845/845/1 832/832/1
f 833/833/1 832/832/1 845/845/1
f 846/846/1 834/834/1 833/833/1
f 833/833/1 845/845/1 846/846/1
f 847/847/1 835/835/1 834/834/1
f 834/834/1 846/846/1 847/847/1
f 848/848/1 836/836/1 835/835/1
f 835/835/1 847/847/1 848/848/1
f 837/837/1 836/836/1 848/848/1
f 848/848/1 849/849/1 837/837/1
f 850/850/1 851/851/1 839/839/1
f 839/839/1 838/838/1 850/850/1
f 852/852/1 840/840/1 839/839/1
f 839/839/1 851/851/1 852/852/1
f 853/853/1 841/841/1 840/840/1
f 840/840/1 852/852/1 853/853/1
f 854/854/1 842/842/1 841/841/1
f 841/841/1 853/853/1 854/854/1
f 843/843/1 842/842/1 854/854/1
f 854/854/1 855/855/1 855/855/1
f 855/855/1 843/843/1 854/854/1
f 856/856/1 857/857/1 844/844/1
f 845/845/1 844/844/1 857/857/1
f 858/858/1 846/846/1 845/845/1
f 845/845/1 857/857/1 858/858/1
f 859/859/1 847/847/1 846/846/1
f 846/846/1 858/858/1 859/859/1
f 860/860/1 848/848/1 847/847/1
f 847/847/1 859/859/1 860/860/1
f 849/849/1 848/848/1 860/860/1
f 860/860/1 861/861/1 849/849/1
f 862/862/1 863/863/1 851/851/1
f 851/851/1 850/850/1 862/862/1
f 864/864/1 852/852/1 851/851/1
f 851/851/1 863/863/1 864/864/1
f 865/865/1 853/853/1 852/852/1
f 852/852/1 864/864/1 865/865/1
f 866/866/1 854/854/1 853/853/1
f 853/853/1 865/865/1 866/866/1
f 855/855/1 854/854/1 866/866/1
f 866/866/1 867/867/1 855/855/1
f 868/868/1 869/869/1 857/857/1
f 857/857/1 856/856/1 868/868/1
f 870/870/1 858/858/1 857/857/1
f 857/857/1 869/869/1 870/870/1
f 871/871/1 859/859/1 858/858/1
f 858/858/1 870/870/1 871/871/1
f 872/872/1 860/860/1 859/859/1
f 859/859/1 871/871/1 872/872/1
f 861/861/1 860/860/1 872/872/1
f 872/872/1 873/873/1 861/861/1
f 874/874/1 875/875/1 863/863/1
f 863/863/1 862/862/1 874/874/1
f 876/876/1 864/864/1 863/863/1
f 863/863/1 875/875/1 876/876/1
f 877/877/1 865/865/1 864/864/1
f 864/864/1 876/876/1 877/877/1
f 878/878/1 866/866/1 865/865/1
f 865/865/1 877/877/1 878/878/1
f 867/867/1 866/866/1 878/878/1
f 878/878/1 879/879/1 867/867/1
f 880/880/1 880/880/1 869/869/1
f 869/869/1 868/868/1 880/880/1
f 881/881/1 870/870/1 869/869/1
f 869/869/1 880/880/1 881/881/1
f 882/882/1 871/871/1 870/870/1
f 870/870/1 881/881/1 882/882/1
f 883/883/1 872/872/1 871/871/1
f 871/871/1 882/882/1 883/883/1
f 873/873/1 872/872/1 883/883/1
f 883/883/1 884/884/1 873/873/1
f 885/885/1 886/886/1 875/875/1
f 875/875/1 874/874/1 885/885/1
f 887/887/1 876/876/1 875/875/1
f 875/875/1 886/886/1 887/887/1
f 888/888/1 877/877/1 876/876/1
f 876/876/1 887/887/1 888/888/1
f 889/889/1 878/878/1 877/877/1
f 877/877/1 888/888/1 889/889/1
f 879/879/1 878/878/1 889/889/1
f 889/889/1 890/890/1 879/879/1
f 880/880/1 891/891/1 880/880/1
f 892/892/1 881/881/1 893/893/1
f 891/891/1 893/893/1 881/881/1
f 880/880/1 891/891/1 881/881/1
f 894/894/1 882/882/1 881/881/1
f 881/881/1 892/892/1 894/894/1
f 895/895/1 883/883/1 882/882/1
f 882/882/1 894/894/1 895/895/1
f 884/884/1 883/883/1 896/896/1
f 897/897/1 896/896/1 895/895/1
f 883/883/1 895/895/1 896/896/1
f 898/898/1 899/899/1 886/886/1
f 886/886/1 885/885/1 898/898/1
f 900/900/1 887/887/1 886/886/1
f 886/886/1 899/899/1 900/900/1
f 901/901/1 888/888/1 887/887/1
f 887/887/1 900/900/1 901/901/1
f 902/902/1 889/889/1 888/888/1
f 888/888/1 901/901/1 902/902/1
f 890/890/1 889/889/1 903/903/1
f 904/904/1 903/903/1 902/902/1
f 902/902/1 903/903/1 889/889/1
f 905/905/1 906/906/1 907/907/1
f 892/892/1 893/893/1 907/907/1
f 892/892/1 907/907/1 906/906/1
f 908/908/1 894/894/1 892/892/1
f 892/892/1 906/906/1 908/908/1
f 909/909/1 895/895/1 894/894/1
f 894/894/1 908/908/1 909/909/1
f 897/897/1 895/895/1 910/910/1
f 911/911/1 910/910/1 895/895/1
f 909/909/1 911/911/1 895/895/1
f 912/912/1 913/913/1 899/899/1
f 899/899/1 898/898/1 912/912/1
f 914/914/1 900/900/1 899/899/1
f 899/899/1 913/913/1 914/914/1
f 915/915/1 901/901/1 900/900/1
f 900/900/1 914/914/1 915/915/1
f 916/916/1 902/902/1 901/901/1
f 901/901/1 915/915/1 916/916/1
f 904/904/1 902/902/1 917/917/1
f 916/916/1 917/917/1 902/902/1
f 918/918/1 919/919/1 920/920/1
f 920/920/1 921/921/1 918/918/1
f 905/905/1 918/918/1 906/906/1
f 921/921/1 906/906/1 918/918/1
f 922/922/1 908/908/1 906/906/1
f 906/906/1 921/921/1 922/922/1
f 923/923/1 909/909/1 908/908/1
f 908/908/1 922/922/1 923/923/1
f 911/911/1 909/909/1 924/924/1
f 923/923/1 924/924/1 909/909/1
f 925/925/1 926/926/1 913/913/1
f 913/913/1 912/912/1 925/925/1
f 927/927/1 914/914/1 913/913/1
f 913/913/1 926/926/1 927/927/1
f 928/928/1 915/915/1 914/914/1
f 914/914/1 927/927/1 928/928/1
f 929/929/1 916/916/1 915/915/1
f 915/915/1 928/928/1 929/929/1
f 917/917/1 916/916/1 930/930/1
f 929/929/1 930/930/1 916/916/1
f 931/931/1 932/932/1 919/919/1
f 920/920/1 919/919/1 932/932/1
f 933/933/1 921/921/1 920/920/1
f 920/920/1 932/932/1 933/933/1
f 934/934/1 922/922/1 921/921/1
f 921/921/1 933/933/1 934/934/1
f 935/935/1 923/923/1 922/922/1
f 922/922/1 934/934/1 935/935/1
f 924/924/1 923/923/1 936/936/1
f 937/937/1 936/936/1 935/935/1
f 923/923/1 935/935/1 936/936/1
f 938/938/1 939/939/1 926/926/1
f 926/926/1 925/925/1 938/938/1
f 940/940/1 927/927/1 926/926/1
f 926/926/1 939/939/1 940/940/1
f 941/941/1 928/928/1 927/927/1
f 927/927/1 940/940/1 941/941/1
f 942/942/1 929/929/1 928/928/1
f 928/928/1 941/941/1 942/942/1
f 930/930/1 929/929/1 943/943/1
f 944/944/1 943/943/1 942/942/1
f 929/929/1 942/942/1 943/943/1
f 945/945/1 946/946/1 947/947/1
f 931/931/1 947/947/1 932/932/1
f 932/932/1 947/947/1 946/946/1
f 948/948/1 933/933/1 932/932/1
f 932/932/1 946/946/1 948/948/1
f 949/949/1 934/934/1 933/933/1
f 933/933/1 948/948/1 949/949/1
f 950/950/1 935/935/1 934/934/1
f 934/934/1 949/949/1 950/950/1
f 937/937/1 935/935/1 951/951/1
f 952/952/1 951/951/1 950/950/1
f 935/935/1 950/950/1 951/951/1
f 953/953/1 954/954/1 939/939/1
f 939/939/1 938/938/1 953/953/1
f 955/955/1 940/940/1 939/939/1
f 939/939/1 954/954/1 955/955/1
f 956/956/1 941/941/1 940/940/1
f 940/940/1 955/955/1 956/956/1
f 957/957/1 942/942/1 941/941/1
f 941/941/1 956/956/1 957/957/1
f 944/944/1 942/942/1 958/958/1
f 957/957/1 958/958/1 942/942/1
f 959/959/1 960/960/1 946/946/1
f 946/946/1 945/945/1 959/959/1
f 961/961/1 948/948/1 946/946/1
f 946/946/1 960/960/1 961/961/1
f 962/962/1 949/949/1 948/948/1
f 948/948/1 961/961/1 962/962/1
f 963/963/1 950/950/1 949/949/1
f 949/949/1 962/962/1 963/963/1
f 952/952/1 950/950/1 964/964/1
f 963/963/1 964/964/1 950/950/1
f 965/965/1 966/966/1 967/967/1
f 953/953/1 967/967/1 954/954/1
f 954/954/1 967/967/1 966/966/1
f 968/968/1 955/955/1 954/954/1
f 954/954/1 966/966/1 968/968/1
f 969/969/1 956/956/1 955/955/1
f 955/955/1 968/968/1 969/969/1
f 970/970/1 957/957/1 956/956/1
f 956/956/1 969/969/1 970/970/1
f 958/958/1 957/957/1 971/971/1
f 970/970/1 971/971/1 957/957/1
f 972/972/1 973/973/1 960/960/1
f 960/960/1 959/959/1 972/972/1
f 974/974/1 961/961/1 960/960/1
f 960/960/1 973/973/1 974/974/1
f 975/975/1 962/962/1 961/961/1
f 961/961/1 974/974/1 975/975/1
f 976/976/1 963/963/1 962/962/1
f 962/962/1 975/975/1 976/976/1
f 964/964/1 963/963/1 977/977/1
f 978/978/1 977/977/1 976/976/1
f 976/976/1 979/979/1 978/978/1
f 963/963/1 976/976/1 977/977/1
f 980/980/1 981/981/1 982/982/1
f 965/965/1 982/982/1 966/966/1
f 966/966/1 982/982/1 981/981/1
f 983/983/1 968/968/1 966/966/1
f 966/966/1 981/981/1 983/983/1
f 984/984/1 969/969/1 968/968/1
f 968/968/1 983/983/1 984/984/1
f 985/985/1 970/970/1 969/969/1
f 969/969/1 984/984/1 985/985/1
f 971/971/1 970/970/1 986/986/1
f 985/985/1 987/987/1 986/986/1
f 985/985/1 986/986/1 970/970/1
f 988/988/1 989/989/1 990/990/1
f 973/973/1 972/972/1 988/988/1
f 988/988/1 990/990/1 973/973/1
f 991/991/1 974/974/1 973/973/1
f 973/973/1 990/990/1 991/991/1
f 992/992/1 975/975/1 974/974/1
f 974/974/1 991/991/1 992/992/1
f 993/993/1 976/976/1 975/975/1
f 975/975/1 992/992/1 993/993/1
f 979/979/1 976/976/1 994/994/1
f 993/993/1 994/994/1 976/976/1
f 995/995/1 996/996/1 981/981/1
f 980/980/1 997/997/1 981/981/1
f 995/995/1 981/981/1 997/997/1
f 998/998/1 983/983/1 981/981/1
f 981/981/1 996/996/1 998/998/1
f 999/999/1 984/984/1 983/983/1
f 983/983/1 998/998/1 999/999/1
f 1000/1000/1 985/985/1 984/984/1
f 984/984/1 999/999/1 1000/1000/1
f 987/987/1 985/985/1 1000/1000/1
f 1000/1000/1 1001/1001/1 987/987/1
f 1002/1002/1 1003/1003/1 989/989/1
f 990/990/1 989/989/1 1003/1003/1
f 1004/1004/1 991/991/1 990/990/1
f 990/990/1 1003/1003/1 1004/1004/1
f 1005/1005/1 992/992/1 991/991/1
f 991/991/1 1004/1004/1 1005/1005/1
f 1006/1006/1 993/993/1 992/992/1
f 992/992/1 1005/1005/1 1006/1006/1
f 994/994/1 993/993/1 1007/1007/1
f 1006/1006/1 1007/1007/1 993/993/1
f 1008/1008/1 1009/1009/1 996/996/1
f 996/996/1 995/995/1 1008/1008/1
f 1010/1010/1 998/998/1 996/996/1
f 996/996/1 1009/1009/1 1010/1010/1
f 1011/1011/1 999/999/1 998/998/1
f 998/998/1 1010/1010/1 1011/1011/1
f 1012/1012/1 1000/1000/1 999/999/1
f 999/999/1 1011/1011/1 1012/1012/1
f 1001/1001/1 1000/1000/1 1012/1012/1
f 1012/1012/1 1013/1013/1 1001/1001/1
f 1014/1014/1 1015/1015/1 1002/1002/1
f 1003/1003/1 1002/1002/1 1015/1015/1
f 1016/1016/1 1004/1004/1 1003/1003/1
f 1003/1003/1 1015/1015/1 1016/1016/1
f 1017/1017/1 1005/1005/1 1004/1004/1
f 1004/1004/1 1016/1016/1 1017/1017/1
f 1018/1018/1 1006/1006/1 1005/1005/1
f 1005/1005/1 1017/1017/1 1018/1018/1
f 1007/1007/1 1006/1006/1 1019/1019/1
f 1020/1020/1 1019/1019/1 1018/1018/1
f 1006/1006/1 1018/1018/1 1019/1019/1
f 1021/1021/1 1022/1022/1 1023/1023/1
f 1009/1009/1 1008/1008/1 1023/1023/1
f 1009/1009/1 1023/1023/1 1022/1022/1
f 1024/1024/1 1010/1010/1 1009/1009/1
f 1009/1009/1 1022/1022/1 1024/1024/1
f 1025/1025/1 1011/1011/1 1010/1010/1
f 1010/1010/1 1024/1024/1 1025/1025/1
f 1026/1026/1 1012/1012/1 1011/1011/1
f 1011/1011/1 1025/1025/1 1026/1026/1
f 1013/1013/1 1012/1012/1 1027/1027/1
f 1028/1028/1 1027/1027/1 1026/1026/1
f 1026/1026/1 1027/1027/1 1012/1012/1
f 1029/1029/1 1030/1030/1 1031/1031/1
f 1014/1014/1 1031/1031/1 1015/1015/1
f 1030/1030/1 1015/1015/1 1031/1031/1
f 1032/1032/1 1016/1016/1 1015/1015/1
f 1015/1015/1 1030/1030/1 1032/1032/1
f 1033/1033/1 1017/1017/1 1016/1016/1
f 1016/1016/1 1032/1032/1 1033/1033/1
f 1034/1034/1 1018/1018/1 1017/1017/1
f 1017/1017/1 1033/1033/1 1034/1034/1
f 1020/1020/1 1018/1018/1 1035/1035/1
f 1036/1036/1 1035/1035/1 1034/1034/1
f 1018/1018/1 1034/1034/1 1035/1035/1
f 1037/1037/1 1038/1038/1 1022/1022/1
f 1022/1022/1 1021/1021/1 1037/1037/1
f 1039/1039/1 1024/1024/1 1022/1022/1
f 1022/1022/1 1038/1038/1 1039/1039/1
f 1040/1040/1 1025/1025/1 1024/1024/1
f 1024/1024/1 1039/1039/1 1040/1040/1
f 1041/1041/1 1026/1026/1 1025/1025/1
f 1025/1025/1 1040/1040/1 1041/1041/1
f 1028/1028/1 1026/1026/1 1042/1042/1
f 1041/1041/1 1042/1042/1 1026/1026/1
f 1043/1043/1 1044/1044/1 1030/1030/1
f 1030/1030/1 1029/1029/1 1043/1043/1
f 1045/1045/1 1032/1032/1 1030/1030/1
f 1030/1030/1 1044/1044/1 1045/1045/1
f 1046/1046/1 1033/1033/1 1032/1032/1
f 1032/1032/1 1045/1045/1 1046/1046/1
f 1047/1047/1 1034/1034/1 1033/1033/1
f 1033/1033/1 1046/1046/1 1047/1047/1
f 1036/1036/1 1034/1034/1 1048/1048/1
f 1047/1047/1 1048/1048/1 1034/1034/1
f 1049/1049/1 1050/1050/1 1051/1051/1
f 1038/1038/1 1037/1037/1 1051/1051/1
f 1038/1038/1 1051/1051/1 1050/1050/1
f 1052/1052/1 1039/1039/1 1038/1038/1
f 1038/1038/1 1050/1050/1 1052/1052/1
f 1053/1053/1 1040/1040/1 1039/1039/1
f 1039/1039/1 1052/1052/1 1053/1053/1
f 1054/1054/1 1041/1041/1 1040/1040/1
f 1040/1040/1 1053/1053/1 1054/1054/1
f 1042/1042/1 1041/1041/1 1055/1055/1
f 1054/1054/1 1055/1055/1 1041/1041/1
f 1056/1056/1 1057/1057/1 1044/1044/1
f 1044/1044/1 1043/1043/1 1056/1056/1
f 1058/1058/1 1045/1045/1 1044/1044/1
f 1044/1044/1 1057/1057/1 1058/1058/1
f 1059/1059/1 1046/1046/1 1045/1045/1
f 1045/1045/1 1058/1058/1 1059/1059/1
f 1060/1060/1 1047/1047/1 1046/1046/1
f 1046/1046/1 1059/1059/1 1060/1060/1
f 1048/1048/1 1047/1047/1 1061/1061/1
f 1060/1060/1 1061/1061/1 1047/1047/1
f 1049/1049/1 1062/1062/1 1050/1050/1
f 1063/1063/1 1052/1052/1 1062/1062/1
f 1062/1062/1 1064/1064/1 1063/1063/1
f 1050/1050/1 1062/1062/1 1052/1052/1
f 1065/1065/1 1053/1053/1 1052/1052/1
f 1052/1052/1 1063/1063/1 1065/1065/1
f 1066/1066/1 1054/1054/1 1053/1053/1
f 1053/1053/1 1065/1065/1 1066/1066/1
f 1055/1055/1 1054/1054/1 1067/1067/1
f 1066/1066/1 1068/1068/1 1067/1067/1
f 1066/1066/1 1067/1067/1 1054/1054/1
f 1069/1069/1 1070/1070/1 1057/1057/1
f 1057/1057/1 1056/1056/1 1069/1069/1
f 1071/1071/1 1058/1058/1 1057/1057/1
f 1057/1057/1 1070/1070/1 1071/1071/1
f 1072/1072/1 1059/1059/1 1058/1058/1
f 1058/1058/1 1071/1071/1 1072/1072/1
f 1073/1073/1 1060/1060/1 1059/1059/1
f 1059/1059/1 1072/1072/1 1073/1073/1
f 1061/1061/1 1060/1060/1 1074/1074/1
f 1075/1075/1 1074/1074/1 1060/1060/1
f 1073/1073/1 1076/1076/1 1075/1075/1
f 1073/1073/1 1075/1075/1 1060/1060/1
f 1077/1077/1 1078/1078/1 1063/1063/1
f 1063/1063/1 1064/1064/1 1077/1077/1
f 1079/1079/1 1065/1065/1 1063/1063/1
f 1063/1063/1 1078/1078/1 1079/1079/1
f 1080/1080/1 1066/1066/1 1065/1065/1
f 1065/1065/1 1079/1079/1 1080/1080/1
f 1068/1068/1 1066/1066/1 1080/1080/1
f 1080/1080/1 1081/1081/1 1068/1068/1
f 1082/1082/1 1083/1083/1 1084/1084/1
f 1070/1070/1 1069/1069/1 1084/1084/1
f 1070/1070/1 1084/1084/1 1083/1083/1
f 1085/1085/1 1071/1071/1 1070/1070/1
f 1070/1070/1 1083/1083/1 1085/1085/1
f 1086/1086/1 1072/1072/1 1071/1071/1
f 1071/1071/1 1085/1085/1 1086/1086/1
f 1073/1073/1 1072/1072/1 1087/1087/1
f 1088/1088/1 1087/1087/1 1072/1072/1
f 1086/1086/1 1088/1088/1 1072/1072/1
f 1087/1087/1 1076/1076/1 1073/1073/1
f 1089/1089/1 1090/1090/1 1091/1091/1
f 1077/1077/1 1091/1091/1 1078/1078/1
f 1078/1078/1 1091/1091/1 1090/1090/1
f 1092/1092/1 1079/1079/1 1078/1078/1
f 1078/1078/1 1090/1090/1 1092/1092/1
f 1093/1093/1 1080/1080/1 1079/1079/1
f 1079/1079/1 1092/1092/1 1093/1093/1
f 1080/1080/1 1093/1093/1 1094/1094/1
f 1094/1094/1 1081/1081/1 1080/1080/1
f 1095/1095/1 1094/1094/1 1093/1093/1
f 1096/1096/1 1094/1094/1 1095/1095/1
f 1097/1097/1 1098/1098/1 1099/1099/1
f 1099/1099/1 1100/1100/1 1097/1097/1
f 1082/1082/1 1097/1097/1 1083/1083/1
f 1100/1100/1 1083/1083/1 1097/1097/1
f 1101/1101/1 1085/1085/1 1083/1083/1
f 1083/1083/1 1100/1100/1 1101/1101/1
f 1102/1102/1 1086/1086/1 1085/1085/1
f 1085/1085/1 1101/1101/1 1102/1102/1
f 1088/1088/1 1086/1086/1 1103/1103/1
f 1102/1102/1 1103/1103/1 1086/1086/1
f 1104/1104/1 1105/1105/1 1106/1106/1
f 1089/1089/1 1106/1106/1 1090/1090/1
f 1090/1090/1 1106/1106/1 1105/1105/1
f 1107/1107/1 1092/1092/1 1090/1090/1
f 1090/1090/1 1105/1105/1 1107/1107/1
f 1108/1108/1 1093/1093/1 1092/1092/1
f 1092/1092/1 1107/1107/1 1108/1108/1
f 1109/1109/1 1095/1095/1 1093/1093/1
f 1093/1093/1 1108/1108/1 1109/1109/1
f 1096/1096/1 1095/1095/1 1110/1110/1
f 1111/1111/1 1110/1110/1 1109/1109/1
f 1109/1109/1 1110/1110/1 1095/1095/1
f 1112/1112/1 1113/1113/1 1114/1114/1
f 1099/1099/1 1098/1098/1 1114/1114/1
f 1099/1099/1 1114/1114/1 1113/1113/1
f 1115/1115/1 1100/1100/1 1099/1099/1
f 1099/1099/1 1113/1113/1 1115/1115/1
f 1116/1116/1 1101/1101/1 1100/1100/1
f 1100/1100/1 1115/1115/1 1116/1116/1
f 1117/1117/1 1102/1102/1 1101/1101/1
f 1101/1101/1 1116/1116/1 1117/1117/1
f 1103/1103/1 1102/1102/1 1118/1118/1
f 1119/1119/1 1118/1118/1 1102/1102/1
f 1117/1117/1 1120/1120/1 1119/1119/1
f 1117/1117/1 1119/1119/1 1102/1102/1
f 1121/1121/1 1122/1122/1 1105/1105/1
f 1105/1105/1 1104/1104/1 1121/1121/1
f 1123/1123/1 1107/1107/1 1105/1105/1
f 1105/1105/1 1122/1122/1 1123/1123/1
f 1124/1124/1 1108/1108/1 1107/1107/1
f 1107/1107/1 1123/1123/1 1124/1124/1
f 1125/1125/1 1109/1109/1 1108/1108/1
f 1108/1108/1 1124/1124/1 1125/1125/1
f 1111/1111/1 1109/1109/1 1125/1125/1
f 1125/1125/1 1126/1126/1 1111/1111/1
f 1127/1127/1 1128/1128/1 1112/1112/1
f 1113/1113/1 1112/1112/1 1128/1128/1
f 1129/1129/1 1115/1115/1 1113/1113/1
f 1113/1113/1 1128/1128/1 1129/1129/1
f 1130/1130/1 1116/1116/1 1115/1115/1
f 1115/1115/1 1129/1129/1 1130/1130/1
f 1117/1117/1 1116/1116/1 1131/1131/1
f 1132/1132/1 1131/1131/1 1130/1130/1
f 1116/1116/1 1130/1130/1 1131/1131/1
f 1131/1131/1 1120/1120/1 1117/1117/1
f 1133/1133/1 1134/1134/1 1135/1135/1
f 1121/1121/1 1135/1135/1 1122/1122/1
f 1122/1122/1 1135/1135/1 1134/1134/1
f 1136/1136/1 1123/1123/1 1122/1122/1
f 1122/1122/1 1134/1134/1 1136/1136/1
f 1137/1137/1 1124/1124/1 1123/1123/1
f 1123/1123/1 1136/1136/1 1137/1137/1
f 1138/1138/1 1125/1125/1 1124/1124/1
f 1124/1124/1 1137/1137/1 1138/1138/1
f 1126/1126/1 1125/1125/1 1138/1138/1
f 1138/1138/1 1139/1139/1 1126/1126/1
f 1140/1140/1 1141/1141/1 1142/1142/1
f 1142/1142/1 1143/1143/1 1140/1140/1
f 1127/1127/1 1140/1140/1 1128/1128/1
f 1143/1143/1 1128/1128/1 1140/1140/1
f 1144/1144/1 1129/1129/1 1128/1128/1
f 1128/1128/1 1143/1143/1 1144/1144/1
f 1145/1145/1 1130/1130/1 1129/1129/1
f 1129/1129/1 1144/1144/1 1145/1145/1
f 1132/1132/1 1130/1130/1 1146/1146/1
f 1145/1145/1 1147/1147/1 1146/1146/1
f 1145/1145/1 1146/1146/1 1130/1130/1
f 1148/1148/1 1149/1149/1 1134/1134/1
f 1134/1134/1 1133/1133/1 1148/1148/1
f 1150/1150/1 1151/1151/1 1149/1149/1
f 1150/1150/1 1152/1152/1 1151/1151/1
f 1134/1134/1 1149/1149/1 1136/1136/1
f 1136/1136/1 1149/1149/1 1151/1151/1
f 1153/1153/1 1137/1137/1 1136/1136/1
f 1136/1136/1 1151/1151/1 1153/1153/1
f 1154/1154/1 1138/1138/1 1137/1137/1
f 1137/1137/1 1153/1153/1 1154/1154/1
f 1139/1139/1 1138/1138/1 1154/1154/1
f 1154/1154/1 1155/1155/1 1139/1139/1
f 1156/1156/1 1157/1157/1 1158/1158/1
f 1142/1142/1 1141/1141/1 1158/1158/1
f 1142/1142/1 1158/1158/1 1157/1157/1
f 1159/1159/1 1143/1143/1 1142/1142/1
f 1142/1142/1 1157/1157/1 1159/1159/1
f 1160/1160/1 1144/1144/1 1143/1143/1
f 1143/1143/1 1159/1159/1 1160/1160/1
f 1161/1161/1 1145/1145/1 1144/1144/1
f 1144/1144/1 1160/1160/1 1161/1161/1
f 1147/1147/1 1145/1145/1 1162/1162/1
f 1161/1161/1 1162/1162/1 1145/1145/1
f 1163/1163/1 1164/1164/1 1151/1151/1
f 1151/1151/1 1152/1152/1 1163/1163/1
f 1165/1165/1 1153/1153/1 1151/1151/1
f 1151/1151/1 1164/1164/1 1165/1165/1
f 1166/1166/1 1154/1154/1 1153/1153/1
f 1153/1153/1 1165/1165/1 1166/1166/1
f 1154/1154/1 1166/1166/1 1167/1167/1
f 1167/1167/1 1155/1155/1 1154/1154/1
f 1168/1168/1 1169/1169/1 1166/1166/1
f 1167/1167/1 1166/1166/1 1169/1169/1
f 1170/1170/1 1169/1169/1 1168/1168/1
f 1171/1171/1 1172/1172/1 1173/1173/1
f 1173/1173/1 1174/1174/1 1171/1171/1
f 1156/1156/1 1171/1171/1 1157/1157/1
f 1174/1174/1 1157/1157/1 1171/1171/1
f 1175/1175/1 1159/1159/1 1157/1157/1
f 1157/1157/1 1174/1174/1 1175/1175/1
f 1176/1176/1 1160/1160/1 1159/1159/1
f 1159/1159/1 1175/1175/1 1176/1176/1
f 1177/1177/1 1161/1161/1 1160/1160/1
f 1160/1160/1 1176/1176/1 1177/1177/1
f 1162/1162/1 1161/1161/1 1178/1178/1
f 1177/1177/1 1179/1179/1 1178/1178/1
f 1177/1177/1 1178/1178/1 1161/1161/1
f 1180/1180/1 1181/1181/1 1164/1164/1
f 1164/1164/1 1163/1163/1 1180/1180/1
f 1182/1182/1 1165/1165/1 1164/1164/1
f 1164/1164/1 1181/1181/1 1182/1182/1
f 1183/1183/1 1166/1166/1 1165/1165/1
f 1165/1165/1 1182/1182/1 1183/1183/1
f 1184/1184/1 1168/1168/1 1166/1166/1
f 1166/1166/1 1183/1183/1 1184/1184/1
f 1170/1170/1 1168/1168/1 1184/1184/1
f 1184/1184/1 1185/1185/1 1170/1170/1
f 1186/1186/1 1187/1187/1 1188/1188/1
f 1172/1172/1 1188/1188/1 1173/1173/1
f 1187/1187/1 1173/1173/1 1188/1188/1
f 1189/1189/1 1174/1174/1 1173/1173/1
f 1173/1173/1 1187/1187/1 1189/1189/1
f 1190/1190/1 1175/1175/1 1174/1174/1
f 1174/1174/1 1189/1189/1 1190/1190/1
f 1191/1191/1 1176/1176/1 1175/1175/1
f 1175/1175/1 1190/1190/1 1191/1191/1
f 1177/1177/1 1176/1176/1 1192/1192/1
f 1193/1193/1 1192/1192/1 1191/1191/1
f 1176/1176/1 1191/1191/1 1192/1192/1
f 1192/1192/1 1179/1179/1 1177/1177/1
f 1194/1194/1 1195/1195/1 1181/1181/1
f 1181/1181/1 1180/1180/1 1194/1194/1
f 1196/1196/1 1182/1182/1 1197/1197/1
f 1197/1197/1 1198/1198/1 1196/1196/1
f 1181/1181/1 1195/1195/1 1182/1182/1
f 1197/1197/1 1182/1182/1 1195/1195/1
f 1199/1199/1 1183/1183/1 1182/1182/1
f 1182/1182/1 1196/1196/1 1199/1199/1
f 1200/1200/1 1184/1184/1 1183/1183/1
f 1183/1183/1 1199/1199/1 1200/1200/1
f 1201/1201/1 1184/1184/1 1202/1202/1
f 1201/1201/1 1185/1185/1 1184/1184/1
f 1203/1203/1 1202/1202/1 1200/1200/1
f 1200/1200/1 1202/1202/1 1184/1184/1
f 1204/1204/1 1202/1202/1 1203/1203/1
f 1205/1205/1 1206/1206/1 1186/1186/1
f 1187/1187/1 1186/1186/1 1206/1206/1
f 1207/1207/1 1189/1189/1 1187/1187/1
f 1187/1187/1 1206/1206/1 1207/1207/1
f 1208/1208/1 1190/1190/1 1189/1189/1
f 1189/1189/1 1207/1207/1 1208/1208/1
f 1209/1209/1 1191/1191/1 1190/1190/1
f 1190/1190/1 1208/1208/1 1209/1209/1
f 1193/1193/1 1191/1191/1 1210/1210/1
f 1209/1209/1 1210/1210/1 1191/1191/1
f 1211/1211/1 1212/1212/1 1196/1196/1
f 1196/1196/1 1198/1198/1 1211/1211/1
f 1213/1213/1 1199/1199/1 1196/1196/1
f 1196/1196/1 1212/1212/1 1213/1213/1
f 1214/1214/1 1200/1200/1 1199/1199/1
f 1199/1199/1 1213/1213/1 1214/1214/1
f 1215/1215/1 1203/1203/1 1200/1200/1
f 1200/1200/1 1214/1214/1 1215/1215/1
f 1204/1204/1 1203/1203/1 1215/1215/1
f 1215/1215/1 1216/1216/1 1204/1204/1
f 1217/1217/1 1218/1218/1 1205/1205/1
f 1206/1206/1 1205/1205/1 1218/1218/1
f 1219/1219/1 1207/1207/1 1206/1206/1
f 1206/1206/1 1218/1218/1 1219/1219/1
f 1220/1220/1 1208/1208/1 1207/1207/1
f 1207/1207/1 1219/1219/1 1220/1220/1
f 1221/1221/1 1209/1209/1 1208/1208/1
f 1208/1208/1 1220/1220/1 1221/1221/1
f 1210/1210/1 1209/1209/1 1222/1222/1
f 1221/1221/1 1223/1223/1 1222/1222/1
f 1221/1221/1 1222/1222/1 1209/1209/1
f 1211/1211/1 1224/1224/1 1212/1212/1
f 1225/1225/1 1213/1213/1 1226/1226/1
f 1227/1227/1 1228/1228/1 1225/1225/1
f 1224/1224/1 1226/1226/1 1213/1213/1
f 1212/1212/1 1224/1224/1 1213/1213/1
f 1227/1227/1 1225/1225/1 1226/1226/1
f 1229/1229/1 1214/1214/1 1213/1213/1
f 1213/1213/1 1225/1225/1 1229/1229/1
f 1230/1230/1 1215/1215/1 1214/1214/1
f 1214/1214/1 1229/1229/1 1230/1230/1
f 1215/1215/1 1230/1230/1 1231/1231/1
f 1231/1231/1 1216/1216/1 1215/1215/1
f 1232/1232/1 1233/1233/1 1230/1230/1
f 1231/1231/1 1230/1230/1 1233/1233/1
f 1234/1234/1 1233/1233/1 1232/1232/1
f 1235/1235/1 1236/1236/1 1237/1237/1
f 1238/1238/1 1239/1239/1 1237/1237/1
f 1235/1235/1 1237/1237/1 1218/1218/1
f 1218/1218/1 1217/1217/1 1235/1235/1
f 1239/1239/1 1218/1218/1 1237/1237/1
f 1240/1240/1 1219/1219/1 1218/1218/1
f 1218/1218/1 1239/1239/1 1240/1240/1
f 1241/1241/1 1220/1220/1 1219/1219/1
f 1219/1219/1 1240/1240/1 1241/1241/1
f 1242/1242/1 1221/1221/1 1220/1220/1
f 1220/1220/1 1241/1241/1 1242/1242/1
f 1223/1223/1 1221/1221/1 1243/1243/1
f 1242/1242/1 1243/1243/1 1221/1221/1
f 1244/1244/1 1245/1245/1 1225/1225/1
f 1225/1225/1 1228/1228/1 1244/1244/1
f 1246/1246/1 1229/1229/1 1225/1225/1
f 1225/1225/1 1245/1245/1 1246/1246/1
f 1247/1247/1 1230/1230/1 1229/1229/1
f 1229/1229/1 1246/1246/1 1247/1247/1
f 1248/1248/1 1232/1232/1 1230/1230/1
f 1230/1230/1 1247/1247/1 1248/1248/1
f 1234/1234/1 1232/1232/1 1248/1248/1
f 1248/1248/1 1249/1249/1 1234/1234/1
f 1250/1250/1 1251/1251/1 1239/1239/1
f 1239/1239/1 1238/1238/1 1250/1250/1
f 1252/1252/1 1240/1240/1 1239/1239/1
f 1239/1239/1 1251/1251/1 1252/1252/1
f 1253/1253/1 1241/1241/1 1240/1240/1
f 1240/1240/1 1252/1252/1 1253/1253/1
f 1254/1254/1 1242/1242/1 1241/1241/1
f 1241/1241/1 1253/1253/1 1254/1254/1
f 1243/1243/1 1242/1242/1 1255/1255/1
f 1254/1254/1 1255/1255/1 1242/1242/1
f 1244/1244/1 1256/1256/1 1245/1245/1
f 1257/1257/1 1246/1246/1 1258/1258/1
f 1259/1259/1 1258/1258/1 1246/1246/1
f 1245/1245/1 1256/1256/1 1259/1259/1
f 1245/1245/1 1259/1259/1 1246/1246/1
f 1260/1260/1 1247/1247/1 1246/1246/1
f 1246/1246/1 1257/1257/1 1260/1260/1
f 1261/1261/1 1248/1248/1 1247/1247/1
f 1247/1247/1 1260/1260/1 1261/1261/1
f 1248/1248/1 1261/1261/1 1262/1262/1
f 1262/1262/1 1249/1249/1 1248/1248/1
f 1263/1263/1 1264/1264/1 1262/1262/1
f 1263/1263/1 1262/1262/1 1261/1261/1
f 1265/1265/1 1264/1264/1 1263/1263/1
f 1266/1266/1 1267/1267/1 1251/1251/1
f 1251/1251/1 1250/1250/1 1266/1266/1
f 1268/1268/1 1252/1252/1 1251/1251/1
f 1251/1251/1 1267/1267/1 1268/1268/1
f 1269/1269/1 1253/1253/1 1252/1252/1
f 1252/1252/1 1268/1268/1 1269/1269/1
f 1254/1254/1 1253/1253/1 1270/1270/1
f 1271/1271/1 1270/1270/1 1269/1269/1
f 1253/1253/1 1269/1269/1 1270/1270/1
f 1272/1272/1 1255/1255/1 1254/1254/1
f 1270/1270/1 1273/1273/1 1254/1254/1
f 1272/1272/1 1254/1254/1 1273/1273/1
f 1274/1274/1 1275/1275/1 1276/1276/1
f 1257/1257/1 1258/1258/1 1276/1276/1
f 1257/1257/1 1276/1276/1 1275/1275/1
f 1277/1277/1 1260/1260/1 1257/1257/1
f 1257/1257/1 1275/1275/1 1277/1277/1
f 1278/1278/1 1261/1261/1 1260/1260/1
f 1260/1260/1 1277/1277/1 1278/1278/1
f 1279/1279/1 1263/1263/1 1261/1261/1
f 1261/1261/1 1278/1278/1 1279/1279/1
f 1263/1263/1 1279/1279/1 1265/1265/1
f 1280/1280/1 1265/1265/1 1279/1279/1
f 1281/1281/1 1280/1280/1 1279/1279/1
f 1282/1282/1 1280/1280/1 1281/1281/1
f 1281/1281/1 1283/1283/1 1282/1282/1
f 1284/1284/1 1285/1285/1 1267/1267/1
f 1267/1267/1 1266/1266/1 1284/1284/1
f 1286/1286/1 1268/1268/1 1267/1267/1
f 1267/1267/1 1285/1285/1 1286/1286/1
f 1287/1287/1 1269/1269/1 1268/1268/1
f 1268/1268/1 1286/1286/1 1287/1287/1
f 1271/1271/1 1269/1269/1 1288/1288/1
f 1287/1287/1 1288/1288/1 1269/1269/1
f 1274/1274/1 1289/1289/1 1275/1275/1
f 1290/1290/1 1277/1277/1 1289/1289/1
f 1289/1289/1 1291/1291/1 1290/1290/1
f 1275/1275/1 1289/1289/1 1277/1277/1
f 1292/1292/1 1278/1278/1 1277/1277/1
f 1277/1277/1 1290/1290/1 1292/1292/1
f 1293/1293/1 1279/1279/1 1278/1278/1
f 1278/1278/1 1292/1292/1 1293/1293/1
f 1294/1294/1 1281/1281/1 1279/1279/1
f 1279/1279/1 1293/1293/1 1294/1294/1
f 1283/1283/1 1281/1281/1 1294/1294/1
f 1294/1294/1 1295/1295/1 1283/1283/1
f 1296/1296/1 1297/1297/1 1298/1298/1
f 1298/1298/1 1299/1299/1 1300/1300/1
f 1300/1300/1 1296/1296/1 1298/1298/1
f 1285/1285/1 1284/1284/1 1300/1300/1
f 1285/1285/1 1300/1300/1 1299/1299/1
f 1301/1301/1 1286/1286/1 1285/1285/1
f 1285/1285/1 1299/1299/1 1301/1301/1
f 1302/1302/1 1287/1287/1 1286/1286/1
f 1286/1286/1 1301/1301/1 1302/1302/1
f 1288/1288/1 1287/1287/1 1303/1303/1
f 1302/1302/1 1303/1303/1 1287/1287/1
f 1304/1304/1 1305/1305/1 1306/1306/1
f 1291/1291/1 1306/1306/1 1290/1290/1
f 1290/1290/1 1306/1306/1 1305/1305/1
f 1307/1307/1 1292/1292/1 1290/1290/1
f 1290/1290/1 1305/1305/1 1307/1307/1
f 1308/1308/1 1293/1293/1 1292/1292/1
f 1292/1292/1 1307/1307/1 1308/1308/1
f 1309/1309/1 1294/1294/1 1293/1293/1
f 1293/1293/1 1308/1308/1 1309/1309/1
f 1294/1294/1 1309/1309/1 1310/1310/1
f 1310/1310/1 1295/1295/1 1294/1294/1
f 1311/1311/1 1310/1310/1 1309/1309/1
f 1312/1312/1 1310/1310/1 1311/1311/1
f 1313/1313/1 1314/1314/1 1315/1315/1
f 1315/1315/1 1316/1316/1 1313/1313/1
f 1315/1315/1 1317/1317/1 1316/1316/1
f 1297/1297/1 1316/1316/1 1317/1317/1
f 1298/1298/1 1297/1297/1 1317/1317/1
f 1318/1318/1 1299/1299/1 1298/1298/1
f 1298/1298/1 1317/1317/1 1318/1318/1
f 1319/1319/1 1301/1301/1 1299/1299/1
f 1299/1299/1 1318/1318/1 1319/1319/1
f 1320/1320/1 1302/1302/1 1301/1301/1
f 1301/1301/1 1319/1319/1 1320/1320/1
f 1303/1303/1 1302/1302/1 1321/1321/1
f 1322/1322/1 1321/1321/1 1302/1302/1
f 1320/1320/1 1323/1323/1 1322/1322/1
f 1320/1320/1 1322/1322/1 1302/1302/1
f 1324/1324/1 1325/1325/1 1326/1326/1
f 1304/1304/1 1326/1326/1 1305/1305/1
f 1305/1305/1 1326/1326/1 1325/1325/1
f 1327/1327/1 1307/1307/1 1305/1305/1
f 1305/1305/1 1325/1325/1 1327/1327/1
f 1328/1328/1 1308/1308/1 1307/1307/1
f 1307/1307/1 1327/1327/1 1328/1328/1
f 1329/1329/1 1309/1309/1 1308/1308/1
f 1308/1308/1 1328/1328/1 1329/1329/1
f 1330/1330/1 1311/1311/1 1309/1309/1
f 1309/1309/1 1329/1329/1 1330/1330/1
f 1312/1312/1 1311/1311/1 1331/1331/1
f 1332/1332/1 1331/1331/1 1330/1330/1
f 1330/1330/1 1331/1331/1 1311/1311/1
f 1333/1333/1 1334/1334/1 1314/1314/1
f 1315/1315/1 1314/1314/1 1334/1334/1
f 1335/1335/1 1317/1317/1 1315/1315/1
f 1315/1315/1 1334/1334/1 1335/1335/1
f 1336/1336/1 1318/1318/1 1317/1317/1
f 1317/1317/1 1335/1335/1 1336/1336/1
f 1337/1337/1 1319/1319/1 1318/1318/1
f 1318/1318/1 1336/1336/1 1337/1337/1
f 1320/1320/1 1319/1319/1 1338/1338/1
f 1339/1339/1 1338/1338/1 1319/1319/1
f 1337/1337/1 1340/1340/1 1339/1339/1
f 1337/1337/1 1339/1339/1 1319/1319/1
f 1341/1341/1 1323/1323/1 1320/1320/1
f 1320/1320/1 1338/1338/1 1341/1341/1
f 1324/1324/1 1342/1342/1 1325/1325/1
f 1343/1343/1 1327/1327/1 1344/1344/1
f 1342/1342/1 1344/1344/1 1327/1327/1
f 1325/1325/1 1342/1342/1 1327/1327/1
f 1345/1345/1 1328/1328/1 1327/1327/1
f 1327/1327/1 1343/1343/1 1345/1345/1
f 1346/1346/1 1329/1329/1 1328/1328/1
f 1328/1328/1 1345/1345/1 1346/1346/1
f 1347/1347/1 1330/1330/1 1329/1329/1
f 1329/1329/1 1346/1346/1 1347/1347/1
f 1332/1332/1 1330/1330/1 1347/1347/1
f 1347/1347/1 1348/1348/1 1332/1332/1
f 1349/1349/1 1350/1350/1 1333/1333/1
f 1334/1334/1 1333/1333/1 1350/1350/1
f 1351/1351/1 1335/1335/1 1334/1334/1
f 1334/1334/1 1350/1350/1 1351/1351/1
f 1352/1352/1 1336/1336/1 1335/1335/1
f 1335/1335/1 1351/1351/1 1352/1352/1
f 1353/1353/1 1337/1337/1 1336/1336/1
f 1336/1336/1 1352/1352/1 1353/1353/1
f 1340/1340/1 1337/1337/1 1354/1354/1
f 1353/1353/1 1354/1354/1 1337/1337/1
f 1355/1355/1 1356/1356/1 1357/1357/1
f 1358/1358/1 1357/1357/1 1343/1343/1
f 1343/1343/1 1344/1344/1 1358/1358/1
f 1343/1343/1 1357/1357/1 1356/1356/1
f 1359/1359/1 1345/1345/1 1343/1343/1
f 1343/1343/1 1356/1356/1 1359/1359/1
f 1360/1360/1 1346/1346/1 1345/1345/1
f 1345/1345/1 1359/1359/1 1360/1360/1
f 1361/1361/1 1347/1347/1 1346/1346/1
f 1346/1346/1 1360/1360/1 1361/1361/1
f 1347/1347/1 1361/1361/1 1362/1362/1
f 1362/1362/1 1348/1348/1 1347/1347/1
f 1363/1363/1 1364/1364/1 1362/1362/1
f 1363/1363/1 1362/1362/1 1361/1361/1
f 1365/1365/1 1364/1364/1 1363/1363/1
f 1366/1366/1 1367/1367/1 1349/1349/1
f 1350/1350/1 1349/1349/1 1367/1367/1
f 1368/1368/1 1351/1351/1 1350/1350/1
f 1350/1350/1 1367/1367/1 1368/1368/1
f 1369/1369/1 1352/1352/1 1351/1351/1
f 1351/1351/1 1368/1368/1 1369/1369/1
f 1353/1353/1 1352/1352/1 1370/1370/1
f 1371/1371/1 1370/1370/1 1352/1352/1
f 1372/1372/1 1373/1373/1 1369/1369/1
f 1352/1352/1 1369/1369/1 1373/1373/1
f 1371/1371/1 1352/1352/1 1373/1373/1
f 1370/1370/1 1354/1354/1 1353/1353/1
f 1355/1355/1 1374/1374/1 1356/1356/1
f 1375/1375/1 1359/1359/1 1376/1376/1
f 1376/1376/1 1377/1377/1 1375/1375/1
f 1374/1374/1 1378/1378/1 1356/1356/1
f 1359/1359/1 1356/1356/1 1378/1378/1
f 1378/1378/1 1376/1376/1 1359/1359/1
f 1379/1379/1 1360/1360/1 1359/1359/1
f 1359/1359/1 1375/1375/1 1379/1379/1
f 1380/1380/1 1361/1361/1 1360/1360/1
f 1360/1360/1 1379/1379/1 1380/1380/1
f 1381/1381/1 1363/1363/1 1361/1361/1
f 1361/1361/1 1380/1380/1 1381/1381/1
f 1363/1363/1 1381/1381/1 1365/1365/1
f 1382/1382/1 1365/1365/1 1381/1381/1
f 1383/1383/1 1382/1382/1 1381/1381/1
f 1384/1384/1 1382/1382/1 1383/1383/1
f 1383/1383/1 1385/1385/1 1384/1384/1
f 1386/1386/1 1387/1387/1 1388/1388/1
f 1386/1386/1 1388/1388/1 1389/1389/1
f 1390/1390/1 1389/1389/1 1391/1391/1
f 1388/1388/1 1391/1391/1 1389/1389/1
f 1392/1392/1 1390/1390/1 1391/1391/1
f 1391/1391/1 1393/1393/1 1392/1392/1
f 1394/1394/1 1395/1395/1 1396/1396/1
f 1396/1396/1 1397/1397/1 1394/1394/1
f 1398/1398/1 1397/1397/1 1396/1396/1
f 1399/1399/1 1400/1400/1 1401/1401/1
f 1399/1399/1 1401/1401/1 1402/1402/1
f 1403/1403/1 1404/1404/1 1402/1402/1
f 1403/1403/1 1402/1402/1 1401/1401/1
f 1404/1404/1 1403/1403/1 1405/1405/1
f 1405/1405/1 1406/1406/1 1404/1404/1
f 1405/1405/1 1407/1407/1 1408/1408/1
f 1408/1408/1 1406/1406/1 1405/1405/1
f 1367/1367/1 1366/1366/1 1408/1408/1
f 1367/1367/1 1408/1408/1 1407/1407/1
f 1409/1409/1 1368/1368/1 1367/1367/1
f 1367/1367/1 1407/1407/1 1409/1409/1
f 1369/1369/1 1368/1368/1 1410/1410/1
f 1411/1411/1 1410/1410/1 1368/1368/1
f 1409/1409/1 1412/1412/1 1411/1411/1
f 1409/1409/1 1411/1411/1 1368/1368/1
f 1413/1413/1 1372/1372/1 1369/1369/1
f 1369/1369/1 1410/1410/1 1413/1413/1
f 1377/1377/1 1414/1414/1 1375/1375/1
f 1415/1415/1 1379/1379/1 1416/1416/1
f 1414/1414/1 1416/1416/1 1379/1379/1
f 1375/1375/1 1414/1414/1 1379/1379/1
f 1417/1417/1 1380/1380/1 1379/1379/1
f 1379/1379/1 1415/1415/1 1417/1417/1
f 1418/1418/1 1381/1381/1 1380/1380/1
f 1380/1380/1 1417/1417/1 1418/1418/1
f 1419/1419/1 1383/1383/1 1381/1381/1
f 1381/1381/1 1418/1418/1 1419/1419/1
f 1383/1383/1 1419/1419/1 1385/1385/1
f 1420/1420/1 1385/1385/1 1419/1419/1
f 1421/1421/1 1420/1420/1 1419/1419/1
f 1420/1420/1 1421/1421/1 1422/1422/1
f 1423/1423/1 1424/1424/1 1422/1422/1
f 1423/1423/1 1422/1422/1 1421/1421/1
f 1423/1423/1 1425/1425/1 1387/1387/1
f 1387/1387/1 1424/1424/1 1423/1423/1
f 1388/1388/1 1387/1387/1 1425/1425/1
f 1426/1426/1 1391/1391/1 1388/1388/1
f 1388/1388/1 1425/1425/1 1426/1426/1
f 1391/1391/1 1426/1426/1 1393/1393/1
f 1427/1427/1 1393/1393/1 1426/1426/1
f 1428/1428/1 1427/1427/1 1426/1426/1
f 1429/1429/1 1427/1427/1 1428/1428/1
f 1428/1428/1 1430/1430/1 1429/1429/1
f 1431/1431/1 1432/1432/1 1433/1433/1
f 1433/1433/1 1434/1434/1 1431/1431/1
f 1395/1395/1 1431/1431/1 1396/1396/1
f 1434/1434/1 1396/1396/1 1431/1431/1
f 1396/1396/1 1434/1434/1 1398/1398/1
f 1435/1435/1 1398/1398/1 1436/1436/1
f 1436/1436/1 1437/1437/1 1435/1435/1
f 1434/1434/1 1436/1436/1 1398/1398/1
f 1436/1436/1 1438/1438/1 1400/1400/1
f 1400/1400/1 1437/1437/1 1436/1436/1
f 1401/1401/1 1400/1400/1 1438/1438/1
f 1439/1439/1 1403/1403/1 1401/1401/1
f 1401/1401/1 1438/1438/1 1439/1439/1
f 1440/1440/1 1405/1405/1 1403/1403/1
f 1403/1403/1 1439/1439/1 1440/1440/1
f 1407/1407/1 1405/1405/1 1441/1441/1
f 1441/1441/1 1442/1442/1 1407/1407/1
f 1440/1440/1 1441/1441/1 1405/1405/1
f 1443/1443/1 1409/1409/1 1444/1444/1
f 1442/1442/1 1444/1444/1 1407/1407/1
f 1407/1407/1 1444/1444/1 1409/1409/1
f 1445/1445/1 1412/1412/1 1409/1409/1
f 1409/1409/1 1443/1443/1 1445/1445/1
f 1446/1446/1 1447/1447/1 1415/1415/1
f 1416/1416/1 1448/1448/1 1415/1415/1
f 1446/1446/1 1415/1415/1 1448/1448/1
f 1449/1449/1 1417/1417/1 1450/1450/1
f 1451/1451/1 1450/1450/1 1417/1417/1
f 1415/1415/1 1447/1447/1 1417/1417/1
f 1451/1451/1 1417/1417/1 1447/1447/1
f 1452/1452/1 1418/1418/1 1417/1417/1
f 1417/1417/1 1449/1449/1 1452/1452/1
f 1453/1453/1 1419/1419/1 1418/1418/1
f 1418/1418/1 1452/1452/1 1453/1453/1
f 1454/1454/1 1421/1421/1 1419/1419/1
f 1419/1419/1 1453/1453/1 1454/1454/1
f 1455/1455/1 1423/1423/1 1421/1421/1
f 1421/1421/1 1454/1454/1 1455/1455/1
f 1456/1456/1 1425/1425/1 1423/1423/1
f 1423/1423/1 1455/1455/1 1456/1456/1
f 1457/1457/1 1426/1426/1 1425/1425/1
f 1425/1425/1 1456/1456/1 1457/1457/1
f 1458/1458/1 1428/1428/1 1426/1426/1
f 1426/1426/1 1457/1457/1 1458/1458/1
f 1430/1430/1 1428/1428/1 1458/1458/1
f 1458/1458/1 1459/1459/1 1430/1430/1
f 1460/1460/1 1461/1461/1 1462/1462/1
f 1432/1432/1 1462/1462/1 1433/1433/1
f 1461/1461/1 1433/1433/1 1462/1462/1
f 1463/1463/1 1434/1434/1 1433/1433/1
f 1433/1433/1 1461/1461/1 1463/1463/1
f 1464/1464/1 1436/1436/1 1434/1434/1
f 1434/1434/1 1463/1463/1 1464/1464/1
f 1465/1465/1 1438/1438/1 1436/1436/1
f 1436/1436/1 1464/1464/1 1465/1465/1
f 1439/1439/1 1438/1438/1 1466/1466/1
f 1466/1466/1 1467/1467/1 1439/1439/1
f 1465/1465/1 1466/1466/1 1438/1438/1
f 1468/1468/1 1440/1440/1 1469/1469/1
f 1470/1470/1 1469/1469/1 1439/1439/1
f 1439/1439/1 1467/1467/1 1470/1470/1
f 1439/1439/1 1469/1469/1 1440/1440/1
f 1471/1471/1 1441/1441/1 1440/1440/1
f 1440/1440/1 1468/1468/1 1471/1471/1
f 1472/1472/1 1473/1473/1 1449/1449/1
f 1449/1449/1 1450/1450/1 1472/1472/1
f 1474/1474/1 1452/1452/1 1475/1475/1
f 1476/1476/1 1475/1475/1 1452/1452/1
f 1449/1449/1 1473/1473/1 1476/1476/1
f 1449/1449/1 1476/1476/1 1452/1452/1
f 1477/1477/1 1453/1453/1 1478/1478/1
f 1474/1474/1 1478/1478/1 1452/1452/1
f 1453/1453/1 1452/1452/1 1478/1478/1
f 1479/1479/1 1454/1454/1 1480/1480/1
f 1477/1477/1 1480/1480/1 1453/1453/1
f 1454/1454/1 1453/1453/1 1480/1480/1
f 1481/1481/1 1455/1455/1 1454/1454/1
f 1454/1454/1 1479/1479/1 1481/1481/1
f 1482/1482/1 1456/1456/1 1455/1455/1
f 1455/1455/1 1481/1481/1 1482/1482/1
f 1483/1483/1 1457/1457/1 1456/1456/1
f 1456/1456/1 1482/1482/1 1483/1483/1
f 1484/1484/1 1458/1458/1 1457/1457/1
f 1457/1457/1 1483/1483/1 1484/1484/1
f 1459/1459/1 1458/1458/1 1484/1484/1
f 1484/1484/1 1485/1485/1 1459/1459/1
f 1486/1486/1 1487/1487/1 1488/1488/1
f 1488/1488/1 1489/1489/1 1486/1486/1
f 1460/1460/1 1486/1486/1 1489/1489/1
f 1461/1461/1 1460/1460/1 1489/1489/1
f 1490/1490/1 1463/1463/1 1461/1461/1
f 1461/1461/1 1489/1489/1 1490/1490/1
f 1491/1491/1 1464/1464/1 1463/1463/1
f 1463/1463/1 1490/1490/1 1491/1491/1
f 1465/1465/1 1464/1464/1 1492/1492/1
f 1493/1493/1 1492/1492/1 1491/1491/1
f 1464/1464/1 1491/1491/1 1492/1492/1
f 1494/1494/1 1466/1466/1 1465/1465/1
f 1465/1465/1 1492/1492/1 1495/1495/1
f 1495/1495/1 1494/1494/1 1465/1465/1
f 1496/1496/1 1497/1497/1 1479/1479/1
f 1479/1479/1 1480/1480/1 1496/1496/1
f 1498/1498/1 1499/1499/1 1500/1500/1
f 1479/1479/1 1497/1497/1 1500/1500/1
f 1481/1481/1 1500/1500/1 1499/1499/1
f 1481/1481/1 1479/1479/1 1500/1500/1
f 1501/1501/1 1482/1482/1 1481/1481/1
f 1481/1481/1 1499/1499/1 1501/1501/1
f 1502/1502/1 1483/1483/1 1482/1482/1
f 1482/1482/1 1501/1501/1 1502/1502/1
f 1503/1503/1 1484/1484/1 1483/1483/1
f 1483/1483/1 1502/1502/1 1503/1503/1
f 1484/1484/1 1503/1503/1 1504/1504/1
f 1504/1504/1 1485/1485/1 1484/1484/1
f 1505/1505/1 1504/1504/1 1503/1503/1
f 1506/1506/1 1504/1504/1 1505/1505/1
f 1505/1505/1 1507/1507/1 1506/1506/1
f 1508/1508/1 1509/1509/1 1510/1510/1
f 1488/1488/1 1487/1487/1 1509/1509/1
f 1510/1510/1 1509/1509/1 1487/1487/1
f 1511/1511/1 1489/1489/1 1488/1488/1
f 1488/1488/1 1509/1509/1 1511/1511/1
f 1512/1512/1 1490/1490/1 1489/1489/1
f 1489/1489/1 1511/1511/1 1512/1512/1
f 1513/1513/1 1491/1491/1 1490/1490/1
f 1490/1490/1 1512/1512/1 1513/1513/1
f 1493/1493/1 1491/1491/1 1514/1514/1
f 1515/1515/1 1514/1514/1 1513/1513/1
f 1491/1491/1 1513/1513/1 1514/1514/1
f 1516/1516/1 1517/1517/1 1518/1518/1
f 1519/1519/1 1518/1518/1 1517/1517/1
f 1499/1499/1 1498/1498/1 1519/1519/1
f 1499/1499/1 1519/1519/1 1517/1517/1
f 1520/1520/1 1501/1501/1 1499/1499/1
f 1499/1499/1 1517/1517/1 1520/1520/1
f 1521/1521/1 1502/1502/1 1501/1501/1
f 1501/1501/1 1520/1520/1 1521/1521/1
f 1522/1522/1 1503/1503/1 1502/1502/1
f 1502/1502/1 1521/1521/1 1522/1522/1
f 1523/1523/1 1505/1505/1 1503/1503/1
f 1503/1503/1 1522/1522/1 1523/1523/1
f 1507/1507/1 1505/1505/1 1523/1523/1
f 1523/1523/1 1524/1524/1 1507/1507/1
f 1525/1525/1 1526/1526/1 1508/1508/1
f 1509/1509/1 1508/1508/1 1526/1526/1
f 1527/1527/1 1511/1511/1 1509/1509/1
f 1509/1509/1 1526/1526/1 1527/1527/1
f 1528/1528/1 1512/1512/1 1511/1511/1
f 1511/1511/1 1527/1527/1 1528/1528/1
f 1529/1529/1 1513/1513/1 1512/1512/1
f 1512/1512/1 1528/1528/1 1529/1529/1
f 1515/1515/1 1513/1513/1 1530/1530/1
f 1531/1531/1 1530/1530/1 1529/1529/1
f 1513/1513/1 1529/1529/1 1530/1530/1
f 1516/1516/1 1532/1532/1 1517/1517/1
f 1533/1533/1 1520/1520/1 1534/1534/1
f 1532/1532/1 1534/1534/1 1520/1520/1
f 1517/1517/1 1532/1532/1 1520/1520/1
f 1535/1535/1 1521/1521/1 1520/1520/1
f 1520/1520/1 1533/1533/1 1535/1535/1
f 1536/1536/1 1522/1522/1 1521/1521/1
f 1521/1521/1 1535/1535/1 1536/1536/1
f 1537/1537/1 1523/1523/1 1522/1522/1
f 1522/1522/1 1536/1536/1 1537/1537/1
f 1523/1523/1 1537/1537/1 1538/1538/1
f 1538/1538/1 1524/1524/1 1523/1523/1
f 1539/1539/1 1538/1538/1 1537/1537/1
f 1540/1540/1 1538/1538/1 1539/1539/1
f 1539/1539/1 1541/1541/1 1540/1540/1
f 1542/1542/1 1543/1543/1 1544/1544/1
f 1544/1544/1 1545/1545/1 1542/1542/1
f 1525/1525/1 1542/1542/1 1526/1526/1
f 1545/1545/1 1526/1526/1 1542/1542/1
f 1546/1546/1 1527/1527/1 1526/1526/1
f 1526/1526/1 1545/1545/1 1546/1546/1
f 1547/1547/1 1528/1528/1 1527/1527/1
f 1527/1527/1 1546/1546/1 1547/1547/1
f 1529/1529/1 1528/1528/1 1548/1548/1
f 1549/1549/1 1548/1548/1 1547/1547/1
f 1528/1528/1 1547/1547/1 1548/1548/1
f 1548/1548/1 1531/1531/1 1529/1529/1
f 1550/1550/1 1551/1551/1 1533/1533/1
f 1533/1533/1 1534/1534/1 1550/1550/1
f 1552/1552/1 1535/1535/1 1533/1533/1
f 1533/1533/1 1551/1551/1 1552/1552/1
f 1553/1553/1 1536/1536/1 1535/1535/1
f 1535/1535/1 1552/1552/1 1553/1553/1
f 1554/1554/1 1537/1537/1 1536/1536/1
f 1536/1536/1 1553/1553/1 1554/1554/1
f 1555/1555/1 1539/1539/1 1537/1537/1
f 1537/1537/1 1554/1554/1 1555/1555/1
f 1541/1541/1 1539/1539/1 1555/1555/1
f 1555/1555/1 1556/1556/1 1541/1541/1
f 1557/1557/1 1558/1558/1 1559/1559/1
f 1544/1544/1 1543/1543/1 1559/1559/1
f 1544/1544/1 1559/1559/1 1558/1558/1
f 1560/1560/1 1545/1545/1 1544/1544/1
f 1544/1544/1 1558/1558/1 1560/1560/1
f 1561/1561/1 1546/1546/1 1545/1545/1
f 1545/1545/1 1560/1560/1 1561/1561/1
f 1562/1562/1 1547/1547/1 1546/1546/1
f 1546/1546/1 1561/1561/1 1562/1562/1
f 1549/1549/1 1547/1547/1 1563/1563/1
f 1564/1564/1 1563/1563/1 1562/1562/1
f 1547/1547/1 1562/1562/1 1563/1563/1
f 1565/1565/1 1566/1566/1 1567/1567/1
f 1550/1550/1 1567/1567/1 1551/1551/1
f 1551/1551/1 1567/1567/1 1566/1566/1
f 1568/1568/1 1552/1552/1 1551/1551/1
f 1551/1551/1 1566/1566/1 1568/1568/1
f 1569/1569/1 1553/1553/1 1552/1552/1
f 1552/1552/1 1568/1568/1 1569/1569/1
f 1570/1570/1 1554/1554/1 1553/1553/1
f 1553/1553/1 1569/1569/1 1570/1570/1
f 1571/1571/1 1555/1555/1 1554/1554/1
f 1554/1554/1 1570/1570/1 1571/1571/1
f 1555/1555/1 1571/1571/1 1556/1556/1
f 1572/1572/1 1556/1556/1 1571/1571/1
f 1573/1573/1 1572/1572/1 1571/1571/1
f 1574/1574/1 1572/1572/1 1573/1573/1
f 1575/1575/1 1576/1576/1 1577/1577/1
f 1577/1577/1 1578/1578/1 1575/1575/1
f 1557/1557/1 1575/1575/1 1558/1558/1
f 1578/1578/1 1558/1558/1 1575/1575/1
f 1579/1579/1 1560/1560/1 1558/1558/1
f 1558/1558/1 1578/1578/1 1579/1579/1
f 1580/1580/1 1561/1561/1 1560/1560/1
f 1560/1560/1 1579/1579/1 1580/1580/1
f 1562/1562/1 1561/1561/1 1581/1581/1
f 1582/1582/1 1581/1581/1 1580/1580/1
f 1561/1561/1 1580/1580/1 1581/1581/1
f 1583/1583/1 1564/1564/1 1562/1562/1
f 1581/1581/1 1584/1584/1 1562/1562/1
f 1583/1583/1 1562/1562/1 1584/1584/1
f 1585/1585/1 1586/1586/1 1566/1566/1
f 1566/1566/1 1565/1565/1 1585/1585/1
f 1587/1587/1 1568/1568/1 1588/1588/1
f 1588/1588/1 1589/1589/1 1587/1587/1
f 1586/1586/1 1590/1590/1 1568/1568/1
f 1566/1566/1 1586/1586/1 1568/1568/1
f 1590/1590/1 1588/1588/1 1568/1568/1
f 1591/1591/1 1569/1569/1 1568/1568/1
f 1568/1568/1 1587/1587/1 1591/1591/1
f 1592/1592/1 1570/1570/1 1569/1569/1
f 1569/1569/1 1591/1591/1 1592/1592/1
f 1593/1593/1 1571/1571/1 1570/1570/1
f 1570/1570/1 1592/1592/1 1593/1593/1
f 1594/1594/1 1573/1573/1 1571/1571/1
f 1571/1571/1 1593/1593/1 1594/1594/1
f 1574/1574/1 1573/1573/1 1595/1595/1
f 1596/1596/1 1595/1595/1 1594/1594/1
f 1594/1594/1 1595/1595/1 1573/1573/1
f 1597/1597/1 1598/1598/1 1599/1599/1
f 1577/1577/1 1576/1576/1 1599/1599/1
f 1577/1577/1 1599/1599/1 1598/1598/1
f 1600/1600/1 1578/1578/1 1577/1577/1
f 1577/1577/1 1598/1598/1 1600/1600/1
f 1601/1601/1 1579/1579/1 1578/1578/1
f 1578/1578/1 1600/1600/1 1601/1601/1
f 1602/1602/1 1580/1580/1 1579/1579/1
f 1579/1579/1 1601/1601/1 1602/1602/1
f 1582/1582/1 1580/1580/1 1603/1603/1
f 1604/1604/1 1603/1603/1 1580/1580/1
f 1602/1602/1 1604/1604/1 1580/1580/1
f 1589/1589/1 1605/1605/1 1587/1587/1
f 1606/1606/1 1591/1591/1 1607/1607/1
f 1605/1605/1 1607/1607/1 1591/1591/1
f 1587/1587/1 1605/1605/1 1591/1591/1
f 1608/1608/1 1592/1592/1 1591/1591/1
f 1591/1591/1 1606/1606/1 1608/1608/1
f 1609/1609/1 1593/1593/1 1592/1592/1
f 1592/1592/1 1608/1608/1 1609/1609/1
f 1610/1610/1 1594/1594/1 1593/1593/1
f 1593/1593/1 1609/1609/1 1610/1610/1
f 1596/1596/1 1594/1594/1 1610/1610/1
f 1610/1610/1 1611/1611/1 1596/1596/1
f 1612/1612/1 1613/1613/1 1614/1614/1
f 1614/1614/1 1615/1615/1 1612/1612/1
f 1616/1616/1 1615/1615/1 1614/1614/1
f 1617/1617/1 1618/1618/1 1619/1619/1
f 1619/1619/1 1620/1620/1 1617/1617/1
f 1597/1597/1 1617/1617/1 1598/1598/1
f 1620/1620/1 1598/1598/1 1617/1617/1
f 1621/1621/1 1600/1600/1 1598/1598/1
f 1598/1598/1 1620/1620/1 1621/1621/1
f 1622/1622/1 1601/1601/1 1600/1600/1
f 1600/1600/1 1621/1621/1 1622/1622/1
f 1602/1602/1 1601/1601/1 1623/1623/1
f 1624/1624/1 1623/1623/1 1601/1601/1
f 1622/1622/1 1625/1625/1 1601/1601/1
f 1624/1624/1 1601/1601/1 1625/1625/1
f 1623/1623/1 1604/1604/1 1602/1602/1
f 1626/1626/1 1627/1627/1 1628/1628/1
f 1629/1629/1 1628/1628/1 1606/1606/1
f 1606/1606/1 1607/1607/1 1629/1629/1
f 1627/1627/1 1606/1606/1 1628/1628/1
f 1630/1630/1 1608/1608/1 1606/1606/1
f 1606/1606/1 1627/1627/1 1630/1630/1
f 1631/1631/1 1609/1609/1 1608/1608/1
f 1608/1608/1 1630/1630/1 1631/1631/1
f 1632/1632/1 1610/1610/1 1609/1609/1
f 1609/1609/1 1631/1631/1 1632/1632/1
f 1610/1610/1 1632/1632/1 1611/1611/1
f 1633/1633/1 1611/1611/1 1632/1632/1
f 1634/1634/1 1633/1633/1 1632/1632/1
f 1635/1635/1 1633/1633/1 1634/1634/1
f 1636/1636/1 1637/1637/1 1638/1638/1
f 1639/1639/1 1636/1636/1 1638/1638/1
f 1640/1640/1 1641/1641/1 1613/1613/1
f 1614/1614/1 1613/1613/1 1641/1641/1
f 1614/1614/1 1641/1641/1 1616/1616/1
f 1642/1642/1 1616/1616/1 1641/1641/1
f 1643/1643/1 1642/1642/1 1641/1641/1
f 1643/1643/1 1644/1644/1 1645/1645/1
f 1645/1645/1 1642/1642/1 1643/1643/1
f 1619/1619/1 1618/1618/1 1645/1645/1
f 1619/1619/1 1645/1645/1 1644/1644/1
f 1646/1646/1 1620/1620/1 1619/1619/1
f 1619/1619/1 1644/1644/1 1646/1646/1
f 1647/1647/1 1621/1621/1 1620/1620/1
f 1620/1620/1 1646/1646/1 1647/1647/1
f 1622/1622/1 1621/1621/1 1648/1648/1
f 1649/1649/1 1648/1648/1 1621/1621/1
f 1647/1647/1 1650/1650/1 1621/1621/1
f 1649/1649/1 1621/1621/1 1650/1650/1
f 1651/1651/1 1625/1625/1 1622/1622/1
f 1648/1648/1 1652/1652/1 1622/1622/1
f 1651/1651/1 1622/1622/1 1652/1652/1
f 1626/1626/1 1653/1653/1 1627/1627/1
f 1654/1654/1 1630/1630/1 1655/1655/1
f 1656/1656/1 1655/1655/1 1630/1630/1
f 1627/1627/1 1653/1653/1 1656/1656/1
f 1627/1627/1 1656/1656/1 1630/1630/1
f 1657/1657/1 1631/1631/1 1658/1658/1
f 1654/1654/1 1658/1658/1 1630/1630/1
f 1631/1631/1 1630/1630/1 1658/1658/1
f 1659/1659/1 1632/1632/1 1631/1631/1
f 1631/1631/1 1657/1657/1 1659/1659/1
f 1660/1660/1 1634/1634/1 1632/1632/1
f 1632/1632/1 1659/1659/1 1660/1660/1
f 1635/1635/1 1634/1634/1 1661/1661/1
f 1662/1662/1 1663/1663/1 1661/1661/1
f 1660/1660/1 1661/1661/1 1634/1634/1
f 1660/1660/1 1662/1662/1 1661/1661/1
f 1663/1663/1 1662/1662/1 1664/1664/1
f 1665/1665/1 1666/1666/1 1664/1664/1
f 1665/1665/1 1664/1664/1 1662/1662/1
f 1665/1665/1 1667/1667/1 1666/1666/1
f 1637/1637/1 1666/1666/1 1667/1667/1
f 1638/1638/1 1637/1637/1 1667/1667/1
f 1638/1638/1 1667/1667/1 1639/1639/1
f 1668/1668/1 1639/1639/1 1667/1667/1
f 1669/1669/1 1668/1668/1 1667/1667/1
f 1670/1670/1 1668/1668/1 1669/1669/1
f 1671/1671/1 1672/1672/1 1670/1670/1
f 1670/1670/1 1669/1669/1 1671/1671/1
f 1672/1672/1 1671/1671/1 1673/1673/1
f 1674/1674/1 1675/1675/1 1673/1673/1
f 1674/1674/1 1673/1673/1 1671/1671/1
f 1674/1674/1 1676/1676/1 1675/1675/1
f 1640/1640/1 1675/1675/1 1641/1641/1
f 1676/1676/1 1641/1641/1 1675/1675/1
f 1677/1677/1 1643/1643/1 1641/1641/1
f 1641/1641/1 1676/1676/1 1677/1677/1
f 1678/1678/1 1644/1644/1 1643/1643/1
f 1643/1643/1 1677/1677/1 1678/1678/1
f 1646/1646/1 1644/1644/1 1679/1679/1
f 1679/1679/1 1680/1680/1 1646/1646/1
f 1678/1678/1 1679/1679/1 1644/1644/1
f 1681/1681/1 1647/1647/1 1682/1682/1
f 1680/1680/1 1682/1682/1 1646/1646/1
f 1646/1646/1 1682/1682/1 1647/1647/1
f 1683/1683/1 1650/1650/1 1647/1647/1
f 1647/1647/1 1681/1681/1 1683/1683/1
f 1684/1684/1 1685/1685/1 1657/1657/1
f 1658/1658/1 1686/1686/1 1657/1657/1
f 1684/1684/1 1657/1657/1 1686/1686/1
f 1687/1687/1 1659/1659/1 1688/1688/1
f 1685/1685/1 1688/1688/1 1657/1657/1
f 1659/1659/1 1657/1657/1 1688/1688/1
f 1689/1689/1 1660/1660/1 1690/1690/1
f 1687/1687/1 1690/1690/1 1659/1659/1
f 1660/1660/1 1659/1659/1 1690/1690/1
f 1691/1691/1 1662/1662/1 1660/1660/1
f 1660/1660/1 1689/1689/1 1691/1691/1
f 1692/1692/1 1665/1665/1 1662/1662/1
f 1662/1662/1 1691/1691/1 1692/1692/1
f 1693/1693/1 1667/1667/1 1665/1665/1
f 1665/1665/1 1692/1692/1 1693/1693/1
f 1694/1694/1 1669/1669/1 1667/1667/1
f 1667/1667/1 1693/1693/1 1694/1694/1
f 1695/1695/1 1671/1671/1 1669/1669/1
f 1669/1669/1 1694/1694/1 1695/1695/1
f 1674/1674/1 1671/1671/1 1696/1696/1
f 1696/1696/1 1697/1697/1 1674/1674/1
f 1695/1695/1 1698/1698/1 1671/1671/1
f 1696/1696/1 1671/1671/1 1698/1698/1
f 1699/1699/1 1676/1676/1 1700/1700/1
f 1674/1674/1 1697/1697/1 1700/1700/1
f 1674/1674/1 1700/1700/1 1676/1676/1
f 1701/1701/1 1677/1677/1 1702/1702/1
f 1703/1703/1 1702/1702/1 1677/1677/1
f 1676/1676/1 1699/1699/1 1703/1703/1
f 1676/1676/1 1703/1703/1 1677/1677/1
f 1704/1704/1 1678/1678/1 1705/1705/1
f 1706/1706/1 1705/1705/1 1678/1678/1
f 1677/1677/1 1701/1701/1 1706/1706/1
f 1677/1677/1 1706/1706/1 1678/1678/1
f 1707/1707/1 1679/1679/1 1678/1678/1
f 1678/1678/1 1704/1704/1 1707/1707/1
f 1708/1708/1 1709/1709/1 1689/1689/1
f 1689/1689/1 1690/1690/1 1708/1708/1
f 1710/1710/1 1691/1691/1 1711/1711/1
f 1712/1712/1 1711/1711/1 1689/1689/1
f 1689/1689/1 1709/1709/1 1712/1712/1
f 1691/1691/1 1689/1689/1 1711/1711/1
f 1713/1713/1 1692/1692/1 1714/1714/1
f 1715/1715/1 1714/1714/1 1691/1691/1
f 1691/1691/1 1710/1710/1 1715/1715/1
f 1692/1692/1 1691/1691/1 1714/1714/1
f 1716/1716/1 1693/1693/1 1717/1717/1
f 1718/1718/1 1717/1717/1 1693/1693/1
f 1692/1692/1 1713/1713/1 1718/1718/1
f 1692/1692/1 1718/1718/1 1693/1693/1
f 1719/1719/1 1694/1694/1 1693/1693/1
f 1693/1693/1 1716/1716/1 1719/1719/1
f 1720/1720/1 1695/1695/1 1721/1721/1
f 1722/1722/1 1721/1721/1 1694/1694/1
f 1694/1694/1 1719/1719/1 1722/1722/1
f 1695/1695/1 1694/1694/1 1721/1721/1
f 1720/1720/1 1698/1698/1 1695/1695/1
f 1723/1723/1 1588/1588/1 1724/1724/1
f 1725/1725/1 1724/1724/1 1588/1588/1
f 1726/1726/1 1727/1727/1 1728/1728/1
f 1729/1729/1 1728/1728/1 1727/1727/1
f 1730/1730/1 1731/1731/1 1727/1727/1
f 1732/1732/1 1727/1727/1 1733/1733/1
f 1734/1734/1 1735/1735/1 1194/1194/1
f 1736/1736/1 1734/1734/1 1135/1135/1
f 1737/1737/1 1738/1738/1 967/967/1
f 1739/1739/1 1737/1737/1 967/967/1
f 1740/1740/1 1741/1741/1 967/967/1
f 1742/1742/1 1743/1743/1 1744/1744/1
f 1745/1745/1 1744/1744/1 1746/1746/1
f 1747/1747/1 1748/1748/1 1749/1749/1
f 1749/1749/1 1750/1750/1 1747/1747/1
f 1751/1751/1 1752/1752/1 1753/1753/1
f 1754/1754/1 1755/1755/1 569/569/1
f 1756/1756/1 1754/1754/1 569/569/1
f 1757/1757/1 1758/1758/1 1759/1759/1
f 1759/1759/1 1760/1760/1 1757/1757/1
f 1761/1761/1 1762/1762/1 1763/1763/1
f 1764/1764/1 1765/1765/1 1766/1766/1
f 1767/1767/1 1766/1766/1 1765/1765/1
f 1768/1768/1 1769/1769/1 439/439/1
f 1770/1770/1 1771/1771/1 1772/1772/1
f 1772/1772/1 1773/1773/1 1770/1770/1
f 1774/1774/1 1775/1775/1 1776/1776/1
f 1776/1776/1 1777/1777/1 1774/1774/1
f 1778/1778/1 1779/1779/1 1780/1780/1
f 53/53/1 1781/1781/1 52/52/1
f 237/237/1 236/236/1 241/241/1
f 233/233/1 235/235/1 237/237/1
f 402/402/1 385/385/1 398/398/1
f 398/398/1 401/401/1 402/402/1
f 1051/1051/1 1023/1023/1 1782/1782/1
f 1276/1276/1 1259/1259/1 1783/1783/1
f 1519/1519/1 1500/1500/1 1496/1496/1
f 1700/1700/1 1696/1696/1 1784/1784/1
f 1494/1494/1 1495/1495/1 1514/1514/1
f 1118/1118/1 1785/1785/1 1075/1075/1
f 1786/1786/1 1075/1075/1 1785/1785/1
f 283/283/1 318/318/1 280/280/1
f 211/211/1 280/280/1 323/323/1
f 1781/1781/1 53/53/1 1787/1787/1
f 1788/1788/1 1789/1789/1 1790/1790/1
f 1788/1788/1 1791/1791/1 1789/1789/1
f 1792/1792/1 1793/1793/1 1794/1794/1
f 1795/1795/1 1796/1796/1 1797/1797/1
f 1797/1797/1 1798/1798/1 1795/1795/1
f 1799/1799/1 1800/1800/1 1801/1801/1
f 1802/1802/1 1803/1803/1 1804/1804/1
f 1805/1805/1 1804/1804/1 1803/1803/1
f 1806/1806/1 1807/1807/1 1808/1808/1
f 1806/1806/1 1809/1809/1 1807/1807/1
f 1810/1810/1 1811/1811/1 1812/1812/1
f 1813/1813/1 1814/1814/1 1815/1815/1
f 1815/1815/1 1816/1816/1 1813/1813/1
f 1817/1817/1 1818/1818/1 1819/1819/1
f 1820/1820/1 1821/1821/1 1822/1822/1
f 1817/1817/1 1822/1822/1 1821/1821/1
f 1823/1823/1 1824/1824/1 1825/1825/1
f 1823/1823/1 1826/1826/1 1824/1824/1
f 1827/1827/1 1828/1828/1 1829/1829/1
f 1830/1830/1 1831/1831/1 1832/1832/1
f 1833/1833/1 1832/1832/1 1831/1831/1
f 1834/1834/1 1835/1835/1 1836/1836/1
f 1837/1837/1 1838/1838/1 1839/1839/1
f 1840/1840/1 1841/1841/1 1837/1837/1
f 1842/1842/1 1839/1839/1 1838/1838/1
f 1843/1843/1 1844/1844/1 1845/1845/1
f 1846/1846/1 1847/1847/1 1848/1848/1
f 1849/1849/1 1850/1850/1 1851/1851/1
f 1852/1852/1 1853/1853/1 1854/1854/1
f 1850/1850/1 1849/1849/1 1855/1855/1
f 1856/1856/1 1857/1857/1 1858/1858/1
f 1859/1859/1 1858/1858/1 1860/1860/1
f 1859/1859/1 1861/1861/1 1858/1858/1
f 1862/1862/1 1863/1863/1 1864/1864/1
f 1862/1862/1 1865/1865/1 1863/1863/1
f 1866/1866/1 1864/1864/1 1863/1863/1
f 1867/1867/1 1868/1868/1 1869/1869/1
f 1870/1870/1 1869/1869/1 1871/1871/1
f 1872/1872/1 1873/1873/1 1874/1874/1
f 1874/1874/1 1875/1875/1 1872/1872/1
f 1876/1876/1 1877/1877/1 1878/1878/1
f 1879/1879/1 1880/1880/1 1881/1881/1
f 1881/1881/1 1882/1882/1 1879/1879/1
f 1883/1883/1 1884/1884/1 1885/1885/1
f 1886/1886/1 1887/1887/1 1880/1880/1
f 1888/1888/1 1886/1886/1 1889/1889/1
f 1854/1854/1 1890/1890/1 1891/1891/1
f 1892/1892/1 1891/1891/1 1893/1893/1
f 1894/1894/1 1895/1895/1 1892/1892/1
f 1896/1896/1 1897/1897/1 1898/1898/1
f 1899/1899/1 1898/1898/1 1897/1897/1
f 1900/1900/1 1901/1901/1 1845/1845/1
f 1902/1902/1 1903/1903/1 1904/1904/1
f 1905/1905/1 1904/1904/1 1903/1903/1
f 1906/1906/1 1907/1907/1 1908/1908/1
f 1909/1909/1 1910/1910/1 1911/1911/1
f 1912/1912/1 1911/1911/1 1913/1913/1
f 1914/1914/1 1915/1915/1 1916/1916/1
f 1916/1916/1 1917/1917/1 1914/1914/1
f 1918/1918/1 1919/1919/1 1920/1920/1
f 1921/1921/1 1922/1922/1 1923/1923/1
f 1923/1923/1 1924/1924/1 1921/1921/1
f 1925/1925/1 1926/1926/1 1927/1927/1
f 1925/1925/1 1928/1928/1 1926/1926/1
f 1929/1929/1 1930/1930/1 1931/1931/1
f 1932/1932/1 1933/1933/1 1934/1934/1
f 1935/1935/1 1934/1934/1 1936/1936/1
f 1937/1937/1 1938/1938/1 1939/1939/1
f 1937/1937/1 1940/1940/1 1938/1938/1
f 1941/1941/1 1942/1942/1 1943/1943/1
f 1944/1944/1 1945/1945/1 1946/1946/1
f 1947/1947/1 1946/1946/1 1948/1948/1
f 1949/1949/1 1950/1950/1 1951/1951/1
f 1952/1952/1 1951/1951/1 1953/1953/1
f 1950/1950/1 1953/1953/1 1951/1951/1
f 1954/1954/1 1955/1955/1 1956/1956/1
f 1954/1954/1 1957/1957/1 1955/1955/1
f 1958/1958/1 1959/1959/1 1960/1960/1
f 1961/1961/1 1962/1962/1 1963/1963/1
f 1964/1964/1 1963/1963/1 1962/1962/1
f 1965/1965/1 1966/1966/1 1967/1967/1
f 1968/1968/1 1969/1969/1 1970/1970/1
f 1970/1970/1 1971/1971/1 1968/1968/1
f 1972/1972/1 1973/1973/1 1974/1974/1
f 1975/1975/1 1976/1976/1 1977/1977/1
f 1975/1975/1 1978/1978/1 1976/1976/1
f 1979/1979/1 1980/1980/1 1981/1981/1
f 1982/1982/1 1983/1983/1 1984/1984/1
f 1981/1981/1 1984/1984/1 1979/1979/1
f 1985/1985/1 594/594/1 1986/1986/1
f 1987/1987/1 1986/1986/1 594/594/1
f 1988/1988/1 1989/1989/1 896/896/1
f 1990/1990/1 1989/1989/1 1991/1991/1
f 1991/1991/1 1992/1992/1 1990/1990/1
f 1993/1993/1 1994/1994/1 951/951/1
f 1994/1994/1 1995/1995/1 936/936/1
f 1273/1273/1 1996/1996/1 1272/1272/1
f 1997/1997/1 1996/1996/1 1273/1273/1
f 1998/1998/1 1999/1999/1 1373/1373/1
f 2000/2000/1 2001/2001/1 2002/2002/1
f 2003/2003/1 2002/2002/1 2001/2001/1
f 2004/2004/1 1222/1222/1 1996/1996/1
f 2005/2005/1 1705/1705/1 2006/2006/1
f 1705/1705/1 2005/2005/1 1707/1707/1
f 1702/1702/1 2006/2006/1 1706/1706/1
f 2007/2007/1 1717/1717/1 2008/2008/1
f 2009/2009/1 2008/2008/1 1718/1718/1
f 2010/2010/1 2011/2011/1 1715/1715/1
f 2012/2012/1 1725/1725/1 1590/1590/1
f 1472/1472/1 2013/2013/1 1476/1476/1
f 2014/2014/1 1727/1727/1 1726/1726/1
f 1731/1731/1 1729/1729/1 1727/1727/1
f 1194/1194/1 1735/1735/1 1197/1197/1
f 2015/2015/1 1736/1736/1 1106/1106/1
f 2016/2016/1 967/967/1 1738/1738/1
f 1741/1741/1 1739/1739/1 967/967/1
f 1746/1746/1 1744/1744/1 1743/1743/1
f 2017/2017/1 1745/1745/1 583/583/1
f 1749/1749/1 1748/1748/1 1752/1752/1
f 2018/2018/1 1751/1751/1 1753/1753/1
f 2019/2019/1 569/569/1 1755/1755/1
f 2020/2020/1 1756/1756/1 543/543/1
f 1759/1759/1 1758/1758/1 1762/1762/1
f 2021/2021/1 1761/1761/1 1763/1763/1
f 2022/2022/1 1767/1767/1 1765/1765/1
f 2023/2023/1 1768/1768/1 443/443/1
f 1772/1772/1 1771/1771/1 2024/2024/1
f 2025/2025/1 2024/2024/1 1771/1771/1
f 1776/1776/1 1775/1775/1 1779/1779/1
f 1/1/1 5/5/1 60/60/1
f 237/237/1 241/241/1 233/233/1
f 231/231/1 233/233/1 242/242/1
f 398/398/1 385/385/1 423/423/1
f 1091/1091/1 1051/1051/1 2015/2015/1
f 1306/1306/1 1276/1276/1 1783/1783/1
f 1519/1519/1 1496/1496/1 1478/1478/1
f 2006/2006/1 1702/1702/1 2026/2026/1
f 1494/1494/1 1514/1514/1 1470/1470/1
f 1119/1119/1 1785/1785/1 1118/1118/1
f 321/321/1 280/280/1 318/318/1
f 2027/2027/1 2028/2028/1 2029/2029/1
f 1794/1794/1 1790/1790/1 1789/1789/1
f 1796/1796/1 1801/1801/1 1800/1800/1
f 1800/1800/1 1797/1797/1 1796/1796/1
f 2030/2030/1 1805/1805/1 1803/1803/1
f 1812/1812/1 1808/1808/1 1807/1807/1
f 2031/2031/1 2032/2032/1 1810/1810/1
f 2033/2033/1 1815/1815/1 1814/1814/1
f 2034/2034/1 1819/1819/1 1818/1818/1
f 1818/1818/1 1817/1817/1 1821/1821/1
f 2035/2035/1 1825/1825/1 1824/1824/1
f 1831/1831/1 1830/1830/1 1834/1834/1
f 2036/2036/1 1842/1842/1 1838/1838/1
f 1840/1840/1 1837/1837/1 1839/1839/1
f 1844/1844/1 1843/1843/1 2037/2037/1
f 2038/2038/1 1851/1851/1 1850/1850/1
f 2039/2039/1 2040/2040/1 2041/2041/1
f 1857/1857/1 1856/1856/1 2042/2042/1
f 1860/1860/1 1858/1858/1 1857/1857/1
f 2042/2042/1 1866/1866/1 1863/1863/1
f 2043/2043/1 1866/1866/1 1856/1856/1
f 1868/1868/1 1871/1871/1 1869/1869/1
f 1851/1851/1 2044/2044/1 2039/2039/1
f 1873/1873/1 1878/1878/1 1877/1877/1
f 1877/1877/1 1874/1874/1 1873/1873/1
f 2045/2045/1 1881/1881/1 1887/1887/1
f 1883/1883/1 1885/1885/1 2046/2046/1
f 2045/2045/1 1887/1887/1 2047/2047/1
f 2048/2048/1 1854/1854/1 2049/2049/1
f 1891/1891/1 1892/1892/1 1895/1895/1
f 2050/2050/1 1899/1899/1 1897/1897/1
f 1905/1905/1 1903/1903/1 1907/1907/1
f 2051/2051/1 2052/2052/1 1908/1908/1
f 1910/1910/1 1913/1913/1 1911/1911/1
f 1916/1916/1 1915/1915/1 1919/1919/1
f 2053/2053/1 1918/1918/1 2054/2054/1
f 1923/1923/1 1922/1922/1 2055/2055/1
f 1931/1931/1 1927/1927/1 1926/1926/1
f 2056/2056/1 2057/2057/1 1929/1929/1
f 1933/1933/1 1936/1936/1 1934/1934/1
f 1943/1943/1 1939/1939/1 1938/1938/1
f 2058/2058/1 2059/2059/1 1941/1941/1
f 1948/1948/1 1946/1946/1 1945/1945/1
f 2060/2060/1 1947/1947/1 2061/2061/1
f 2062/2062/1 1950/1950/1 1949/1949/1
f 2063/2063/1 2064/2064/1 1960/1960/1
f 2065/2065/1 1956/1956/1 1955/1955/1
f 1962/1962/1 1961/1961/1 1965/1965/1
f 1969/1969/1 1974/1974/1 1973/1973/1
f 1973/1973/1 1970/1970/1 1969/1969/1
f 2066/2066/1 1977/1977/1 1976/1976/1
f 2067/2067/1 1981/1981/1 554/554/1
f 1983/1983/1 1979/1979/1 1984/1984/1
f 2068/2068/1 1987/1987/1 594/594/1
f 2069/2069/1 896/896/1 1989/1989/1
f 1988/1988/1 1991/1991/1 1989/1989/1
f 936/936/1 1995/1995/1 910/910/1
f 1341/1341/1 2070/2070/1 1322/1322/1
f 1999/1999/1 2070/2070/1 1339/1339/1
f 2003/2003/1 2001/2001/1 2071/2071/1
f 2072/2072/1 2073/2073/1 1444/1444/1
f 1706/1706/1 2006/2006/1 1705/1705/1
f 1715/1715/1 2011/2011/1 1714/1714/1
f 2074/2074/1 2010/2010/1 1712/1712/1
f 2013/2013/1 1472/1472/1 1733/1733/1
f 2075/2075/1 1727/1727/1 2014/2014/1
f 2076/2076/1 1732/1732/1 1448/1448/1
f 2077/2077/1 1197/1197/1 1735/1735/1
f 2078/2078/1 967/967/1 2016/2016/1
f 1745/1745/1 1746/1746/1 583/583/1
f 1748/1748/1 1753/1753/1 1752/1752/1
f 569/569/1 2019/2019/1 583/583/1
f 1758/1758/1 1763/1763/1 1762/1762/1
f 1767/1767/1 2022/2022/1 1769/1769/1
f 2079/2079/1 2024/2024/1 2025/2025/1
f 1780/1780/1 1779/1779/1 1775/1775/1
f 30/30/1 1/1/1 63/63/1
f 242/242/1 233/233/1 241/241/1
f 156/156/1 231/231/1 111/111/1
f 423/423/1 385/385/1 2080/2080/1
f 2081/2081/1 1782/1782/1 1023/1023/1
f 2077/2077/1 1783/1783/1 1259/1259/1
f 1519/1519/1 1478/1478/1 1518/1518/1
f 1703/1703/1 2026/2026/1 1702/1702/1
f 1470/1470/1 1514/1514/1 1469/1469/1
f 1075/1075/1 1786/1786/1 1074/1074/1
f 321/321/1 323/323/1 280/280/1
f 1792/1792/1 2029/2029/1 2028/2028/1
f 1790/1790/1 1794/1794/1 1793/1793/1
f 2082/2082/1 1799/1799/1 1801/1801/1
f 1805/1805/1 2030/2030/1 2083/2083/1
f 1808/1808/1 1812/1812/1 1811/1811/1
f 1815/1815/1 2033/2033/1 2084/2084/1
f 2085/2085/1 1819/1819/1 2034/2034/1
f 1825/1825/1 2035/2035/1 1827/1827/1
f 2086/2086/1 1834/1834/1 1830/1830/1
f 2087/2087/1 1842/1842/1 2036/2036/1
f 1846/1846/1 1845/1845/1 1844/1844/1
f 2041/2041/1 2088/2088/1 2089/2089/1
f 2042/2042/1 1856/1856/1 1866/1866/1
f 2043/2043/1 1856/1856/1 2090/2090/1
f 2091/2091/1 2092/2092/1 2093/2093/1
f 2040/2040/1 2039/2039/1 2044/2044/1
f 2094/2094/1 1876/1876/1 1878/1878/1
f 1881/1881/1 1880/1880/1 1887/1887/1
f 1883/1883/1 2046/2046/1 2095/2095/1
f 2096/2096/1 1888/1888/1 2097/2097/1
f 2049/2049/1 1854/1854/1 1853/1853/1
f 1899/1899/1 2050/2050/1 1901/1901/1
f 1908/1908/1 1907/1907/1 1903/1903/1
f 1912/1912/1 1913/1913/1 2098/2098/1
f 1920/1920/1 1919/1919/1 1915/1915/1
f 2099/2099/1 2055/2055/1 1922/1922/1
f 1927/1927/1 1931/1931/1 1930/1930/1
f 1935/1935/1 1936/1936/1 2100/2100/1
f 1939/1939/1 1943/1943/1 1942/1942/1
f 1948/1948/1 2061/2061/1 1947/1947/1
f 1950/1950/1 2062/2062/1 2064/2064/1
f 1956/1956/1 2065/2065/1 1958/1958/1
f 2101/2101/1 1965/1965/1 1961/1961/1
f 2102/2102/1 1972/1972/1 1974/1974/1
f 1977/1977/1 489/489/1 2103/2103/1
f 593/593/1 2104/2104/1 579/579/1
f 2105/2105/1 594/594/1 1985/1985/1
f 2106/2106/1 1988/1988/1 896/896/1
f 2107/2107/1 896/896/1 2069/2069/1
f 2108/2108/1 910/910/1 1995/1995/1
f 1997/1997/1 1321/1321/1 2070/2070/1
f 2071/2071/1 2001/2001/1 2109/2109/1
f 1707/1707/1 2005/2005/1 1682/1682/1
f 2009/2009/1 1714/1714/1 2011/2011/1
f 1476/1476/1 2013/2013/1 1567/1567/1
f 2075/2075/1 1733/1733/1 1727/1727/1
f 1782/1782/1 2015/2015/1 1051/1051/1
f 2110/2110/1 1740/1740/1 967/967/1
f 2111/2111/1 583/583/1 1746/1746/1
f 2018/2018/1 1753/1753/1 583/583/1
f 2112/2112/1 2020/2020/1 543/543/1
f 2021/2021/1 1763/1763/1 497/497/1
f 1769/1769/1 2022/2022/1 439/439/1
f 2024/2024/1 2079/2079/1 2113/2113/1
f 2114/2114/1 1778/1778/1 1780/1780/1
f 242/242/1 111/111/1 231/231/1
f 153/153/1 156/156/1 111/111/1
f 443/443/1 423/423/1 2023/2023/1
f 1226/1226/1 2077/2077/1 1227/1227/1
f 1475/1475/1 1518/1518/1 1478/1478/1
f 1683/1683/1 2115/2115/1 1649/1649/1
f 1530/1530/1 1469/1469/1 1514/1514/1
f 2116/2116/1 1074/1074/1 1786/1786/1
f 211/211/1 323/323/1 2117/2117/1
f 1787/1787/1 53/53/1 2118/2118/1
f 2028/2028/1 1793/1793/1 1792/1792/1
f 1799/1799/1 2082/2082/1 2027/2027/1
f 2083/2083/1 2030/2030/1 2119/2119/1
f 1811/1811/1 1810/1810/1 2032/2032/1
f 2118/2118/1 2084/2084/1 2033/2033/1
f 1819/1819/1 2085/2085/1 2120/2120/1
f 1828/1828/1 1827/1827/1 2035/2035/1
f 1835/1835/1 1834/1834/1 2086/2086/1
f 1842/1842/1 2087/2087/1 2121/2121/1
f 2037/2037/1 1843/1843/1 1894/1894/1
f 2088/2088/1 2041/2041/1 2040/2040/1
f 2122/2122/1 2090/2090/1 1856/1856/1
f 2089/2089/1 2093/2093/1 2092/2092/1
f 1890/1890/1 1854/1854/1 2048/2048/1
f 1876/1876/1 2094/2094/1 2097/2097/1
f 2123/2123/1 2047/2047/1 1887/1887/1
f 1883/1883/1 2095/2095/1 2123/2123/1
f 2124/2124/1 2096/2096/1 2044/2044/1
f 1895/1895/1 1894/1894/1 1843/1843/1
f 1845/1845/1 1901/1901/1 2050/2050/1
f 1906/1906/1 1908/1908/1 2052/2052/1
f 2125/2125/1 2098/2098/1 1913/1913/1
f 2054/2054/1 1918/1918/1 1920/1920/1
f 2055/2055/1 2099/2099/1 2126/2126/1
f 1930/1930/1 1929/1929/1 2057/2057/1
f 2127/2127/1 2100/2100/1 1936/1936/1
f 1942/1942/1 1941/1941/1 2059/2059/1
f 2060/2060/1 2061/2061/1 2128/2128/1
f 2129/2129/1 2064/2064/1 2062/2062/1
f 1959/1959/1 1958/1958/1 2065/2065/1
f 1966/1966/1 1965/1965/1 2101/2101/1
f 1972/1972/1 2102/2102/1 2130/2130/1
f 2131/2131/1 538/538/1 2132/2132/1
f 2067/2067/1 579/579/1 2104/2104/1
f 2133/2133/1 594/594/1 2105/2105/1
f 2134/2134/1 2106/2106/1 896/896/1
f 2135/2135/1 1993/1993/1 977/977/1
f 1272/1272/1 1996/1996/1 1222/1222/1
f 2073/2073/1 1998/1998/1 1445/1445/1
f 1700/1700/1 2026/2026/1 1703/1703/1
f 1714/1714/1 2009/2009/1 1718/1718/1
f 1590/1590/1 1725/1725/1 1588/1588/1
f 1732/1732/1 1733/1733/1 1472/1472/1
f 1227/1227/1 2077/2077/1 1259/1259/1
f 967/967/1 2078/2078/1 982/982/1
f 2136/2136/1 2018/2018/1 583/583/1
f 2137/2137/1 583/583/1 2019/2019/1
f 2138/2138/1 2021/2021/1 497/497/1
f 2080/2080/1 2023/2023/1 423/423/1
f 2113/2113/1 2139/2139/1 2114/2114/1
f 1778/1778/1 2114/2114/1 2139/2139/1
f 116/116/1 153/153/1 111/111/1
f 385/385/1 285/285/1 2080/2080/1
f 1326/1326/1 1306/1306/1 1783/1783/1
f 1518/1518/1 1475/1475/1 1567/1567/1
f 2115/2115/1 1683/1683/1 2140/2140/1
f 1469/1469/1 1530/1530/1 1471/1471/1
f 1785/1785/1 1119/1119/1 2141/2141/1
f 174/174/1 211/211/1 2142/2142/1
f 56/56/1 2118/2118/1 53/53/1
f 2028/2028/1 2027/2027/1 2082/2082/1
f 2143/2143/1 2119/2119/1 2030/2030/1
f 2032/2032/1 2031/2031/1 1787/1787/1
f 2144/2144/1 2084/2084/1 2118/2118/1
f 2120/2120/1 2085/2085/1 1829/1829/1
f 2120/2120/1 1829/1829/1 1828/1828/1
f 2145/2145/1 1836/1836/1 1835/1835/1
f 1836/1836/1 2121/2121/1 2087/2087/1
f 1848/1848/1 1845/1845/1 1846/1846/1
f 1870/1870/1 2089/2089/1 2088/2088/1
f 2090/2090/1 2122/2122/1 2091/2091/1
f 2092/2092/1 2091/2091/1 2122/2122/1
f 1893/1893/1 1891/1891/1 1890/1890/1
f 2097/2097/1 2094/2094/1 2096/2096/1
f 1880/1880/1 2146/2146/1 1886/1886/1
f 2047/2047/1 2123/2123/1 2095/2095/1
f 2147/2147/1 1849/1849/1 2148/2148/1
f 2121/2121/1 2149/2149/1 2150/2150/1
f 2149/2149/1 2121/2121/1 2125/2125/1
f 2151/2151/1 2098/2098/1 2125/2125/1
f 2053/2053/1 2054/2054/1 2152/2152/1
f 2126/2126/1 2099/2099/1 2153/2153/1
f 2057/2057/1 2056/2056/1 2154/2154/1
f 2100/2100/1 2127/2127/1 2153/2153/1
f 2059/2059/1 2058/2058/1 2155/2155/1
f 2155/2155/1 2128/2128/1 2061/2061/1
f 2129/2129/1 1960/1960/1 2064/2064/1
f 2063/2063/1 1960/1960/1 1959/1959/1
f 2130/2130/1 1967/1967/1 2156/2156/1
f 1967/1967/1 2130/2130/1 2102/2102/1
f 539/539/1 2157/2157/1 538/538/1
f 579/579/1 2067/2067/1 554/554/1
f 2158/2158/1 594/594/1 2159/2159/1
f 2160/2160/1 896/896/1 2107/2107/1
f 2161/2161/1 896/896/1 2108/2108/1
f 2109/2109/1 2001/2001/1 2162/2162/1
f 2026/2026/1 1700/1700/1 1784/1784/1
f 1717/1717/1 1718/1718/1 2008/2008/1
f 2163/2163/1 2076/2076/1 1357/1357/1
f 2164/2164/1 2110/2110/1 967/967/1
f 2165/2165/1 2136/2136/1 583/583/1
f 2166/2166/1 2112/2112/1 528/528/1
f 2022/2022/1 2138/2138/1 457/457/1
f 52/52/1 1781/1781/1 51/51/1
f 153/153/1 116/116/1 109/109/1
f 439/439/1 443/443/1 1768/1768/1
f 1358/1358/1 1326/1326/1 2163/2163/1
f 1476/1476/1 1567/1567/1 1475/1475/1
f 1471/1471/1 1530/1530/1 2167/2167/1
f 355/355/1 2117/2117/1 323/323/1
f 59/59/1 2144/2144/1 56/56/1
f 1781/1781/1 1787/1787/1 2031/2031/1
f 2168/2168/1 1829/1829/1 2085/2085/1
f 1836/1836/1 2145/2145/1 2121/2121/1
f 2169/2169/1 2148/2148/1 1849/1849/1
f 2093/2093/1 2089/2089/1 1871/1871/1
f 1889/1889/1 2097/2097/1 1888/1888/1
f 2146/2146/1 1889/1889/1 1886/1886/1
f 2170/2170/1 2151/2151/1 2171/2171/1
f 2151/2151/1 2152/2152/1 2054/2054/1
f 2154/2154/1 2172/2172/1 2127/2127/1
f 2172/2172/1 2154/2154/1 2056/2056/1
f 2173/2173/1 2153/2153/1 2099/2099/1
f 2174/2174/1 2155/2155/1 2058/2058/1
f 1960/1960/1 2129/2129/1 2117/2117/1
f 1966/1966/1 2156/2156/1 1967/1967/1
f 594/594/1 2104/2104/1 593/593/1
f 2175/2175/1 896/896/1 2161/2161/1
f 2134/2134/1 896/896/1 2175/2175/1
f 2073/2073/1 2162/2162/1 2001/2001/1
f 1717/1717/1 2007/2007/1 1722/1722/1
f 1357/1357/1 2076/2076/1 1378/1378/1
f 2176/2176/1 982/982/1 2078/2078/1
f 2177/2177/1 583/583/1 1753/1753/1
f 1763/1763/1 2178/2178/1 497/497/1
f 2119/2119/1 47/47/1 1781/1781/1
f 117/117/1 109/109/1 116/116/1
f 285/285/1 289/289/1 2080/2080/1
f 2163/2163/1 1326/1326/1 1783/1783/1
f 1567/1567/1 2013/2013/1 1585/1585/1
f 1444/1444/1 1471/1471/1 2167/2167/1
f 42/42/1 2128/2128/1 41/41/1
f 5/5/1 2144/2144/1 60/60/1
f 2118/2118/1 56/56/1 2144/2144/1
f 2170/2170/1 1829/1829/1 2168/2168/1
f 2171/2171/1 2121/2121/1 2145/2145/1
f 2044/2044/1 1851/1851/1 2038/2038/1
f 1871/1871/1 2089/2089/1 1870/1870/1
f 2044/2044/1 2096/2096/1 2094/2094/1
f 2038/2038/1 2124/2124/1 2044/2044/1
f 2151/2151/1 7/7/1 2152/2152/1
f 87/87/1 2179/2179/1 85/85/1
f 2127/2127/1 2172/2172/1 2153/2153/1
f 2128/2128/1 2155/2155/1 2174/2174/1
f 2142/2142/1 2117/2117/1 2129/2129/1
f 2180/2180/1 2156/2156/1 1966/1966/1
f 1980/1980/1 554/554/1 1981/1981/1
f 910/910/1 2108/2108/1 896/896/1
f 2162/2162/1 2073/2073/1 2072/2072/1
f 2181/2181/1 1722/1722/1 2007/2007/1
f 1378/1378/1 2076/2076/1 1376/1376/1
f 2178/2178/1 2166/2166/1 510/510/1
f 47/47/1 2119/2119/1 97/97/1
f 109/109/1 117/117/1 106/106/1
f 291/291/1 2182/2182/1 289/289/1
f 2012/2012/1 1585/1585/1 2013/2013/1
f 1445/1445/1 1444/1444/1 2073/2073/1
f 45/45/1 2128/2128/1 42/42/1
f 6/6/1 2144/2144/1 5/5/1
f 2150/2150/1 2052/2052/1 2183/2183/1
f 1829/1829/1 2170/2170/1 2171/2171/1
f 1845/1845/1 2184/2184/1 1900/1900/1
f 2148/2148/1 2169/2169/1 1852/1852/1
f 1855/1855/1 1849/1849/1 2147/2147/1
f 10/10/1 2152/2152/1 7/7/1
f 376/376/1 2117/2117/1 355/355/1
f 2126/2126/1 2153/2153/1 2172/2172/1
f 417/417/1 2156/2156/1 395/395/1
f 434/434/1 2185/2185/1 417/417/1
f 2186/2186/1 2135/2135/1 978/978/1
f 2167/2167/1 2072/2072/1 1444/1444/1
f 569/569/1 543/543/1 1756/1756/1
f 97/97/1 2119/2119/1 91/91/1
f 68/68/1 106/106/1 117/117/1
f 457/457/1 439/439/1 2022/2022/1
f 1585/1585/1 2012/2012/1 1590/1590/1
f 1563/1563/1 2167/2167/1 1530/1530/1
f 41/41/1 2128/2128/1 25/25/1
f 2144/2144/1 6/6/1 2170/2170/1
f 2051/2051/1 2183/2183/1 2052/2052/1
f 1853/1853/1 1852/1852/1 2169/2169/1
f 2187/2187/1 1845/1845/1 1848/1848/1
f 2152/2152/1 10/10/1 2173/2173/1
f 2153/2153/1 2173/2173/1 2174/2174/1
f 2185/2185/1 437/437/1 2188/2188/1
f 2159/2159/1 896/896/1 2160/2160/1
f 1322/1322/1 2070/2070/1 1321/1321/1
f 2189/2189/1 583/583/1 2177/2177/1
f 91/91/1 2119/2119/1 137/137/1
f 106/106/1 68/68/1 105/105/1
f 219/219/1 2182/2182/1 291/291/1
f 2190/2190/1 1588/1588/1 1723/1723/1
f 1583/1583/1 2167/2167/1 1563/1563/1
f 2174/2174/1 25/25/1 2128/2128/1
f 7/7/1 2170/2170/1 6/6/1
f 2183/2183/1 1900/1900/1 2184/2184/1
f 2184/2184/1 1845/1845/1 2187/2187/1
f 173/173/1 2179/2179/1 89/89/1
f 2188/2188/1 437/437/1 2066/2066/1
f 896/896/1 2159/2159/1 594/594/1
f 583/583/1 2111/2111/1 967/967/1
f 29/29/1 105/105/1 68/68/1
f 497/497/1 457/457/1 2138/2138/1
f 1588/1588/1 2190/2190/1 1629/1629/1
f 1411/1411/1 1445/1445/1 1998/1998/1
f 2125/2125/1 2171/2171/1 2151/2151/1
f 1900/1900/1 2183/2183/1 2051/2051/1
f 2180/2180/1 378/378/1 2156/2156/1
f 554/554/1 2157/2157/1 539/539/1
f 2182/2182/1 2080/2080/1 289/289/1
f 105/105/1 29/29/1 64/64/1
f 2191/2191/1 1629/1629/1 2190/2190/1
f 2167/2167/1 1583/1583/1 2192/2192/1
f 2171/2171/1 2125/2125/1 2121/2121/1
f 2052/2052/1 2150/2150/1 2193/2193/1
f 378/378/1 2180/2180/1 376/376/1
f 2068/2068/1 594/594/1 2158/2158/1
f 30/30/1 64/64/1 29/29/1
f 1629/1629/1 2191/2191/1 1628/1628/1
f 1413/1413/1 1411/1411/1 1998/1998/1
f 7/7/1 2151/2151/1 2170/2170/1
f 2193/2193/1 2150/2150/1 2149/2149/1
f 2156/2156/1 417/417/1 2185/2185/1
f 63/63/1 64/64/1 30/30/1
f 2194/2194/1 1628/1628/1 2191/2191/1
f 1584/1584/1 2192/2192/1 1583/1583/1
f 13/13/1 2173/2173/1 10/10/1
f 60/60/1 63/63/1 1/1/1
f 1628/1628/1 2194/2194/1 1656/1656/1
f 1603/1603/1 2192/2192/1 1584/1584/1
f 14/14/1 2173/2173/1 13/13/1
f 59/59/1 60/60/1 2144/2144/1
f 1656/1656/1 2194/2194/1 1655/1655/1
f 17/17/1 2173/2173/1 14/14/1
f 51/51/1 1781/1781/1 47/47/1
f 2173/2173/1 17/17/1 2174/2174/1
f 2143/2143/1 137/137/1 2119/2119/1
f 20/20/1 2174/2174/1 17/17/1
f 137/137/1 2143/2143/1 2195/2195/1
f 23/23/1 2174/2174/1 20/20/1
f 2195/2195/1 2029/2029/1 1792/1792/1
f 25/25/1 2174/2174/1 23/23/1
f 2139/2139/1 2113/2113/1 2196/2196/1
f 2128/2128/1 45/45/1 2179/2179/1
f 2029/2029/1 2195/2195/1 2143/2143/1
f 85/85/1 2179/2179/1 45/45/1
f 137/137/1 2195/2195/1 138/138/1
f 89/89/1 2179/2179/1 87/87/1
f 2196/2196/1 138/138/1 2195/2195/1
f 174/174/1 2179/2179/1 173/173/1
f 138/138/1 2196/2196/1 134/134/1
f 2179/2179/1 174/174/1 2142/2142/1
f 134/134/1 2196/2196/1 180/180/1
f 2117/2117/1 2142/2142/1 211/211/1
f 180/180/1 2196/2196/1 2182/2182/1
f 2117/2117/1 376/376/1 2180/2180/1
f 2079/2079/1 2196/2196/1 2113/2113/1
f 395/395/1 2156/2156/1 378/378/1
f 2079/2079/1 2182/2182/1 2196/2196/1
f 437/437/1 2185/2185/1 434/434/1
f 176/176/1 180/180/1 2182/2182/1
f 489/489/1 2066/2066/1 437/437/1
f 176/176/1 2182/2182/1 219/219/1
f 2066/2066/1 489/489/1 1977/1977/1
f 496/496/1 497/497/1 2178/2178/1
f 490/490/1 2103/2103/1 489/489/1
f 511/511/1 496/496/1 2178/2178/1
f 2103/2103/1 490/490/1 2131/2131/1
f 510/510/1 511/511/1 2178/2178/1
f 538/538/1 2131/2131/1 490/490/1
f 528/528/1 510/510/1 2166/2166/1
f 2132/2132/1 538/538/1 2157/2157/1
f 527/527/1 528/528/1 2112/2112/1
f 2157/2157/1 554/554/1 1980/1980/1
f 543/543/1 527/527/1 2112/2112/1
f 2104/2104/1 594/594/1 2197/2197/1
f 2165/2165/1 583/583/1 2137/2137/1
f 2197/2197/1 594/594/1 2133/2133/1
f 2017/2017/1 583/583/1 2189/2189/1
f 936/936/1 951/951/1 1994/1994/1
f 2164/2164/1 967/967/1 2111/2111/1
f 951/951/1 977/977/1 1993/1993/1
f 982/982/1 2176/2176/1 997/997/1
f 977/977/1 978/978/1 2135/2135/1
f 2081/2081/1 997/997/1 2176/2176/1
f 2186/2186/1 978/978/1 1019/1019/1
f 997/997/1 2081/2081/1 1023/1023/1
f 2186/2186/1 1019/1019/1 2116/2116/1
f 1106/1106/1 1091/1091/1 2015/2015/1
f 1035/1035/1 2116/2116/1 1019/1019/1
f 1135/1135/1 1106/1106/1 1736/1736/1
f 1074/1074/1 2116/2116/1 1035/1035/1
f 1148/1148/1 1135/1135/1 1734/1734/1
f 1146/1146/1 2141/2141/1 1119/1119/1
f 1150/1150/1 1148/1148/1 1734/1734/1
f 1178/1178/1 2141/2141/1 1146/1146/1
f 1194/1194/1 1150/1150/1 1734/1734/1
f 2141/2141/1 1178/1178/1 2004/2004/1
f 1197/1197/1 2077/2077/1 1226/1226/1
f 1222/1222/1 2004/2004/1 1178/1178/1
f 1357/1357/1 1358/1358/1 2163/2163/1
f 1321/1321/1 1997/1997/1 1273/1273/1
f 1376/1376/1 2076/2076/1 1448/1448/1
f 1341/1341/1 1339/1339/1 2070/2070/1
f 1446/1446/1 1448/1448/1 1732/1732/1
f 1339/1339/1 1371/1371/1 1999/1999/1
f 1451/1451/1 1446/1446/1 1732/1732/1
f 1371/1371/1 1373/1373/1 1999/1999/1
f 1472/1472/1 1451/1451/1 1732/1732/1
f 1373/1373/1 1413/1413/1 1998/1998/1
f 2198/2198/1 1655/1655/1 2194/2194/1
f 2192/2192/1 1603/1603/1 2199/2199/1
f 1655/1655/1 2198/2198/1 1686/1686/1
f 1624/1624/1 2199/2199/1 1603/1603/1
f 1686/1686/1 2198/2198/1 1684/1684/1
f 2199/2199/1 1624/1624/1 2200/2200/1
f 1684/1684/1 2198/2198/1 1688/1688/1
f 1651/1651/1 2200/2200/1 1624/1624/1
f 2074/2074/1 1688/1688/1 2198/2198/1
f 1652/1652/1 2200/2200/1 1651/1651/1
f 1708/1708/1 1688/1688/1 2074/2074/1
f 2200/2200/1 1652/1652/1 2201/2201/1
f 1712/1712/1 1708/1708/1 2074/2074/1
f 2201/2201/1 1652/1652/1 2202/2202/1
f 1711/1711/1 1712/1712/1 2010/2010/1
f 1649/1649/1 2202/2202/1 1652/1652/1
f 1715/1715/1 1711/1711/1 2010/2010/1
f 2202/2202/1 1649/1649/1 2115/2115/1
f 1722/1722/1 2181/2181/1 1721/1721/1
f 1682/1682/1 2140/2140/1 1683/1683/1
f 1784/1784/1 1721/1721/1 2181/2181/1
f 2140/2140/1 1682/1682/1 2005/2005/1
f 1721/1721/1 1784/1784/1 1696/1696/1
