# Wet mud down the flood valley and up its banks, generated by
# tools/layout_world.py; a clipped grid, so it follows the slope.
vn 0 0 1
v 16.87 65.00 0.3643
v 17.00 64.83 0.3843
v 17.00 65.00 0.3815
v 16.66 65.26 0.3316
v 15.94 67.00 0.2060
v 17.00 67.00 0.3355
v 16.18 69.00 0.1858
v 15.34 68.45 0.1166
v 17.00 69.00 0.2783
v 17.00 69.54 0.2529
v 18.43 63.00 0.5561
v 19.00 62.27 0.5872
v 19.00 63.00 0.6259
v 19.00 65.00 0.6420
v 19.00 67.00 0.5978
v 19.00 69.00 0.5206
v 19.00 70.81 0.3723
v 18.83 70.73 0.3636
v 20.82 27.00 0.1458
v 21.00 26.77 0.1504
v 21.00 27.00 0.1622
v 21.00 29.00 0.2679
v 19.31 29.00 0.0952
v 19.06 29.32 0.0821
v 19.27 31.00 0.1217
v 21.00 31.00 0.3212
v 19.45 32.42 0.1315
v 20.07 33.00 0.1836
v 21.00 33.00 0.2913
v 21.00 33.88 0.2549
v 20.18 61.00 0.6102
v 21.00 60.14 0.6234
v 21.00 61.00 0.6886
v 21.00 63.00 0.8152
v 19.09 62.15 0.5893
v 21.00 65.00 0.8410
v 21.00 67.00 0.8137
v 21.00 69.00 0.7183
v 19.42 71.00 0.3914
v 21.00 71.00 0.5204
v 21.00 71.72 0.4429
v 23.00 26.16 0.3226
v 23.00 27.00 0.3764
v 21.08 26.65 0.1516
v 23.00 29.00 0.5073
v 23.00 31.00 0.5871
v 23.00 33.00 0.5429
v 22.19 35.00 0.3456
v 23.00 35.00 0.4468
v 23.00 35.76 0.4101
v 22.22 59.00 0.6525
v 23.00 58.46 0.6636
v 23.00 59.00 0.7148
v 23.00 61.00 0.8397
v 21.81 59.28 0.6353
v 23.00 63.00 0.8978
v 23.00 65.00 0.8992
v 23.00 67.00 0.9008
v 23.00 69.00 0.8330
v 23.00 71.00 0.6738
v 23.00 72.62 0.5079
v 25.00 25.64 0.5052
v 25.00 27.00 0.6090
v 25.00 29.00 0.7251
v 25.00 31.00 0.8084
v 25.00 33.00 0.7656
v 25.00 35.00 0.6877
v 23.14 35.89 0.4214
v 25.00 37.00 0.5661
v 24.95 37.00 0.5611
v 25.00 37.03 0.5635
v 25.00 57.08 0.6641
v 25.00 59.00 0.8253
v 25.00 61.00 0.9005
v 25.00 63.00 0.8838
v 25.00 65.00 0.8382
v 25.00 67.00 0.8865
v 25.00 69.00 0.8949
v 25.00 71.00 0.7940
v 23.23 72.73 0.5142
v 25.00 73.00 0.5903
v 23.41 73.00 0.4967
v 24.74 75.00 0.3351
v 25.00 75.00 0.3499
v 25.00 75.40 0.3029
v 27.00 25.12 0.6027
v 27.00 27.00 0.7863
v 26.95 25.13 0.6008
v 27.00 29.00 0.8714
v 27.00 31.00 0.9007
v 27.00 33.00 0.8923
v 27.00 35.00 0.8576
v 27.00 37.00 0.7428
v 27.00 38.25 0.6450
v 25.77 56.55 0.6644
v 27.00 55.94 0.6880
v 27.00 57.00 0.7810
v 25.12 57.00 0.6644
v 27.00 59.00 0.8902
v 27.00 61.00 0.8894
v 27.00 63.00 0.8230
v 27.00 65.00 0.7356
v 27.00 67.00 0.8404
v 27.00 69.00 0.8978
v 27.00 71.00 0.8604
v 27.00 73.00 0.6969
v 27.00 75.00 0.4662
v 25.06 75.49 0.2959
v 27.00 76.19 0.3239
v 27.30 25.00 0.6074
v 29.00 24.35 0.6371
v 29.00 25.00 0.7053
v 29.00 27.00 0.8622
v 29.00 29.00 0.8979
v 29.00 31.00 0.8704
v 29.00 33.00 0.8818
v 29.00 35.00 0.9007
v 29.00 37.00 0.8651
v 28.23 39.00 0.6921
v 29.00 39.00 0.7541
v 28.63 39.25 0.7063
v 29.00 41.00 0.5836
v 28.87 41.00 0.5719
v 28.94 41.55 0.5256
v 29.00 41.63 0.5234
v 28.57 45.00 0.2296
v 29.00 44.77 0.2755
v 29.00 45.00 0.2815
v 29.00 47.00 0.3024
v 27.53 47.00 0.1328
v 27.18 45.75 0.0946
v 27.77 47.90 0.1619
v 28.83 49.00 0.2788
v 29.00 49.00 0.3001
v 29.00 49.17 0.2967
v 28.92 55.00 0.7125
v 29.00 54.96 0.7134
v 29.00 55.00 0.7172
v 29.00 57.00 0.8652
v 29.00 59.00 0.8981
v 29.00 61.00 0.8493
v 29.00 63.00 0.7463
v 29.00 65.00 0.6408
v 29.00 67.00 0.7891
v 29.00 69.00 0.8788
v 29.00 71.00 0.8965
v 29.00 73.00 0.7903
v 29.00 75.00 0.5933
v 29.00 76.90 0.3729
v 31.00 23.58 0.6630
v 31.00 25.00 0.8020
v 31.00 27.00 0.8986
v 31.00 29.00 0.8765
v 31.00 31.00 0.7871
v 31.00 33.00 0.8026
v 31.00 35.00 0.8707
v 31.00 37.00 0.9002
v 31.00 39.00 0.8665
v 31.00 41.00 0.7472
v 30.02 43.00 0.4842
v 31.00 43.00 0.5849
v 30.67 43.87 0.4820
v 31.00 45.00 0.5406
v 31.00 47.00 0.5683
v 31.00 49.00 0.5622
v 29.80 50.00 0.3707
v 31.00 51.00 0.4843
v 30.06 51.00 0.3638
v 30.33 52.03 0.4862
v 30.59 53.00 0.6122
v 31.00 53.00 0.6395
v 30.86 54.04 0.7338
v 31.00 55.00 0.8190
v 31.00 57.00 0.9003
v 31.00 59.00 0.8734
v 31.00 61.00 0.7846
v 31.00 63.00 0.6476
v 31.00 65.00 0.5516
v 31.00 67.00 0.7244
v 31.00 69.00 0.8426
v 31.00 71.00 0.8976
v 31.00 73.00 0.8651
v 31.00 75.00 0.7132
v 29.28 77.00 0.3797
v 31.00 77.00 0.5238
v 30.01 77.26 0.4051
v 31.00 79.00 0.3383
v 29.95 79.00 0.2402
v 31.00 81.00 0.2052
v 29.88 81.00 0.1070
v 29.87 81.15 0.0991
v 31.00 81.68 0.1647
v 32.26 23.00 0.6479
v 33.00 22.60 0.6319
v 33.00 23.00 0.6778
v 33.00 25.00 0.8553
v 31.61 23.34 0.6604
v 33.00 27.00 0.8978
v 33.00 29.00 0.8360
v 33.00 31.00 0.7151
v 33.00 33.00 0.6908
v 33.00 35.00 0.7956
v 33.00 37.00 0.8698
v 33.00 39.00 0.9005
v 33.00 41.00 0.8650
v 33.00 43.00 0.7733
v 33.00 45.00 0.7717
v 33.00 47.00 0.7964
v 33.00 49.00 0.7853
v 33.00 51.00 0.7237
v 33.00 53.00 0.7812
v 33.00 55.00 0.8866
v 33.00 57.00 0.8918
v 33.00 59.00 0.8257
v 33.00 61.00 0.7039
v 33.00 63.00 0.5354
v 33.00 65.00 0.4507
v 33.00 67.00 0.6397
v 33.00 69.00 0.7841
v 33.00 71.00 0.8742
v 33.00 73.00 0.8998
v 33.00 75.00 0.8370
v 33.00 77.00 0.7010
v 33.00 79.00 0.5641
v 33.00 81.00 0.4195
v 33.00 82.63 0.2910
v 35.00 21.54 0.5902
v 35.00 23.00 0.7524
v 35.00 25.00 0.8886
v 35.00 27.00 0.8845
v 35.00 29.00 0.7966
v 35.00 31.00 0.6438
v 35.00 33.00 0.5451
v 35.00 35.00 0.6884
v 35.00 37.00 0.7998
v 35.00 39.00 0.8720
v 35.00 41.00 0.8989
v 35.00 43.00 0.8949
v 35.00 45.00 0.8959
v 35.00 47.00 0.9006
v 35.00 49.00 0.8980
v 35.00 51.00 0.8785
v 35.00 53.00 0.8822
v 35.00 55.00 0.8977
v 35.00 57.00 0.8525
v 35.00 59.00 0.7572
v 35.00 61.00 0.6057
v 35.00 63.00 0.4132
v 35.00 65.00 0.3271
v 35.00 67.00 0.5371
v 35.00 69.00 0.7080
v 35.00 71.00 0.8244
v 35.00 73.00 0.8843
v 35.00 75.00 0.8997
v 35.00 77.00 0.8534
v 35.00 79.00 0.7639
v 35.00 81.00 0.6312
v 33.78 83.00 0.3430
v 35.00 83.00 0.4739
v 34.39 83.29 0.3848
v 35.00 84.69 0.3359
v 35.92 21.00 0.5730
v 37.00 20.32 0.5476
v 37.00 21.00 0.6281
v 37.00 23.00 0.8223
v 35.48 21.28 0.5836
v 37.00 25.00 0.9010
v 37.00 27.00 0.8615
v 37.00 29.00 0.7491
v 37.00 31.00 0.5761
v 37.00 33.00 0.3814
v 37.00 35.00 0.5520
v 37.00 37.00 0.6941
v 37.00 39.00 0.7876
v 37.00 41.00 0.8535
v 37.00 43.00 0.8748
v 37.00 45.00 0.8749
v 37.00 47.00 0.8611
v 37.00 49.00 0.8726
v 37.00 51.00 0.8902
v 37.00 53.00 0.8883
v 37.00 55.00 0.8631
v 37.00 57.00 0.7785
v 37.00 59.00 0.6510
v 37.00 61.00 0.4876
v 37.00 63.00 0.2790
v 37.00 65.00 0.1939
v 37.00 67.00 0.4197
v 37.00 69.00 0.5953
v 37.00 71.00 0.7268
v 37.00 73.00 0.8250
v 37.00 75.00 0.8794
v 37.00 77.00 0.9000
v 37.00 79.00 0.8834
v 37.00 81.00 0.8048
v 37.00 83.00 0.6784
v 35.13 85.00 0.3208
v 37.00 85.00 0.4811
v 36.00 87.00 0.1986
v 37.00 87.00 0.2717
v 36.05 87.12 0.1913
v 37.00 87.35 0.2377
v 39.00 19.06 0.5333
v 39.00 21.00 0.7225
v 39.00 23.00 0.8746
v 39.00 25.00 0.8933
v 39.00 27.00 0.8229
v 39.00 29.00 0.6883
v 39.00 31.00 0.5008
v 39.00 33.00 0.2669
v 39.00 35.00 0.3896
v 39.00 37.00 0.5357
v 39.00 39.00 0.6554
v 39.00 41.00 0.7436
v 39.00 43.00 0.7676
v 39.00 45.00 0.7708
v 39.00 47.00 0.7395
v 39.00 49.00 0.7690
v 39.00 51.00 0.8100
v 39.00 53.00 0.8047
v 39.00 55.00 0.7627
v 39.00 57.00 0.6729
v 39.00 59.00 0.5181
v 39.00 61.00 0.3308
v 39.00 63.00 0.1204
v 39.00 65.00 0.0415
v 39.00 67.00 0.2547
v 39.00 69.00 0.4369
v 39.00 71.00 0.5963
v 39.00 73.00 0.7186
v 39.00 75.00 0.7979
v 39.00 77.00 0.8569
v 39.00 79.00 0.8940
v 39.00 81.00 0.8962
v 39.00 83.00 0.8098
v 39.00 85.00 0.6404
v 39.00 87.00 0.4319
v 39.00 87.84 0.3430
v 40.46 17.00 0.4700
v 41.00 16.21 0.4642
v 41.00 17.00 0.5280
v 41.00 19.00 0.6847
v 39.09 19.00 0.5345
v 41.00 21.00 0.8375
v 39.08 19.02 0.5357
v 41.00 23.00 0.9009
v 41.00 25.00 0.8713
v 41.00 27.00 0.7716
v 41.00 29.00 0.6126
v 41.00 31.00 0.4057
v 41.00 33.00 0.1623
v 41.00 35.00 0.1833
v 41.00 37.00 0.3402
v 41.00 39.00 0.4805
v 41.00 41.00 0.5646
v 41.00 43.00 0.5911
v 41.00 45.00 0.5973
v 41.00 47.00 0.5514
v 41.00 49.00 0.6020
v 41.00 51.00 0.6581
v 41.00 53.00 0.6527
v 41.00 55.00 0.5933
v 41.00 57.00 0.5086
v 41.00 59.00 0.3595
v 41.00 61.00 0.1578
v 41.00 63.00 -0.0668
v 41.00 65.00 -0.1556
v 41.00 67.00 0.0564
v 41.00 69.00 0.2560
v 41.00 71.00 0.4301
v 41.00 73.00 0.5562
v 41.00 75.00 0.6641
v 41.00 77.00 0.7623
v 41.00 79.00 0.8378
v 41.00 81.00 0.8929
v 41.00 83.00 0.8865
v 41.00 85.00 0.7765
v 41.00 87.00 0.5822
v 41.00 88.33 0.4204
v 41.77 11.00 0.1418
v 43.00 10.56 0.2160
v 43.00 11.00 0.2504
v 43.00 13.00 0.4114
v 41.52 13.00 0.2601
v 41.69 11.03 0.1373
v 43.00 15.00 0.5771
v 41.34 15.00 0.4028
v 43.00 17.00 0.7257
v 41.27 15.82 0.4617
v 43.00 19.00 0.8373
v 43.00 21.00 0.8972
v 43.00 23.00 0.8847
v 43.00 25.00 0.8167
v 43.00 27.00 0.7017
v 43.00 29.00 0.5278
v 43.00 31.00 0.3037
v 43.00 33.00 0.0479
v 43.00 35.00 -0.0522
v 43.00 37.00 0.1184
v 43.00 39.00 0.2548
v 43.00 41.00 0.3310
v 43.00 43.00 0.3598
v 43.00 45.00 0.3676
v 43.00 47.00 0.3171
v 43.00 49.00 0.3840
v 43.00 51.00 0.4453
v 43.00 53.00 0.4404
v 43.00 55.00 0.3733
v 43.00 57.00 0.2883
v 43.00 59.00 0.1521
v 43.00 61.00 -0.0353
v 43.00 63.00 -0.2614
v 43.00 65.00 -0.3730
v 43.00 67.00 -0.1540
v 43.00 69.00 0.0508
v 43.00 71.00 0.2136
v 43.00 73.00 0.3561
v 43.00 75.00 0.4943
v 43.00 77.00 0.6232
v 43.00 79.00 0.7572
v 43.00 81.00 0.8532
v 43.00 83.00 0.8986
v 43.00 85.00 0.8550
v 43.00 87.00 0.6844
v 42.23 88.63 0.4518
v 43.00 89.00 0.4490
v 42.86 89.00 0.4412
v 43.00 89.08 0.4392
v 45.00 9.84 0.3104
v 45.00 11.00 0.4317
v 45.00 13.00 0.6195
v 45.00 15.00 0.7619
v 45.00 17.00 0.8626
v 45.00 19.00 0.9010
v 45.00 21.00 0.8850
v 45.00 23.00 0.8345
v 45.00 25.00 0.7293
v 45.00 27.00 0.5832
v 45.00 29.00 0.4036
v 45.00 31.00 0.1861
v 45.00 33.00 -0.0709
v 45.00 35.00 -0.3003
v 45.00 37.00 -0.1329
v 45.00 39.00 -0.0106
v 45.00 41.00 0.0575
v 45.00 43.00 0.0881
v 45.00 45.00 0.0964
v 45.00 47.00 0.0465
v 45.00 49.00 0.1279
v 45.00 51.00 0.1862
v 45.00 53.00 0.1818
v 45.00 55.00 0.1157
v 45.00 57.00 0.0266
v 45.00 59.00 -0.0957
v 45.00 61.00 -0.2649
v 45.00 63.00 -0.4698
v 45.00 65.00 -0.5922
v 45.00 67.00 -0.3774
v 45.00 69.00 -0.1913
v 45.00 71.00 -0.0292
v 45.00 73.00 0.1305
v 45.00 75.00 0.2955
v 45.00 77.00 0.4858
v 45.00 79.00 0.6535
v 45.00 81.00 0.7950
v 45.00 83.00 0.8821
v 45.00 85.00 0.8932
v 45.00 87.00 0.7734
v 45.00 89.00 0.5591
v 45.00 90.24 0.4076
v 47.00 9.13 0.3992
v 47.00 11.00 0.5957
v 47.00 13.00 0.7766
v 47.00 15.00 0.8798
v 47.00 17.00 0.8997
v 47.00 19.00 0.8729
v 47.00 21.00 0.8155
v 47.00 23.00 0.7310
v 47.00 25.00 0.6145
v 47.00 27.00 0.4428
v 47.00 29.00 0.2415
v 47.00 31.00 0.0193
v 47.00 33.00 -0.2218
v 47.00 35.00 -0.4861
v 47.00 37.00 -0.4087
v 47.00 39.00 -0.3010
v 47.00 41.00 -0.2412
v 47.00 43.00 -0.2093
v 47.00 45.00 -0.2014
v 47.00 47.00 -0.2467
v 47.00 49.00 -0.1560
v 47.00 51.00 -0.1043
v 47.00 53.00 -0.1082
v 47.00 55.00 -0.1674
v 47.00 57.00 -0.2609
v 47.00 59.00 -0.3699
v 47.00 61.00 -0.5194
v 47.00 63.00 -0.7007
v 47.00 65.00 -0.8129
v 47.00 67.00 -0.6224
v 47.00 69.00 -0.4528
v 47.00 71.00 -0.2863
v 47.00 73.00 -0.1049
v 47.00 75.00 0.1193
v 47.00 77.00 0.3479
v 47.00 79.00 0.5638
v 47.00 81.00 0.7352
v 47.00 83.00 0.8510
v 47.00 85.00 0.9001
v 47.00 87.00 0.8403
v 47.00 89.00 0.6494
v 46.30 91.00 0.3700
v 47.00 91.00 0.3994
v 46.80 91.29 0.3544
v 47.00 91.32 0.3589
v 47.37 9.00 0.4161
v 49.00 8.42 0.4883
v 49.00 9.00 0.5508
v 49.00 11.00 0.7418
v 47.24 9.04 0.4095
v 49.00 13.00 0.8705
v 49.00 15.00 0.8984
v 49.00 17.00 0.8601
v 49.00 19.00 0.7928
v 49.00 21.00 0.6978
v 49.00 23.00 0.5821
v 49.00 25.00 0.4466
v 49.00 27.00 0.2802
v 49.00 29.00 0.0661
v 49.00 31.00 -0.1677
v 49.00 33.00 -0.4096
v 49.00 35.00 -0.6544
v 49.00 37.00 -0.6945
v 49.00 39.00 -0.6018
v 49.00 41.00 -0.5501
v 49.00 43.00 -0.5181
v 49.00 45.00 -0.5111
v 49.00 47.00 -0.5437
v 49.00 49.00 -0.4565
v 49.00 51.00 -0.4116
v 49.00 53.00 -0.4150
v 49.00 55.00 -0.4665
v 49.00 57.00 -0.5568
v 49.00 59.00 -0.6559
v 49.00 61.00 -0.7850
v 49.00 63.00 -0.9411
v 49.00 65.00 -1.0399
v 49.00 67.00 -0.8761
v 49.00 69.00 -0.7144
v 49.00 71.00 -0.5376
v 49.00 73.00 -0.2992
v 49.00 75.00 -0.0217
v 49.00 77.00 0.2389
v 49.00 79.00 0.4711
v 49.00 81.00 0.6646
v 49.00 83.00 0.8114
v 49.00 85.00 0.8906
v 49.00 87.00 0.8779
v 49.00 89.00 0.7228
v 49.00 91.00 0.4842
v 49.00 91.64 0.4023
v 51.00 7.72 0.4968
v 51.00 9.00 0.6600
v 51.00 11.00 0.8476
v 51.00 13.00 0.9008
v 51.00 15.00 0.8677
v 51.00 17.00 0.7830
v 51.00 19.00 0.6679
v 51.00 21.00 0.5423
v 51.00 23.00 0.3981
v 51.00 25.00 0.2413
v 51.00 27.00 0.0721
v 51.00 29.00 -0.1266
v 51.00 31.00 -0.3598
v 51.00 33.00 -0.6033
v 51.00 35.00 -0.8422
v 51.00 37.00 -0.9758
v 51.00 39.00 -0.8982
v 51.00 41.00 -0.8545
v 51.00 43.00 -0.8239
v 51.00 45.00 -0.8181
v 51.00 47.00 -0.8353
v 51.00 49.00 -0.7590
v 51.00 51.00 -0.7208
v 51.00 53.00 -0.7237
v 51.00 55.00 -0.7674
v 51.00 57.00 -0.8481
v 51.00 59.00 -0.9391
v 51.00 61.00 -1.0471
v 51.00 63.00 -1.1770
v 51.00 65.00 -1.2606
v 51.00 67.00 -1.1184
v 51.00 69.00 -0.9620
v 51.00 71.00 -0.7096
v 51.00 73.00 -0.4271
v 51.00 75.00 -0.1455
v 51.00 77.00 0.1310
v 51.00 79.00 0.3862
v 51.00 81.00 0.6033
v 51.00 83.00 0.7696
v 51.00 85.00 0.8726
v 51.00 87.00 0.8982
v 51.00 89.00 0.7870
v 51.00 91.00 0.5679
v 51.00 91.95 0.4468
v 53.00 7.69 0.5127
v 53.00 9.00 0.6794
v 51.28 7.62 0.4875
v 53.00 11.00 0.8630
v 53.00 13.00 0.8943
v 53.00 15.00 0.8167
v 53.00 17.00 0.6854
v 53.00 19.00 0.5264
v 53.00 21.00 0.3551
v 53.00 23.00 0.1892
v 53.00 25.00 0.0142
v 53.00 27.00 -0.1664
v 53.00 29.00 -0.3535
v 53.00 31.00 -0.5642
v 53.00 33.00 -0.7941
v 53.00 35.00 -1.0244
v 53.00 37.00 -1.2376
v 53.00 39.00 -1.1754
v 53.00 41.00 -1.1395
v 53.00 43.00 -1.1122
v 53.00 45.00 -1.1075
v 53.00 47.00 -1.1113
v 53.00 49.00 -1.0487
v 53.00 51.00 -1.0173
v 53.00 53.00 -1.0197
v 53.00 55.00 -1.0556
v 53.00 57.00 -1.1223
v 53.00 59.00 -1.2044
v 53.00 61.00 -1.2914
v 53.00 63.00 -1.3942
v 53.00 65.00 -1.4595
v 53.00 67.00 -1.3357
v 53.00 69.00 -1.0983
v 53.00 71.00 -0.8321
v 53.00 73.00 -0.5410
v 53.00 75.00 -0.2460
v 53.00 77.00 0.0403
v 53.00 79.00 0.3053
v 53.00 81.00 0.5364
v 53.00 83.00 0.7209
v 53.00 85.00 0.8469
v 53.00 87.00 0.9005
v 53.00 89.00 0.8274
v 53.00 91.00 0.6189
v 52.67 92.21 0.4541
v 53.00 92.18 0.4656
v 55.00 7.77 0.5416
v 55.00 9.00 0.6954
v 55.00 11.00 0.8706
v 55.00 13.00 0.8917
v 55.00 15.00 0.8084
v 55.00 17.00 0.6510
v 55.00 19.00 0.4340
v 55.00 21.00 0.1721
v 55.00 23.00 -0.0376
v 55.00 25.00 -0.2257
v 55.00 27.00 -0.4135
v 55.00 29.00 -0.6005
v 55.00 31.00 -0.7889
v 55.00 33.00 -0.9909
v 55.00 35.00 -1.1965
v 55.00 37.00 -1.3902
v 55.00 39.00 -1.4188
v 55.00 41.00 -1.3908
v 55.00 43.00 -1.3682
v 55.00 45.00 -1.3646
v 55.00 47.00 -1.3596
v 55.00 49.00 -1.3108
v 55.00 51.00 -1.2863
v 55.00 53.00 -1.2882
v 55.00 55.00 -1.3163
v 55.00 57.00 -1.3681
v 55.00 59.00 -1.4359
v 55.00 61.00 -1.5033
v 55.00 63.00 -1.5784
v 55.00 65.00 -1.6101
v 55.00 67.00 -1.4246
v 55.00 69.00 -1.1917
v 55.00 71.00 -0.9254
v 55.00 73.00 -0.6385
v 55.00 75.00 -0.3434
v 55.00 77.00 -0.0507
v 55.00 79.00 0.2326
v 55.00 81.00 0.4832
v 55.00 83.00 0.6869
v 55.00 85.00 0.8297
v 55.00 87.00 0.8974
v 55.00 89.00 0.8517
v 55.00 91.00 0.6606
v 55.00 92.03 0.5306
v 57.00 7.85 0.5646
v 57.00 9.00 0.7066
v 57.00 11.00 0.8758
v 57.00 13.00 0.8893
v 57.00 15.00 0.8015
v 57.00 17.00 0.6398
v 57.00 19.00 0.4193
v 57.00 21.00 0.1544
v 57.00 23.00 -0.1399
v 57.00 25.00 -0.4490
v 57.00 27.00 -0.6616
v 57.00 29.00 -0.8445
v 57.00 31.00 -1.0204
v 57.00 33.00 -1.1926
v 57.00 35.00 -1.3650
v 57.00 37.00 -1.5253
v 57.00 39.00 -1.6137
v 57.00 41.00 -1.5938
v 57.00 43.00 -1.5772
v 57.00 45.00 -1.5747
v 57.00 47.00 -1.5655
v 57.00 49.00 -1.5308
v 57.00 51.00 -1.5131
v 57.00 53.00 -1.5144
v 57.00 55.00 -1.5347
v 57.00 57.00 -1.5716
v 57.00 59.00 -1.6205
v 57.00 61.00 -1.6680
v 57.00 63.00 -1.7151
v 57.00 65.00 -1.6612
v 57.00 67.00 -1.4923
v 57.00 69.00 -1.2713
v 57.00 71.00 -1.0039
v 57.00 73.00 -0.7104
v 57.00 75.00 -0.4048
v 57.00 77.00 -0.1012
v 57.00 79.00 0.1862
v 57.00 81.00 0.4434
v 57.00 83.00 0.6561
v 57.00 85.00 0.8103
v 57.00 87.00 0.8918
v 57.00 89.00 0.8715
v 57.00 91.00 0.7002
v 57.00 91.87 0.5952
v 59.00 7.89 0.5699
v 59.00 9.00 0.7066
v 57.99 7.89 0.5699
v 59.00 11.00 0.8758
v 59.00 13.00 0.8893
v 59.00 15.00 0.8015
v 59.00 17.00 0.6398
v 59.00 19.00 0.4193
v 59.00 21.00 0.1544
v 59.00 23.00 -0.1399
v 59.00 25.00 -0.4490
v 59.00 27.00 -0.7581
v 59.00 29.00 -1.0524
v 59.00 31.00 -1.2383
v 59.00 33.00 -1.3859
v 59.00 35.00 -1.5228
v 59.00 37.00 -1.6448
v 59.00 39.00 -1.7390
v 59.00 41.00 -1.7340
v 59.00 43.00 -1.7243
v 59.00 45.00 -1.7229
v 59.00 47.00 -1.7145
v 59.00 49.00 -1.6937
v 59.00 51.00 -1.6828
v 59.00 53.00 -1.6836
v 59.00 55.00 -1.6960
v 59.00 57.00 -1.7180
v 59.00 59.00 -1.7455
v 59.00 61.00 -1.7709
v 59.00 63.00 -1.7844
v 59.00 65.00 -1.6937
v 59.00 67.00 -1.5319
v 59.00 69.00 -1.3132
v 59.00 71.00 -1.0518
v 59.00 73.00 -0.7581
v 59.00 75.00 -0.4490
v 59.00 77.00 -0.1399
v 59.00 79.00 0.1544
v 59.00 81.00 0.4193
v 59.00 83.00 0.6398
v 59.00 85.00 0.8015
v 59.00 87.00 0.8893
v 59.00 89.00 0.8758
v 59.00 91.00 0.7066
v 58.84 91.73 0.6188
v 59.00 91.73 0.6188
v 61.00 7.88 0.5686
v 61.00 9.00 0.7066
v 61.00 11.00 0.8758
v 61.00 13.00 0.8893
v 61.00 15.00 0.8015
v 61.00 17.00 0.6398
v 61.00 19.00 0.4193
v 61.00 21.00 0.1544
v 61.00 23.00 -0.1399
v 61.00 25.00 -0.4490
v 61.00 27.00 -0.7581
v 61.00 29.00 -1.0524
v 61.00 31.00 -1.3173
v 61.00 33.00 -1.5378
v 61.00 35.00 -1.6566
v 61.00 37.00 -1.7379
v 61.00 39.00 -1.7885
v 61.00 41.00 -1.7970
v 61.00 43.00 -1.7949
v 61.00 45.00 -1.7946
v 61.00 47.00 -1.7916
v 61.00 49.00 -1.7848
v 61.00 51.00 -1.7808
v 61.00 53.00 -1.7811
v 61.00 55.00 -1.7856
v 61.00 57.00 -1.7925
v 61.00 59.00 -1.7982
v 61.00 61.00 -1.7990
v 61.00 63.00 -1.7873
v 61.00 65.00 -1.6995
v 61.00 67.00 -1.5378
v 61.00 69.00 -1.3173
v 61.00 71.00 -1.0524
v 61.00 73.00 -0.7581
v 61.00 75.00 -0.4490
v 61.00 77.00 -0.1399
v 61.00 79.00 0.1544
v 61.00 81.00 0.4193
v 61.00 83.00 0.6398
v 61.00 85.00 0.8015
v 61.00 87.00 0.8893
v 61.00 89.00 0.8758
v 61.00 91.00 0.7066
v 61.00 91.75 0.6162
v 63.00 7.87 0.5673
v 63.00 9.00 0.7066
v 63.00 11.00 0.8758
v 63.00 13.00 0.8893
v 63.00 15.00 0.8015
v 63.00 17.00 0.6398
v 63.00 19.00 0.4193
v 63.00 21.00 0.1544
v 63.00 23.00 -0.1399
v 63.00 25.00 -0.4490
v 63.00 27.00 -0.7581
v 63.00 29.00 -1.0524
v 63.00 31.00 -1.3173
v 63.00 33.00 -1.5378
v 63.00 35.00 -1.6995
v 63.00 37.00 -1.7873
v 63.00 39.00 -1.7990
v 63.00 41.00 -1.7990
v 63.00 43.00 -1.7990
v 63.00 45.00 -1.7990
v 63.00 47.00 -1.7990
v 63.00 49.00 -1.7990
v 63.00 51.00 -1.7990
v 63.00 53.00 -1.7990
v 63.00 55.00 -1.7990
v 63.00 57.00 -1.7990
v 63.00 59.00 -1.7990
v 63.00 61.00 -1.7990
v 63.00 63.00 -1.7873
v 63.00 65.00 -1.6995
v 63.00 67.00 -1.5378
v 63.00 69.00 -1.3173
v 63.00 71.00 -1.0524
v 63.00 73.00 -0.7581
v 63.00 75.00 -0.4490
v 63.00 77.00 -0.1399
v 63.00 79.00 0.1544
v 63.00 81.00 0.4193
v 63.00 83.00 0.6398
v 63.00 85.00 0.8015
v 63.00 87.00 0.8893
v 63.00 89.00 0.8758
v 63.00 91.00 0.7066
v 63.00 91.78 0.6124
v 65.00 7.86 0.5660
v 65.00 9.00 0.7066
v 64.70 7.87 0.5673
v 65.00 11.00 0.8758
v 65.00 13.00 0.8893
v 65.00 15.00 0.8015
v 65.00 17.00 0.6398
v 65.00 19.00 0.4193
v 65.00 21.00 0.1544
v 65.00 23.00 -0.1399
v 65.00 25.00 -0.4490
v 65.00 27.00 -0.7581
v 65.00 29.00 -1.0524
v 65.00 31.00 -1.3173
v 65.00 33.00 -1.5378
v 65.00 35.00 -1.6995
v 65.00 37.00 -1.7873
v 65.00 39.00 -1.7990
v 65.00 41.00 -1.7990
v 65.00 43.00 -1.7990
v 65.00 45.00 -1.7990
v 65.00 47.00 -1.7990
v 65.00 49.00 -1.7990
v 65.00 51.00 -1.7990
v 65.00 53.00 -1.7990
v 65.00 55.00 -1.7990
v 65.00 57.00 -1.7990
v 65.00 59.00 -1.7990
v 65.00 61.00 -1.7990
v 65.00 63.00 -1.7873
v 65.00 65.00 -1.6995
v 65.00 67.00 -1.5378
v 65.00 69.00 -1.3173
v 65.00 71.00 -1.0524
v 65.00 73.00 -0.7581
v 65.00 75.00 -0.4490
v 65.00 77.00 -0.1399
v 65.00 79.00 0.1544
v 65.00 81.00 0.4193
v 65.00 83.00 0.6398
v 65.00 85.00 0.8015
v 65.00 87.00 0.8893
v 65.00 89.00 0.8758
v 65.00 91.00 0.7066
v 64.65 91.80 0.6099
v 65.00 91.75 0.6162
v 67.00 7.78 0.5554
v 67.00 9.00 0.7066
v 67.00 11.00 0.8758
v 67.00 13.00 0.8893
v 67.00 15.00 0.8015
v 67.00 17.00 0.6398
v 67.00 19.00 0.4193
v 67.00 21.00 0.1544
v 67.00 23.00 -0.1399
v 67.00 25.00 -0.4490
v 67.00 27.00 -0.7581
v 67.00 29.00 -1.0524
v 67.00 31.00 -1.3173
v 67.00 33.00 -1.5378
v 67.00 35.00 -1.6995
v 67.00 37.00 -1.7873
v 67.00 39.00 -1.7990
v 67.00 41.00 -1.7990
v 67.00 43.00 -1.7990
v 67.00 45.00 -1.7990
v 67.00 47.00 -1.7990
v 67.00 49.00 -1.7990
v 67.00 51.00 -1.7990
v 67.00 53.00 -1.7990
v 67.00 55.00 -1.7990
v 67.00 57.00 -1.7990
v 67.00 59.00 -1.7990
v 67.00 61.00 -1.7990
v 67.00 63.00 -1.7873
v 67.00 65.00 -1.6995
v 67.00 67.00 -1.5378
v 67.00 69.00 -1.3173
v 67.00 71.00 -1.0524
v 67.00 73.00 -0.7581
v 67.00 75.00 -0.4490
v 67.00 77.00 -0.1399
v 67.00 79.00 0.1544
v 67.00 81.00 0.4193
v 67.00 83.00 0.6398
v 67.00 85.00 0.8015
v 67.00 87.00 0.8893
v 67.00 89.00 0.8758
v 67.00 91.00 0.7066
v 67.00 91.45 0.6535
v 69.00 7.70 0.5449
v 69.00 9.00 0.7066
v 69.00 11.00 0.8758
v 69.00 13.00 0.8893
v 69.00 15.00 0.8015
v 69.00 17.00 0.6398
v 69.00 19.00 0.4193
v 69.00 21.00 0.1544
v 69.00 23.00 -0.1399
v 69.00 25.00 -0.4490
v 69.00 27.00 -0.7581
v 69.00 29.00 -1.0524
v 69.00 31.00 -1.3173
v 69.00 33.00 -1.5378
v 69.00 35.00 -1.6995
v 69.00 37.00 -1.7873
v 69.00 39.00 -1.7990
v 69.00 41.00 -1.7990
v 69.00 43.00 -1.7990
v 69.00 45.00 -1.7990
v 69.00 47.00 -1.7990
v 69.00 49.00 -1.7990
v 69.00 51.00 -1.7990
v 69.00 53.00 -1.7990
v 69.00 55.00 -1.7990
v 69.00 57.00 -1.7990
v 69.00 59.00 -1.7990
v 69.00 61.00 -1.7990
v 69.00 63.00 -1.7873
v 69.00 65.00 -1.6995
v 69.00 67.00 -1.5378
v 69.00 69.00 -1.3173
v 69.00 71.00 -1.0524
v 69.00 73.00 -0.7581
v 69.00 75.00 -0.4490
v 69.00 77.00 -0.1399
v 69.00 79.00 0.1544
v 69.00 81.00 0.4193
v 69.00 83.00 0.6398
v 69.00 85.00 0.8015
v 69.00 87.00 0.8893
v 69.00 89.00 0.8758
v 69.00 91.00 0.7066
v 69.00 91.15 0.6894
v 71.00 7.62 0.5343
v 71.00 9.00 0.7066
v 71.00 11.00 0.8758
v 71.00 13.00 0.8893
v 71.00 15.00 0.8015
v 71.00 17.00 0.6398
v 71.00 19.00 0.4193
v 71.00 21.00 0.1544
v 71.00 23.00 -0.1399
v 71.00 25.00 -0.4490
v 71.00 27.00 -0.7581
v 71.00 29.00 -1.0524
v 71.00 31.00 -1.3173
v 71.00 33.00 -1.5378
v 71.00 35.00 -1.6995
v 71.00 37.00 -1.7873
v 71.00 39.00 -1.7990
v 71.00 41.00 -1.7990
v 71.00 43.00 -1.7990
v 71.00 45.00 -1.7990
v 71.00 47.00 -1.7990
v 71.00 49.00 -1.7990
v 71.00 51.00 -1.7990
v 71.00 53.00 -1.7990
v 71.00 55.00 -1.7990
v 71.00 57.00 -1.7990
v 71.00 59.00 -1.7990
v 71.00 61.00 -1.7990
v 71.00 63.00 -1.7873
v 71.00 65.00 -1.6995
v 71.00 67.00 -1.5378
v 71.00 69.00 -1.3173
v 71.00 71.00 -1.0524
v 71.00 73.00 -0.7581
v 71.00 75.00 -0.4490
v 71.00 77.00 -0.1399
v 71.00 79.00 0.1544
v 71.00 81.00 0.4193
v 71.00 83.00 0.6398
v 71.00 85.00 0.8015
v 71.00 87.00 0.8893
v 71.00 89.00 0.8758
v 69.99 91.00 0.7066
v 71.00 90.85 0.7234
v 73.00 7.70 0.5449
v 73.00 9.00 0.7066
v 71.34 7.61 0.5329
v 73.00 11.00 0.8758
v 73.00 13.00 0.8893
v 73.00 15.00 0.8015
v 73.00 17.00 0.6398
v 73.00 19.00 0.4193
v 73.00 21.00 0.1544
v 73.00 23.00 -0.1399
v 73.00 25.00 -0.4490
v 73.00 27.00 -0.7581
v 73.00 29.00 -1.0524
v 73.00 31.00 -1.3173
v 73.00 33.00 -1.5378
v 73.00 35.00 -1.6995
v 73.00 37.00 -1.7873
v 73.00 39.00 -1.7990
v 73.00 41.00 -1.7990
v 73.00 43.00 -1.7990
v 73.00 45.00 -1.7990
v 73.00 47.00 -1.7990
v 73.00 49.00 -1.7990
v 73.00 51.00 -1.7990
v 73.00 53.00 -1.7990
v 73.00 55.00 -1.7990
v 73.00 57.00 -1.7990
v 73.00 59.00 -1.7990
v 73.00 61.00 -1.7990
v 73.00 63.00 -1.7873
v 73.00 65.00 -1.6995
v 73.00 67.00 -1.5378
v 73.00 69.00 -1.3173
v 73.00 71.00 -1.0524
v 73.00 73.00 -0.7581
v 73.00 75.00 -0.4490
v 73.00 77.00 -0.1399
v 73.00 79.00 0.1544
v 73.00 81.00 0.4193
v 73.00 83.00 0.6398
v 73.00 85.00 0.8015
v 73.00 87.00 0.8893
v 73.00 89.00 0.8758
v 72.16 90.67 0.7428
v 73.00 90.68 0.7417
v 75.00 7.81 0.5594
v 75.00 9.00 0.7066
v 75.00 11.00 0.8758
v 75.00 13.00 0.8893
v 75.00 15.00 0.8015
v 75.00 17.00 0.6398
v 75.00 19.00 0.4193
v 75.00 21.00 0.1544
v 75.00 23.00 -0.1399
v 75.00 25.00 -0.4490
v 75.00 27.00 -0.7581
v 75.00 29.00 -1.0524
v 75.00 31.00 -1.3173
v 75.00 33.00 -1.5378
v 75.00 35.00 -1.6995
v 75.00 37.00 -1.7873
v 75.00 39.00 -1.7990
v 75.00 41.00 -1.7990
v 75.00 43.00 -1.7990
v 75.00 45.00 -1.7990
v 75.00 47.00 -1.7990
v 75.00 49.00 -1.7990
v 75.00 51.00 -1.7990
v 75.00 53.00 -1.7990
v 75.00 55.00 -1.7990
v 75.00 57.00 -1.7990
v 75.00 59.00 -1.7990
v 75.00 61.00 -1.7990
v 75.00 63.00 -1.7873
v 75.00 65.00 -1.6995
v 75.00 67.00 -1.5378
v 75.00 69.00 -1.3173
v 75.00 71.00 -1.0524
v 75.00 73.00 -0.7581
v 75.00 75.00 -0.4490
v 75.00 77.00 -0.1399
v 75.00 79.00 0.1544
v 75.00 81.00 0.4193
v 75.00 83.00 0.6398
v 75.00 85.00 0.8015
v 75.00 87.00 0.8893
v 75.00 89.00 0.8758
v 75.00 90.70 0.7396
v 77.00 7.92 0.5738
v 77.00 9.00 0.7066
v 77.00 11.00 0.8758
v 77.00 13.00 0.8893
v 77.00 15.00 0.8015
v 77.00 17.00 0.6398
v 77.00 19.00 0.4193
v 77.00 21.00 0.1544
v 77.00 23.00 -0.1399
v 77.00 25.00 -0.4490
v 77.00 27.00 -0.7581
v 77.00 29.00 -1.0524
v 77.00 31.00 -1.3173
v 77.00 33.00 -1.5378
v 77.00 35.00 -1.6995
v 77.00 37.00 -1.7873
v 77.00 39.00 -1.7990
v 77.00 41.00 -1.7990
v 77.00 43.00 -1.7990
v 77.00 45.00 -1.7990
v 77.00 47.00 -1.7990
v 77.00 49.00 -1.7990
v 77.00 51.00 -1.7990
v 77.00 53.00 -1.7990
v 77.00 55.00 -1.7990
v 77.00 57.00 -1.7990
v 77.00 59.00 -1.7990
v 77.00 61.00 -1.7990
v 77.00 63.00 -1.7873
v 77.00 65.00 -1.6995
v 77.00 67.00 -1.5378
v 77.00 69.00 -1.3173
v 77.00 71.00 -1.0524
v 77.00 73.00 -0.7581
v 77.00 75.00 -0.4490
v 77.00 77.00 -0.1399
v 77.00 79.00 0.1544
v 77.00 81.00 0.4193
v 77.00 83.00 0.6398
v 77.00 85.00 0.8015
v 77.00 87.00 0.8893
v 77.00 89.00 0.8758
v 77.00 90.72 0.7375
v 79.00 8.04 0.5894
v 79.00 9.00 0.7066
v 78.68 8.01 0.5855
v 79.00 11.00 0.8758
v 79.00 13.00 0.8893
v 79.00 15.00 0.8015
v 79.00 17.00 0.6398
v 79.00 19.00 0.4193
v 79.00 21.00 0.1544
v 79.00 23.00 -0.1399
v 79.00 25.00 -0.4490
v 79.00 27.00 -0.7581
v 79.00 29.00 -1.0524
v 79.00 31.00 -1.3173
v 79.00 33.00 -1.5378
v 79.00 35.00 -1.6995
v 79.00 37.00 -1.7873
v 79.00 39.00 -1.7990
v 79.00 41.00 -1.7990
v 79.00 43.00 -1.7990
v 79.00 45.00 -1.7990
v 79.00 47.00 -1.7990
v 79.00 49.00 -1.7990
v 79.00 51.00 -1.7990
v 79.00 53.00 -1.7990
v 79.00 55.00 -1.7990
v 79.00 57.00 -1.7990
v 79.00 59.00 -1.7990
v 79.00 61.00 -1.7990
v 79.00 63.00 -1.7873
v 79.00 65.00 -1.6995
v 79.00 67.00 -1.5378
v 79.00 69.00 -1.3173
v 79.00 71.00 -1.0524
v 79.00 73.00 -0.7581
v 79.00 75.00 -0.4490
v 79.00 77.00 -0.1399
v 79.00 79.00 0.1544
v 79.00 81.00 0.4193
v 79.00 83.00 0.6398
v 79.00 85.00 0.8015
v 79.00 87.00 0.8893
v 79.00 89.00 0.8758
v 79.00 90.74 0.7353
v 81.00 8.21 0.6112
v 81.00 9.00 0.7066
v 81.00 11.00 0.8758
v 81.00 13.00 0.8893
v 81.00 15.00 0.8015
v 81.00 17.00 0.6398
v 81.00 19.00 0.4193
v 81.00 21.00 0.1544
v 81.00 23.00 -0.1399
v 81.00 25.00 -0.4490
v 81.00 27.00 -0.7581
v 81.00 29.00 -1.0524
v 81.00 31.00 -1.3173
v 81.00 33.00 -1.5378
v 81.00 35.00 -1.6995
v 81.00 37.00 -1.7873
v 81.00 39.00 -1.7990
v 81.00 41.00 -1.7990
v 81.00 43.00 -1.7990
v 81.00 45.00 -1.7990
v 81.00 47.00 -1.7990
v 81.00 49.00 -1.7990
v 81.00 51.00 -1.7990
v 81.00 53.00 -1.7990
v 81.00 55.00 -1.7990
v 81.00 57.00 -1.7990
v 81.00 59.00 -1.7990
v 81.00 61.00 -1.7990
v 81.00 63.00 -1.7873
v 81.00 65.00 -1.6995
v 81.00 67.00 -1.5378
v 81.00 69.00 -1.3173
v 81.00 71.00 -1.0524
v 81.00 73.00 -0.7581
v 81.00 75.00 -0.4490
v 81.00 77.00 -0.1399
v 81.00 79.00 0.1544
v 81.00 81.00 0.4193
v 81.00 83.00 0.6398
v 81.00 85.00 0.8015
v 81.00 87.00 0.8893
v 81.00 89.00 0.8758
v 79.53 90.74 0.7353
v 81.00 90.77 0.7321
v 83.00 8.38 0.6326
v 83.00 9.00 0.7066
v 83.00 11.00 0.8758
v 83.00 13.00 0.8893
v 83.00 15.00 0.8015
v 83.00 17.00 0.6398
v 83.00 19.00 0.4193
v 83.00 21.00 0.1544
v 83.00 23.00 -0.1399
v 83.00 25.00 -0.4490
v 83.00 27.00 -0.7581
v 83.00 29.00 -1.0524
v 83.00 31.00 -1.3173
v 83.00 33.00 -1.5378
v 83.00 35.00 -1.6995
v 83.00 37.00 -1.7873
v 83.00 39.00 -1.7990
v 83.00 41.00 -1.7990
v 83.00 43.00 -1.7990
v 83.00 45.00 -1.7990
v 83.00 47.00 -1.7990
v 83.00 49.00 -1.7990
v 83.00 51.00 -1.7990
v 83.00 53.00 -1.7990
v 83.00 55.00 -1.7990
v 83.00 57.00 -1.7990
v 83.00 59.00 -1.7990
v 83.00 61.00 -1.7990
v 83.00 63.00 -1.7873
v 83.00 65.00 -1.6995
v 83.00 67.00 -1.5378
v 83.00 69.00 -1.3173
v 83.00 71.00 -1.0524
v 83.00 73.00 -0.7581
v 83.00 75.00 -0.4490
v 83.00 77.00 -0.1399
v 83.00 79.00 0.1544
v 83.00 81.00 0.4193
v 83.00 83.00 0.6398
v 83.00 85.00 0.8015
v 83.00 87.00 0.8893
v 83.00 89.00 0.8758
v 83.00 90.81 0.7277
v 85.00 8.55 0.6535
v 85.00 9.00 0.7066
v 85.00 11.00 0.8758
v 85.00 13.00 0.8893
v 85.00 15.00 0.8015
v 85.00 17.00 0.6398
v 85.00 19.00 0.4193
v 85.00 21.00 0.1544
v 85.00 23.00 -0.1399
v 85.00 25.00 -0.4490
v 85.00 27.00 -0.7581
v 85.00 29.00 -1.0524
v 85.00 31.00 -1.3173
v 85.00 33.00 -1.5378
v 85.00 35.00 -1.6995
v 85.00 37.00 -1.7873
v 85.00 39.00 -1.7990
v 85.00 41.00 -1.7990
v 85.00 43.00 -1.7990
v 85.00 45.00 -1.7990
v 85.00 47.00 -1.7990
v 85.00 49.00 -1.7990
v 85.00 51.00 -1.7990
v 85.00 53.00 -1.7990
v 85.00 55.00 -1.7990
v 85.00 57.00 -1.7990
v 85.00 59.00 -1.7990
v 85.00 61.00 -1.7990
v 85.00 63.00 -1.7873
v 85.00 65.00 -1.6995
v 85.00 67.00 -1.5378
v 85.00 69.00 -1.3173
v 85.00 71.00 -1.0524
v 85.00 73.00 -0.7581
v 85.00 75.00 -0.4490
v 85.00 77.00 -0.1399
v 85.00 79.00 0.1544
v 85.00 81.00 0.4193
v 85.00 83.00 0.6398
v 85.00 85.00 0.8015
v 85.00 87.00 0.8893
v 85.00 89.00 0.8758
v 85.00 90.85 0.7234
v 87.00 8.66 0.6669
v 87.00 9.00 0.7066
v 86.47 8.68 0.6693
v 87.00 11.00 0.8758
v 87.00 13.00 0.8893
v 87.00 15.00 0.8015
v 87.00 17.00 0.6398
v 87.00 19.00 0.4193
v 87.00 21.00 0.1544
v 87.00 23.00 -0.1399
v 87.00 25.00 -0.4490
v 87.00 27.00 -0.7581
v 87.00 29.00 -1.0524
v 87.00 31.00 -1.3173
v 87.00 33.00 -1.5378
v 87.00 35.00 -1.6995
v 87.00 37.00 -1.7873
v 87.00 39.00 -1.7990
v 87.00 41.00 -1.7990
v 87.00 43.00 -1.7990
v 87.00 45.00 -1.7990
v 87.00 47.00 -1.7990
v 87.00 49.00 -1.7990
v 87.00 51.00 -1.7990
v 87.00 53.00 -1.7990
v 87.00 55.00 -1.7990
v 87.00 57.00 -1.7990
v 87.00 59.00 -1.7990
v 87.00 61.00 -1.7990
v 87.00 63.00 -1.7873
v 87.00 65.00 -1.6995
v 87.00 67.00 -1.5378
v 87.00 69.00 -1.3173
v 87.00 71.00 -1.0524
v 87.00 73.00 -0.7581
v 87.00 75.00 -0.4490
v 87.00 77.00 -0.1399
v 87.00 79.00 0.1544
v 87.00 81.00 0.4193
v 87.00 83.00 0.6398
v 87.00 85.00 0.8015
v 87.00 87.00 0.8893
v 87.00 89.00 0.8758
v 87.00 90.89 0.7189
v 89.00 8.60 0.6596
v 89.00 9.00 0.7066
v 89.00 11.00 0.8758
v 89.00 13.00 0.8893
v 89.00 15.00 0.8015
v 89.00 17.00 0.6398
v 89.00 19.00 0.4193
v 89.00 21.00 0.1544
v 89.00 23.00 -0.1399
v 89.00 25.00 -0.4490
v 89.00 27.00 -0.7581
v 89.00 29.00 -1.0524
v 89.00 31.00 -1.3173
v 89.00 33.00 -1.5378
v 89.00 35.00 -1.6995
v 89.00 37.00 -1.7873
v 89.00 39.00 -1.7990
v 89.00 41.00 -1.7990
v 89.00 43.00 -1.7990
v 89.00 45.00 -1.7990
v 89.00 47.00 -1.7990
v 89.00 49.00 -1.7990
v 89.00 51.00 -1.7990
v 89.00 53.00 -1.7990
v 89.00 55.00 -1.7990
v 89.00 57.00 -1.7990
v 89.00 59.00 -1.7990
v 89.00 61.00 -1.7990
v 89.00 63.00 -1.7873
v 89.00 65.00 -1.6995
v 89.00 67.00 -1.5378
v 89.00 69.00 -1.3173
v 89.00 71.00 -1.0524
v 89.00 73.00 -0.7581
v 89.00 75.00 -0.4490
v 89.00 77.00 -0.1399
v 89.00 79.00 0.1544
v 89.00 81.00 0.4193
v 89.00 83.00 0.6398
v 89.00 85.00 0.8015
v 89.00 87.00 0.8893
v 89.00 89.00 0.8758
v 87.35 90.90 0.7178
v 88.33 91.00 0.7066
v 89.00 91.00 0.7066
v 89.00 91.07 0.6986
v 91.00 8.54 0.6523
v 91.00 9.00 0.7066
v 91.00 11.00 0.8758
v 91.00 13.00 0.8893
v 91.00 15.00 0.8015
v 91.00 17.00 0.6398
v 91.00 19.00 0.4193
v 91.00 21.00 0.1544
v 91.00 23.00 -0.1399
v 91.00 25.00 -0.4490
v 91.00 27.00 -0.7581
v 91.00 29.00 -1.0524
v 91.00 31.00 -1.3173
v 91.00 33.00 -1.5378
v 91.00 35.00 -1.6995
v 91.00 37.00 -1.7873
v 91.00 39.00 -1.7990
v 91.00 41.00 -1.7990
v 91.00 43.00 -1.7990
v 91.00 45.00 -1.7990
v 91.00 47.00 -1.7990
v 91.00 49.00 -1.7990
v 91.00 51.00 -1.7990
v 91.00 53.00 -1.7990
v 91.00 55.00 -1.7990
v 91.00 57.00 -1.7990
v 91.00 59.00 -1.7990
v 91.00 61.00 -1.7990
v 91.00 63.00 -1.7873
v 91.00 65.00 -1.6995
v 91.00 67.00 -1.5378
v 91.00 69.00 -1.3173
v 91.00 71.00 -1.0524
v 91.00 73.00 -0.7581
v 91.00 75.00 -0.4490
v 91.00 77.00 -0.1399
v 91.00 79.00 0.1544
v 91.00 81.00 0.4193
v 91.00 83.00 0.6398
v 91.00 85.00 0.8015
v 91.00 87.00 0.8893
v 91.00 89.00 0.8758
v 91.00 91.00 0.7066
v 91.00 91.28 0.6740
v 93.00 8.48 0.6450
v 93.00 9.00 0.7066
v 93.00 11.00 0.8758
v 93.00 13.00 0.8893
v 93.00 15.00 0.8015
v 93.00 17.00 0.6398
v 93.00 19.00 0.4193
v 93.00 21.00 0.1544
v 93.00 23.00 -0.1399
v 93.00 25.00 -0.4490
v 93.00 27.00 -0.7581
v 93.00 29.00 -1.0524
v 93.00 31.00 -1.3173
v 93.00 33.00 -1.5378
v 93.00 35.00 -1.6995
v 93.00 37.00 -1.7873
v 93.00 39.00 -1.7990
v 93.00 41.00 -1.7990
v 93.00 43.00 -1.7990
v 93.00 45.00 -1.7990
v 93.00 47.00 -1.7990
v 93.00 49.00 -1.7990
v 93.00 51.00 -1.7990
v 93.00 53.00 -1.7990
v 93.00 55.00 -1.7990
v 93.00 57.00 -1.7990
v 93.00 59.00 -1.7990
v 93.00 61.00 -1.7990
v 93.00 63.00 -1.7873
v 93.00 65.00 -1.6995
v 93.00 67.00 -1.5378
v 93.00 69.00 -1.3173
v 93.00 71.00 -1.0524
v 93.00 73.00 -0.7581
v 93.00 75.00 -0.4490
v 93.00 77.00 -0.1399
v 93.00 79.00 0.1544
v 93.00 81.00 0.4193
v 93.00 83.00 0.6398
v 93.00 85.00 0.8015
v 93.00 87.00 0.8893
v 93.00 89.00 0.8758
v 93.00 91.00 0.7066
v 93.00 91.49 0.6487
v 95.00 8.46 0.6425
v 95.00 9.00 0.7066
v 94.23 8.45 0.6413
v 95.00 11.00 0.8758
v 95.00 13.00 0.8893
v 95.00 15.00 0.8015
v 95.00 17.00 0.6398
v 95.00 19.00 0.4193
v 95.00 21.00 0.1544
v 95.00 23.00 -0.1399
v 95.00 25.00 -0.4490
v 95.00 27.00 -0.7581
v 95.00 29.00 -1.0524
v 95.00 31.00 -1.3173
v 95.00 33.00 -1.5378
v 95.00 35.00 -1.6995
v 95.00 37.00 -1.7873
v 95.00 39.00 -1.7990
v 95.00 41.00 -1.7990
v 95.00 43.00 -1.7990
v 95.00 45.00 -1.7990
v 95.00 47.00 -1.7990
v 95.00 49.00 -1.7990
v 95.00 51.00 -1.7990
v 95.00 53.00 -1.7990
v 95.00 55.00 -1.7990
v 95.00 57.00 -1.7990
v 95.00 59.00 -1.7990
v 95.00 61.00 -1.7990
v 95.00 63.00 -1.7873
v 95.00 65.00 -1.6995
v 95.00 67.00 -1.5378
v 95.00 69.00 -1.3173
v 95.00 71.00 -1.0524
v 95.00 73.00 -0.7581
v 95.00 75.00 -0.4490
v 95.00 77.00 -0.1399
v 95.00 79.00 0.1544
v 95.00 81.00 0.4193
v 95.00 83.00 0.6398
v 95.00 85.00 0.8015
v 95.00 87.00 0.8893
v 95.00 89.00 0.8758
v 95.00 91.00 0.7066
v 94.88 91.69 0.6238
v 95.00 91.68 0.6251
v 97.00 8.50 0.6474
v 97.00 9.00 0.7066
v 97.00 11.00 0.8758
v 97.00 13.00 0.8893
v 97.00 15.00 0.8015
v 97.00 17.00 0.6398
v 97.00 19.00 0.4193
v 97.00 21.00 0.1544
v 97.00 23.00 -0.1399
v 97.00 25.00 -0.4490
v 97.00 27.00 -0.7581
v 97.00 29.00 -1.0524
v 97.00 31.00 -1.3173
v 97.00 33.00 -1.5378
v 97.00 35.00 -1.6995
v 97.00 37.00 -1.7873
v 97.00 39.00 -1.7990
v 97.00 41.00 -1.7990
v 97.00 43.00 -1.7990
v 97.00 45.00 -1.7990
v 97.00 47.00 -1.7990
v 97.00 49.00 -1.7990
v 97.00 51.00 -1.7990
v 97.00 53.00 -1.7990
v 97.00 55.00 -1.7990
v 97.00 57.00 -1.7990
v 97.00 59.00 -1.7990
v 97.00 61.00 -1.7990
v 97.00 63.00 -1.7873
v 97.00 65.00 -1.6995
v 97.00 67.00 -1.5378
v 97.00 69.00 -1.3173
v 97.00 71.00 -1.0524
v 97.00 73.00 -0.7581
v 97.00 75.00 -0.4490
v 97.00 77.00 -0.1399
v 97.00 79.00 0.1544
v 97.00 81.00 0.4193
v 97.00 83.00 0.6398
v 97.00 85.00 0.8015
v 97.00 87.00 0.8893
v 97.00 89.00 0.8758
v 97.00 91.00 0.7066
v 97.00 91.55 0.6413
v 99.00 8.54 0.6523
v 99.00 9.00 0.7066
v 99.00 11.00 0.8758
v 99.00 13.00 0.8893
v 99.00 15.00 0.8015
v 99.00 17.00 0.6398
v 99.00 19.00 0.4193
v 99.00 21.00 0.1544
v 99.00 23.00 -0.1399
v 99.00 25.00 -0.4490
v 99.00 27.00 -0.7581
v 99.00 29.00 -1.0524
v 99.00 31.00 -1.3173
v 99.00 33.00 -1.5378
v 99.00 35.00 -1.6995
v 99.00 37.00 -1.7873
v 99.00 39.00 -1.7990
v 99.00 41.00 -1.7990
v 99.00 43.00 -1.7990
v 99.00 45.00 -1.7990
v 99.00 47.00 -1.7990
v 99.00 49.00 -1.7990
v 99.00 51.00 -1.7990
v 99.00 53.00 -1.7990
v 99.00 55.00 -1.7990
v 99.00 57.00 -1.7990
v 99.00 59.00 -1.7990
v 99.00 61.00 -1.7990
v 99.00 63.00 -1.7873
v 99.00 65.00 -1.6995
v 99.00 67.00 -1.5378
v 99.00 69.00 -1.3173
v 99.00 71.00 -1.0524
v 99.00 73.00 -0.7581
v 99.00 75.00 -0.4490
v 99.00 77.00 -0.1399
v 99.00 79.00 0.1544
v 99.00 81.00 0.4193
v 99.00 83.00 0.6398
v 99.00 85.00 0.8015
v 99.00 87.00 0.8893
v 99.00 89.00 0.8758
v 99.00 91.00 0.7066
v 99.00 91.42 0.6572
v 101.00 8.58 0.6572
v 101.00 9.00 0.7066
v 101.00 11.00 0.8758
v 101.00 13.00 0.8893
v 101.00 15.00 0.8015
v 101.00 17.00 0.6398
v 101.00 19.00 0.4193
v 101.00 21.00 0.1544
v 101.00 23.00 -0.1399
v 101.00 25.00 -0.4490
v 101.00 27.00 -0.7581
v 101.00 29.00 -1.0524
v 101.00 31.00 -1.3173
v 101.00 33.00 -1.5378
v 101.00 35.00 -1.6995
v 101.00 37.00 -1.7873
v 101.00 39.00 -1.7990
v 101.00 41.00 -1.7990
v 101.00 43.00 -1.7990
v 101.00 45.00 -1.7990
v 101.00 47.00 -1.7990
v 101.00 49.00 -1.7990
v 101.00 51.00 -1.7990
v 101.00 53.00 -1.7990
v 101.00 55.00 -1.7990
v 101.00 57.00 -1.7990
v 101.00 59.00 -1.7990
v 101.00 61.00 -1.7990
v 101.00 63.00 -1.7873
v 101.00 65.00 -1.6995
v 101.00 67.00 -1.5378
v 101.00 69.00 -1.3173
v 101.00 71.00 -1.0524
v 101.00 73.00 -0.7581
v 101.00 75.00 -0.4490
v 101.00 77.00 -0.1399
v 101.00 79.00 0.1544
v 101.00 81.00 0.4193
v 101.00 83.00 0.6398
v 101.00 85.00 0.8015
v 101.00 87.00 0.8893
v 101.00 89.00 0.8758
v 101.00 91.00 0.7066
v 101.00 91.28 0.6740
v 103.00 8.70 0.6717
v 103.00 9.00 0.7066
v 102.00 8.60 0.6596
v 103.00 11.00 0.8758
v 103.00 13.00 0.8893
v 103.00 15.00 0.8015
v 103.00 17.00 0.6398
v 103.00 19.00 0.4193
v 103.00 21.00 0.1544
v 103.00 23.00 -0.1399
v 103.00 25.00 -0.4490
v 103.00 27.00 -0.7581
v 103.00 29.00 -1.0524
v 103.00 31.00 -1.3173
v 103.00 33.00 -1.5378
v 103.00 35.00 -1.6995
v 103.00 37.00 -1.7873
v 103.00 39.00 -1.7990
v 103.00 41.00 -1.7990
v 103.00 43.00 -1.7990
v 103.00 45.00 -1.7990
v 103.00 47.00 -1.7990
v 103.00 49.00 -1.7990
v 103.00 51.00 -1.7990
v 103.00 53.00 -1.7990
v 103.00 55.00 -1.7990
v 103.00 57.00 -1.7990
v 103.00 59.00 -1.7990
v 103.00 61.00 -1.7990
v 103.00 63.00 -1.7873
v 103.00 65.00 -1.6995
v 103.00 67.00 -1.5378
v 103.00 69.00 -1.3173
v 103.00 71.00 -1.0524
v 103.00 73.00 -0.7581
v 103.00 75.00 -0.4490
v 103.00 77.00 -0.1399
v 103.00 79.00 0.1544
v 103.00 81.00 0.4193
v 103.00 83.00 0.6398
v 103.00 85.00 0.8015
v 103.00 87.00 0.8893
v 103.00 89.00 0.8758
v 103.00 91.00 0.7066
v 102.00 91.22 0.6811
v 103.00 91.41 0.6584
v 105.00 8.89 0.6940
v 105.00 9.00 0.7066
v 105.00 11.00 0.8758
v 105.00 13.00 0.8893
v 105.00 15.00 0.8015
v 105.00 17.00 0.6398
v 105.00 19.00 0.4193
v 105.00 21.00 0.1544
v 105.00 23.00 -0.1399
v 105.00 25.00 -0.4490
v 105.00 27.00 -0.7581
v 105.00 29.00 -1.0524
v 105.00 31.00 -1.3173
v 105.00 33.00 -1.5378
v 105.00 35.00 -1.6995
v 105.00 37.00 -1.7873
v 105.00 39.00 -1.7990
v 105.00 41.00 -1.7990
v 105.00 43.00 -1.7990
v 105.00 45.00 -1.7990
v 105.00 47.00 -1.7990
v 105.00 49.00 -1.7990
v 105.00 51.00 -1.7990
v 105.00 53.00 -1.7990
v 105.00 55.00 -1.7990
v 105.00 57.00 -1.7990
v 105.00 59.00 -1.7990
v 105.00 61.00 -1.7990
v 105.00 63.00 -1.7873
v 105.00 65.00 -1.6995
v 105.00 67.00 -1.5378
v 105.00 69.00 -1.3173
v 105.00 71.00 -1.0524
v 105.00 73.00 -0.7581
v 105.00 75.00 -0.4490
v 105.00 77.00 -0.1399
v 105.00 79.00 0.1544
v 105.00 81.00 0.4193
v 105.00 83.00 0.6398
v 105.00 85.00 0.8015
v 105.00 87.00 0.8893
v 105.00 89.00 0.8758
v 105.00 91.00 0.7066
v 105.00 91.80 0.6099
v 106.12 9.00 0.7066
v 107.00 11.00 0.8758
v 107.00 9.09 0.7167
v 107.00 13.00 0.8893
v 107.00 15.00 0.8015
v 107.00 17.00 0.6398
v 107.00 19.00 0.4193
v 107.00 21.00 0.1544
v 107.00 23.00 -0.1399
v 107.00 25.00 -0.4490
v 107.00 27.00 -0.7581
v 107.00 29.00 -1.0524
v 107.00 31.00 -1.3173
v 107.00 33.00 -1.5378
v 107.00 35.00 -1.6995
v 107.00 37.00 -1.7873
v 107.00 39.00 -1.7990
v 107.00 41.00 -1.7990
v 107.00 43.00 -1.7990
v 107.00 45.00 -1.7990
v 107.00 47.00 -1.7990
v 107.00 49.00 -1.7990
v 107.00 51.00 -1.7990
v 107.00 53.00 -1.7990
v 107.00 55.00 -1.7990
v 107.00 57.00 -1.7990
v 107.00 59.00 -1.7990
v 107.00 61.00 -1.7990
v 107.00 63.00 -1.7873
v 107.00 65.00 -1.6995
v 107.00 67.00 -1.5378
v 107.00 69.00 -1.3173
v 107.00 71.00 -1.0524
v 107.00 73.00 -0.7581
v 107.00 75.00 -0.4490
v 107.00 77.00 -0.1399
v 107.00 79.00 0.1544
v 107.00 81.00 0.4193
v 107.00 83.00 0.6398
v 107.00 85.00 0.8015
v 107.00 87.00 0.8893
v 107.00 89.00 0.8758
v 107.00 91.00 0.7066
v 107.00 92.19 0.5594
v 109.00 9.28 0.7375
v 109.00 11.00 0.8758
v 108.98 9.28 0.7375
v 109.00 13.00 0.8893
v 109.00 15.00 0.8015
v 109.00 17.00 0.6398
v 109.00 19.00 0.4193
v 109.00 21.00 0.1544
v 109.00 23.00 -0.1399
v 109.00 25.00 -0.4490
v 109.00 27.00 -0.7581
v 109.00 29.00 -1.0524
v 109.00 31.00 -1.3173
v 109.00 33.00 -1.5378
v 109.00 35.00 -1.6995
v 109.00 37.00 -1.7873
v 109.00 39.00 -1.7990
v 109.00 41.00 -1.7990
v 109.00 43.00 -1.7990
v 109.00 45.00 -1.7990
v 109.00 47.00 -1.7990
v 109.00 49.00 -1.7990
v 109.00 51.00 -1.7990
v 109.00 53.00 -1.7990
v 109.00 55.00 -1.7990
v 109.00 57.00 -1.7990
v 109.00 59.00 -1.7990
v 109.00 61.00 -1.7990
v 109.00 63.00 -1.7871
v 109.00 65.00 -1.6987
v 109.00 67.00 -1.5367
v 109.00 69.00 -1.3158
v 109.00 71.00 -1.0508
v 109.00 73.00 -0.7564
v 109.00 75.00 -0.4473
v 109.00 77.00 -0.1382
v 109.00 79.00 0.1560
v 109.00 81.00 0.4206
v 109.00 83.00 0.6409
v 109.00 85.00 0.8021
v 109.00 87.00 0.8896
v 109.00 89.00 0.8753
v 109.00 91.00 0.7054
v 108.59 92.50 0.5174
v 109.00 92.37 0.5342
v 111.00 9.27 0.7364
v 111.00 11.00 0.8758
v 111.00 13.00 0.8893
v 111.00 15.00 0.8015
v 111.00 17.00 0.6398
v 111.00 19.00 0.4193
v 111.00 21.00 0.1544
v 111.00 23.00 -0.1399
v 111.00 25.00 -0.4490
v 111.00 27.00 -0.7581
v 111.00 29.00 -1.0524
v 111.00 31.00 -1.3173
v 111.00 33.00 -1.5378
v 111.00 35.00 -1.6995
v 111.00 37.00 -1.7873
v 111.00 39.00 -1.7990
v 111.00 41.00 -1.7990
v 111.00 43.00 -1.7990
v 111.00 45.00 -1.7990
v 111.00 47.00 -1.7990
v 111.00 49.00 -1.7990
v 111.00 51.00 -1.7990
v 111.00 53.00 -1.7990
v 111.00 55.00 -1.7990
v 111.00 57.00 -1.7990
v 111.00 59.00 -1.7990
v 111.00 61.00 -1.7990
v 111.00 63.00 -1.7866
v 111.00 65.00 -1.6975
v 111.00 67.00 -1.5349
v 111.00 69.00 -1.3135
v 111.00 71.00 -1.0481
v 111.00 73.00 -0.7535
v 111.00 75.00 -0.4443
v 111.00 77.00 -0.1353
v 111.00 79.00 0.1587
v 111.00 81.00 0.4229
v 111.00 83.00 0.6427
v 111.00 85.00 0.8033
v 111.00 87.00 0.8900
v 111.00 89.00 0.8743
v 111.00 91.00 0.7032
v 111.00 91.74 0.6138
v 113.00 9.26 0.7353
v 113.00 11.00 0.8758
v 113.00 13.00 0.8893
v 113.00 15.00 0.8015
v 113.00 17.00 0.6398
v 113.00 19.00 0.4193
v 113.00 21.00 0.1544
v 113.00 23.00 -0.1399
v 113.00 25.00 -0.4490
v 113.00 27.00 -0.7581
v 113.00 29.00 -1.0524
v 113.00 31.00 -1.3173
v 113.00 33.00 -1.5378
v 113.00 35.00 -1.6995
v 113.00 37.00 -1.7873
v 113.00 39.00 -1.7990
v 113.00 41.00 -1.7990
v 113.00 43.00 -1.7990
v 113.00 45.00 -1.7990
v 113.00 47.00 -1.7990
v 113.00 49.00 -1.7990
v 113.00 51.00 -1.7990
v 113.00 53.00 -1.7990
v 113.00 55.00 -1.7990
v 113.00 57.00 -1.7990
v 113.00 59.00 -1.7990
v 113.00 61.00 -1.7990
v 113.00 63.00 -1.7860
v 113.00 65.00 -1.6960
v 113.00 67.00 -1.5328
v 113.00 69.00 -1.3112
v 113.00 71.00 -1.0454
v 113.00 73.00 -0.7506
v 113.00 75.00 -0.4413
v 113.00 77.00 -0.1324
v 113.00 79.00 0.1613
v 113.00 81.00 0.4253
v 113.00 83.00 0.6446
v 113.00 85.00 0.8045
v 113.00 87.00 0.8904
v 113.00 89.00 0.8734
v 113.00 91.00 0.7011
v 113.00 91.10 0.6895
v 115.00 9.26 0.7353
v 115.00 11.00 0.8758
v 115.00 13.00 0.8893
v 115.00 15.00 0.8015
v 115.00 17.00 0.6398
v 115.00 19.00 0.4193
v 115.00 21.00 0.1544
v 115.00 23.00 -0.1399
v 115.00 25.00 -0.4490
v 115.00 27.00 -0.7581
v 115.00 29.00 -1.0524
v 115.00 31.00 -1.3173
v 115.00 33.00 -1.5378
v 115.00 35.00 -1.6995
v 115.00 37.00 -1.7873
v 115.00 39.00 -1.7990
v 115.00 41.00 -1.7990
v 115.00 43.00 -1.7990
v 115.00 45.00 -1.7990
v 115.00 47.00 -1.7990
v 115.00 49.00 -1.7990
v 115.00 51.00 -1.7990
v 115.00 53.00 -1.7990
v 115.00 55.00 -1.7990
v 115.00 57.00 -1.7990
v 115.00 59.00 -1.7990
v 115.00 61.00 -1.7990
v 115.00 63.00 -1.7835
v 115.00 65.00 -1.6896
v 115.00 67.00 -1.5232
v 115.00 69.00 -1.2991
v 115.00 71.00 -1.0319
v 115.00 73.00 -0.7364
v 115.00 75.00 -0.4272
v 115.00 77.00 -0.1190
v 115.00 79.00 0.1734
v 115.00 81.00 0.4355
v 115.00 83.00 0.6524
v 115.00 85.00 0.8095
v 115.00 87.00 0.8920
v 115.00 89.00 0.8695
v 113.32 91.00 0.7007
v 114.40 90.66 0.7341
v 115.00 90.77 0.7188
v 116.70 9.00 0.7066
v 117.00 8.95 0.7009
v 117.00 9.00 0.7066
v 117.00 11.00 0.8758
v 115.13 9.26 0.7353
v 117.00 13.00 0.8893
v 117.00 15.00 0.8015
v 117.00 17.00 0.6398
v 117.00 19.00 0.4193
v 117.00 21.00 0.1544
v 117.00 23.00 -0.1399
v 117.00 25.00 -0.4490
v 117.00 27.00 -0.7581
v 117.00 29.00 -1.0524
v 117.00 31.00 -1.3173
v 117.00 33.00 -1.5378
v 117.00 35.00 -1.6978
v 117.00 37.00 -1.7855
v 117.00 39.00 -1.7990
v 117.00 41.00 -1.7990
v 117.00 43.00 -1.7990
v 117.00 45.00 -1.7990
v 117.00 47.00 -1.7990
v 117.00 49.00 -1.7990
v 117.00 51.00 -1.7990
v 117.00 53.00 -1.7990
v 117.00 55.00 -1.7990
v 117.00 57.00 -1.7990
v 117.00 59.00 -1.7990
v 117.00 61.00 -1.7990
v 117.00 63.00 -1.7808
v 117.00 65.00 -1.6829
v 117.00 67.00 -1.5134
v 117.00 69.00 -1.2868
v 117.00 71.00 -1.0179
v 117.00 73.00 -0.7213
v 117.00 75.00 -0.4118
v 117.00 77.00 -0.1041
v 117.00 79.00 0.1872
v 117.00 81.00 0.4473
v 117.00 83.00 0.6616
v 117.00 85.00 0.8154
v 117.00 87.00 0.8939
v 117.00 89.00 0.8640
v 116.35 91.00 0.6850
v 117.00 91.00 0.6812
v 117.00 91.11 0.6682
v 119.00 8.62 0.6620
v 119.00 9.00 0.7066
v 119.00 11.00 0.8758
v 119.00 13.00 0.8893
v 119.00 15.00 0.8015
v 119.00 17.00 0.6412
v 119.00 19.00 0.4273
v 119.00 21.00 0.1709
v 119.00 23.00 -0.1143
v 119.00 25.00 -0.4148
v 119.00 27.00 -0.7167
v 119.00 29.00 -1.0066
v 119.00 31.00 -1.2707
v 119.00 33.00 -1.4954
v 119.00 35.00 -1.6671
v 119.00 37.00 -1.7721
v 119.00 39.00 -1.7990
v 119.00 41.00 -1.7990
v 119.00 43.00 -1.7990
v 119.00 45.00 -1.7990
v 119.00 47.00 -1.7990
v 119.00 49.00 -1.7990
v 119.00 51.00 -1.7990
v 119.00 53.00 -1.7990
v 119.00 55.00 -1.7990
v 119.00 57.00 -1.7990
v 119.00 59.00 -1.7990
v 119.00 61.00 -1.7990
v 119.00 63.00 -1.7778
v 119.00 65.00 -1.6760
v 119.00 67.00 -1.5033
v 119.00 69.00 -1.2743
v 119.00 71.00 -1.0037
v 119.00 73.00 -0.7062
v 119.00 75.00 -0.3965
v 119.00 77.00 -0.0892
v 119.00 79.00 0.2008
v 119.00 81.00 0.4590
v 119.00 83.00 0.6707
v 119.00 85.00 0.8211
v 119.00 87.00 0.8956
v 119.00 89.00 0.8581
v 119.00 91.00 0.6696
v 119.00 91.46 0.6128
v 121.00 8.30 0.5918
v 121.00 9.00 0.6765
v 121.00 11.00 0.8587
v 121.00 13.00 0.8962
v 121.00 15.00 0.8261
v 121.00 17.00 0.6832
v 121.00 19.00 0.4810
v 121.00 21.00 0.2332
v 121.00 23.00 -0.0466
v 121.00 25.00 -0.3447
v 121.00 27.00 -0.6475
v 121.00 29.00 -0.9414
v 121.00 31.00 -1.2129
v 121.00 33.00 -1.4491
v 121.00 35.00 -1.6354
v 121.00 37.00 -1.7569
v 121.00 39.00 -1.7990
v 121.00 41.00 -1.7990
v 121.00 43.00 -1.7990
v 121.00 45.00 -1.7990
v 121.00 47.00 -1.7990
v 121.00 49.00 -1.7990
v 121.00 51.00 -1.7990
v 121.00 53.00 -1.7990
v 121.00 55.00 -1.7990
v 121.00 57.00 -1.7990
v 121.00 59.00 -1.7990
v 121.00 61.00 -1.7990
v 121.00 63.00 -1.7746
v 121.00 65.00 -1.6688
v 121.00 67.00 -1.4928
v 121.00 69.00 -1.2613
v 121.00 71.00 -0.9890
v 121.00 73.00 -0.6905
v 121.00 75.00 -0.3806
v 121.00 77.00 -0.0739
v 121.00 79.00 0.2149
v 121.00 81.00 0.4711
v 121.00 83.00 0.6800
v 121.00 85.00 0.8269
v 121.00 87.00 0.8971
v 121.00 89.00 0.8516
v 121.00 91.00 0.6574
v 121.00 91.81 0.5545
v 123.00 8.70 0.5840
v 123.00 9.00 0.6213
v 121.23 8.26 0.5800
v 123.00 11.00 0.8271
v 123.00 13.00 0.9006
v 123.00 15.00 0.8493
v 123.00 17.00 0.7220
v 123.00 19.00 0.5323
v 123.00 21.00 0.2938
v 123.00 23.00 0.0188
v 123.00 25.00 -0.2799
v 123.00 27.00 -0.5877
v 123.00 29.00 -0.8898
v 123.00 31.00 -1.1715
v 123.00 33.00 -1.4179
v 123.00 35.00 -1.6143
v 123.00 37.00 -1.7460
v 123.00 39.00 -1.7986
v 123.00 41.00 -1.7990
v 123.00 43.00 -1.7990
v 123.00 45.00 -1.7990
v 123.00 47.00 -1.7990
v 123.00 49.00 -1.7990
v 123.00 51.00 -1.7990
v 123.00 53.00 -1.7990
v 123.00 55.00 -1.7990
v 123.00 57.00 -1.7990
v 123.00 59.00 -1.7990
v 123.00 61.00 -1.7990
v 123.00 63.00 -1.7706
v 123.00 65.00 -1.6614
v 123.00 67.00 -1.4822
v 123.00 69.00 -1.2483
v 123.00 71.00 -0.9743
v 123.00 73.00 -0.6748
v 123.00 75.00 -0.3647
v 123.00 77.00 -0.0586
v 123.00 79.00 0.2289
v 123.00 81.00 0.4831
v 123.00 83.00 0.6891
v 123.00 85.00 0.8324
v 123.00 87.00 0.8983
v 123.00 89.00 0.8447
v 123.00 91.00 0.6449
v 121.28 91.86 0.5460
v 123.00 91.51 0.5803
v 124.21 9.00 0.5865
v 125.00 11.00 0.7884
v 125.00 9.19 0.5875
v 125.00 13.00 0.8994
v 125.00 15.00 0.8661
v 125.00 17.00 0.7497
v 125.00 19.00 0.5656
v 125.00 21.00 0.3284
v 125.00 23.00 0.0527
v 125.00 25.00 -0.2471
v 125.00 27.00 -0.5564
v 125.00 29.00 -0.8607
v 125.00 31.00 -1.1453
v 125.00 33.00 -1.3959
v 125.00 35.00 -1.5978
v 125.00 37.00 -1.7365
v 125.00 39.00 -1.7974
v 125.00 41.00 -1.7990
v 125.00 43.00 -1.7990
v 125.00 45.00 -1.7990
v 125.00 47.00 -1.7990
v 125.00 49.00 -1.7990
v 125.00 51.00 -1.7990
v 125.00 53.00 -1.7990
v 125.00 55.00 -1.7990
v 125.00 57.00 -1.7990
v 125.00 59.00 -1.7990
v 125.00 61.00 -1.7990
v 125.00 63.00 -1.7598
v 125.00 65.00 -1.6402
v 125.00 67.00 -1.4544
v 125.00 69.00 -1.2166
v 125.00 71.00 -0.9412
v 125.00 73.00 -0.6425
v 125.00 75.00 -0.3348
v 125.00 77.00 -0.0324
v 125.00 79.00 0.2504
v 125.00 81.00 0.4993
v 125.00 83.00 0.6999
v 125.00 85.00 0.8380
v 125.00 87.00 0.8994
v 125.00 89.00 0.8374
v 125.00 91.00 0.6322
v 125.00 91.11 0.6184
v 127.00 9.69 0.6185
v 127.00 11.00 0.7676
v 127.00 13.00 0.8960
v 127.00 15.00 0.8733
v 127.00 17.00 0.7642
v 127.00 19.00 0.5861
v 127.00 21.00 0.3535
v 127.00 23.00 0.0808
v 127.00 25.00 -0.2173
v 127.00 27.00 -0.5263
v 127.00 29.00 -0.8317
v 127.00 31.00 -1.1189
v 127.00 33.00 -1.3734
v 127.00 35.00 -1.5807
v 127.00 37.00 -1.7261
v 127.00 39.00 -1.7953
v 127.00 41.00 -1.7990
v 127.00 43.00 -1.7990
v 127.00 45.00 -1.7990
v 127.00 47.00 -1.7990
v 127.00 49.00 -1.7990
v 127.00 51.00 -1.7990
v 127.00 53.00 -1.7990
v 127.00 55.00 -1.7990
v 127.00 57.00 -1.7990
v 127.00 59.00 -1.7990
v 127.00 61.00 -1.7978
v 127.00 63.00 -1.7417
v 127.00 65.00 -1.6115
v 127.00 67.00 -1.4206
v 127.00 69.00 -1.1794
v 127.00 71.00 -0.8998
v 127.00 73.00 -0.5990
v 127.00 75.00 -0.2911
v 127.00 77.00 0.0094
v 127.00 79.00 0.2882
v 127.00 81.00 0.5311
v 127.00 83.00 0.7237
v 127.00 85.00 0.8517
v 127.00 87.00 0.9009
v 127.00 89.00 0.8178
v 125.54 91.00 0.6283
v 127.00 90.71 0.6389
v 129.00 9.63 0.5861
v 129.00 11.00 0.7478
v 127.01 9.69 0.6184
v 129.00 13.00 0.8907
v 129.00 15.00 0.8796
v 129.00 17.00 0.7781
v 129.00 19.00 0.6061
v 129.00 21.00 0.3781
v 129.00 23.00 0.1087
v 129.00 25.00 -0.1876
v 129.00 27.00 -0.4961
v 129.00 29.00 -0.8025
v 129.00 31.00 -1.0923
v 129.00 33.00 -1.3508
v 129.00 35.00 -1.5634
v 129.00 37.00 -1.7155
v 129.00 39.00 -1.7925
v 129.00 41.00 -1.7990
v 129.00 43.00 -1.7990
v 129.00 45.00 -1.7990
v 129.00 47.00 -1.7990
v 129.00 49.00 -1.7990
v 129.00 51.00 -1.7990
v 129.00 53.00 -1.7990
v 129.00 55.00 -1.7990
v 129.00 57.00 -1.7990
v 129.00 59.00 -1.7990
v 129.00 61.00 -1.7905
v 129.00 63.00 -1.7140
v 129.00 65.00 -1.5664
v 129.00 67.00 -1.3617
v 129.00 69.00 -1.1131
v 129.00 71.00 -0.8339
v 129.00 73.00 -0.5374
v 129.00 75.00 -0.2371
v 129.00 77.00 0.0539
v 129.00 79.00 0.3253
v 129.00 81.00 0.5619
v 129.00 83.00 0.7462
v 129.00 85.00 0.8639
v 129.00 87.00 0.9002
v 129.00 89.00 0.7934
v 127.23 90.66 0.6410
v 129.00 90.72 0.6022
v 131.00 9.57 0.5531
v 131.00 11.00 0.7274
v 131.00 13.00 0.8838
v 131.00 15.00 0.8850
v 131.00 17.00 0.7907
v 131.00 19.00 0.6245
v 131.00 21.00 0.4008
v 131.00 23.00 0.1343
v 131.00 25.00 -0.1604
v 131.00 27.00 -0.4688
v 131.00 29.00 -0.7762
v 131.00 31.00 -1.0681
v 131.00 33.00 -1.3300
v 131.00 35.00 -1.5472
v 131.00 37.00 -1.7051
v 131.00 39.00 -1.7891
v 131.00 41.00 -1.7990
v 131.00 43.00 -1.7990
v 131.00 45.00 -1.7990
v 131.00 47.00 -1.7990
v 131.00 49.00 -1.7990
v 131.00 51.00 -1.7990
v 131.00 53.00 -1.7990
v 131.00 55.00 -1.7990
v 131.00 57.00 -1.7990
v 131.00 59.00 -1.7990
v 131.00 61.00 -1.7741
v 131.00 63.00 -1.6746
v 131.00 65.00 -1.5110
v 131.00 67.00 -1.2958
v 131.00 69.00 -1.0417
v 131.00 71.00 -0.7567
v 131.00 73.00 -0.4579
v 131.00 75.00 -0.1587
v 131.00 77.00 0.1275
v 131.00 79.00 0.3875
v 131.00 81.00 0.6079
v 131.00 83.00 0.7753
v 131.00 85.00 0.8766
v 131.00 87.00 0.8950
v 131.00 89.00 0.7665
v 131.00 90.78 0.5579
v 133.00 9.51 0.5222
v 133.00 11.00 0.7082
v 133.00 13.00 0.8761
v 133.00 15.00 0.8894
v 133.00 17.00 0.8020
v 133.00 19.00 0.6414
v 133.00 21.00 0.4222
v 133.00 23.00 0.1588
v 133.00 25.00 -0.1340
v 133.00 27.00 -0.4418
v 133.00 29.00 -0.7499
v 133.00 31.00 -1.0438
v 133.00 33.00 -1.3088
v 133.00 35.00 -1.5304
v 133.00 37.00 -1.6941
v 133.00 39.00 -1.7847
v 133.00 41.00 -1.7990
v 133.00 43.00 -1.7990
v 133.00 45.00 -1.7990
v 133.00 47.00 -1.7990
v 133.00 49.00 -1.7990
v 133.00 51.00 -1.7990
v 133.00 53.00 -1.7990
v 133.00 55.00 -1.7990
v 133.00 57.00 -1.7990
v 133.00 59.00 -1.7986
v 133.00 61.00 -1.7495
v 133.00 63.00 -1.6277
v 133.00 65.00 -1.4459
v 133.00 67.00 -1.2166
v 133.00 69.00 -0.9527
v 133.00 71.00 -0.6668
v 133.00 73.00 -0.3715
v 133.00 75.00 -0.0795
v 133.00 77.00 0.1993
v 133.00 79.00 0.4501
v 133.00 81.00 0.6578
v 133.00 83.00 0.8091
v 133.00 85.00 0.8906
v 133.00 87.00 0.8763
v 133.00 89.00 0.7153
v 133.00 90.84 0.4912
v 135.00 9.71 0.5257
v 135.00 11.00 0.6883
v 133.85 9.48 0.5084
v 135.00 13.00 0.8671
v 135.00 15.00 0.8930
v 135.00 17.00 0.8127
v 135.00 19.00 0.6579
v 135.00 21.00 0.4432
v 135.00 23.00 0.1831
v 135.00 25.00 -0.1045
v 135.00 27.00 -0.4071
v 135.00 29.00 -0.7117
v 135.00 31.00 -1.0042
v 135.00 33.00 -1.2706
v 135.00 35.00 -1.4970
v 135.00 37.00 -1.6694
v 135.00 39.00 -1.7737
v 135.00 41.00 -1.7990
v 135.00 43.00 -1.7990
v 135.00 45.00 -1.7990
v 135.00 47.00 -1.7990
v 135.00 49.00 -1.7990
v 135.00 51.00 -1.7990
v 135.00 53.00 -1.7990
v 135.00 55.00 -1.7990
v 135.00 57.00 -1.7990
v 135.00 59.00 -1.7930
v 135.00 61.00 -1.7207
v 135.00 63.00 -1.5774
v 135.00 65.00 -1.3767
v 135.00 67.00 -1.1338
v 135.00 69.00 -0.8613
v 135.00 71.00 -0.5709
v 135.00 73.00 -0.2753
v 135.00 75.00 0.0129
v 135.00 77.00 0.2809
v 135.00 79.00 0.5162
v 135.00 81.00 0.7059
v 135.00 83.00 0.8379
v 135.00 85.00 0.8988
v 135.00 87.00 0.8463
v 135.00 89.00 0.6555
v 134.14 90.88 0.4467
v 135.00 90.61 0.4523
v 137.00 10.12 0.5547
v 137.00 11.00 0.6644
v 137.00 13.00 0.8533
v 137.00 15.00 0.8972
v 137.00 17.00 0.8291
v 137.00 19.00 0.6865
v 137.00 21.00 0.4834
v 137.00 23.00 0.2338
v 137.00 25.00 -0.0483
v 137.00 27.00 -0.3490
v 137.00 29.00 -0.6543
v 137.00 31.00 -0.9501
v 137.00 33.00 -1.2160
v 137.00 35.00 -1.4423
v 137.00 37.00 -1.6229
v 137.00 39.00 -1.7399
v 137.00 41.00 -1.7957
v 137.00 43.00 -1.7990
v 137.00 45.00 -1.7990
v 137.00 47.00 -1.7990
v 137.00 49.00 -1.7990
v 137.00 51.00 -1.7990
v 137.00 53.00 -1.7990
v 137.00 55.00 -1.7990
v 137.00 57.00 -1.7990
v 137.00 59.00 -1.7812
v 137.00 61.00 -1.6883
v 137.00 63.00 -1.5280
v 137.00 65.00 -1.3134
v 137.00 67.00 -1.0578
v 137.00 69.00 -0.7745
v 137.00 71.00 -0.4767
v 137.00 73.00 -0.1799
v 137.00 75.00 0.1031
v 137.00 77.00 0.3618
v 137.00 79.00 0.5836
v 137.00 81.00 0.7558
v 137.00 83.00 0.8658
v 137.00 85.00 0.9004
v 137.00 87.00 0.8032
v 137.00 89.00 0.5907
v 137.00 89.99 0.4642
v 139.00 10.53 0.5586
v 139.00 11.00 0.6182
v 139.00 13.00 0.8264
v 139.00 15.00 0.9005
v 139.00 17.00 0.8482
v 139.00 19.00 0.7187
v 139.00 21.00 0.5260
v 139.00 23.00 0.2842
v 139.00 25.00 0.0091
v 139.00 27.00 -0.2750
v 139.00 29.00 -0.5664
v 139.00 31.00 -0.8529
v 139.00 33.00 -1.1198
v 139.00 35.00 -1.3466
v 139.00 37.00 -1.5377
v 139.00 39.00 -1.6834
v 139.00 41.00 -1.7734
v 139.00 43.00 -1.7990
v 139.00 45.00 -1.7990
v 139.00 47.00 -1.7990
v 139.00 49.00 -1.7990
v 139.00 51.00 -1.7990
v 139.00 53.00 -1.7990
v 139.00 55.00 -1.7990
v 139.00 57.00 -1.7990
v 139.00 59.00 -1.7634
v 139.00 61.00 -1.6510
v 139.00 63.00 -1.4746
v 139.00 65.00 -1.2476
v 139.00 67.00 -0.9832
v 139.00 69.00 -0.6947
v 139.00 71.00 -0.3952
v 139.00 73.00 -0.0981
v 139.00 75.00 0.1833
v 139.00 77.00 0.4359
v 139.00 79.00 0.6458
v 139.00 81.00 0.7991
v 139.00 83.00 0.8860
v 139.00 85.00 0.8859
v 139.00 87.00 0.7430
v 139.00 89.00 0.5089
v 139.00 89.36 0.4629
v 141.00 10.83 0.5482
v 141.00 11.00 0.5701
v 139.72 10.67 0.5590
v 141.00 13.00 0.7947
v 141.00 15.00 0.9002
v 141.00 17.00 0.8645
v 141.00 19.00 0.7536
v 141.00 21.00 0.5834
v 141.00 23.00 0.3650
v 141.00 25.00 0.1106
v 141.00 27.00 -0.1677
v 141.00 29.00 -0.4513
v 141.00 31.00 -0.7233
v 141.00 33.00 -0.9853
v 141.00 35.00 -1.2271
v 141.00 37.00 -1.4385
v 141.00 39.00 -1.6099
v 141.00 41.00 -1.7314
v 141.00 43.00 -1.7932
v 141.00 45.00 -1.7990
v 141.00 47.00 -1.7990
v 141.00 49.00 -1.7990
v 141.00 51.00 -1.7990
v 141.00 53.00 -1.7990
v 141.00 55.00 -1.7990
v 141.00 57.00 -1.7983
v 141.00 59.00 -1.7440
v 141.00 61.00 -1.6129
v 141.00 63.00 -1.4199
v 141.00 65.00 -1.1796
v 141.00 67.00 -0.9068
v 141.00 69.00 -0.6140
v 141.00 71.00 -0.3139
v 141.00 73.00 -0.0197
v 141.00 75.00 0.2552
v 141.00 77.00 0.4976
v 141.00 79.00 0.6943
v 141.00 81.00 0.8320
v 141.00 83.00 0.8974
v 141.00 85.00 0.8542
v 141.00 87.00 0.6731
v 139.99 89.00 0.4676
v 141.00 88.55 0.4831
v 139.58 89.18 0.4617
v 142.37 11.00 0.5364
v 143.00 13.00 0.7464
v 143.00 11.08 0.5265
v 143.00 15.00 0.8862
v 143.00 17.00 0.8866
v 143.00 19.00 0.8022
v 143.00 21.00 0.6531
v 143.00 23.00 0.4512
v 143.00 25.00 0.2177
v 143.00 27.00 -0.0349
v 143.00 29.00 -0.3028
v 143.00 31.00 -0.5761
v 143.00 33.00 -0.8443
v 143.00 35.00 -1.0978
v 143.00 37.00 -1.3268
v 143.00 39.00 -1.5213
v 143.00 41.00 -1.6717
v 143.00 43.00 -1.7687
v 143.00 45.00 -1.7990
v 143.00 47.00 -1.7990
v 143.00 49.00 -1.7990
v 143.00 51.00 -1.7990
v 143.00 53.00 -1.7990
v 143.00 55.00 -1.7990
v 143.00 57.00 -1.7949
v 143.00 59.00 -1.7256
v 143.00 61.00 -1.5818
v 143.00 63.00 -1.3774
v 143.00 65.00 -1.1267
v 143.00 67.00 -0.8435
v 143.00 69.00 -0.5420
v 143.00 71.00 -0.2367
v 143.00 73.00 0.0569
v 143.00 75.00 0.3247
v 143.00 77.00 0.5560
v 143.00 79.00 0.7380
v 143.00 81.00 0.8574
v 143.00 83.00 0.9010
v 143.00 85.00 0.8155
v 143.00 87.00 0.6055
v 143.00 87.67 0.5208
v 145.00 11.32 0.4635
v 145.00 13.00 0.6677
v 145.00 15.00 0.8491
v 145.00 17.00 0.8990
v 145.00 19.00 0.8419
v 145.00 21.00 0.7227
v 145.00 23.00 0.5543
v 145.00 25.00 0.3450
v 145.00 27.00 0.1050
v 145.00 29.00 -0.1556
v 145.00 31.00 -0.4266
v 145.00 33.00 -0.6984
v 145.00 35.00 -0.9610
v 145.00 37.00 -1.2049
v 145.00 39.00 -1.4234
v 145.00 41.00 -1.6044
v 145.00 43.00 -1.7328
v 145.00 45.00 -1.7891
v 145.00 47.00 -1.7988
v 145.00 49.00 -1.7990
v 145.00 51.00 -1.7990
v 145.00 53.00 -1.7990
v 145.00 55.00 -1.7990
v 145.00 57.00 -1.7885
v 145.00 59.00 -1.7048
v 145.00 61.00 -1.5491
v 145.00 63.00 -1.3354
v 145.00 65.00 -1.0777
v 145.00 67.00 -0.7902
v 145.00 69.00 -0.4869
v 145.00 71.00 -0.1819
v 145.00 73.00 0.1108
v 145.00 75.00 0.3772
v 145.00 77.00 0.6031
v 145.00 79.00 0.7745
v 145.00 81.00 0.8773
v 145.00 83.00 0.8945
v 145.00 85.00 0.7676
v 144.48 87.00 0.5552
v 145.00 86.73 0.5715
v 144.34 87.07 0.5511
v 147.00 12.01 0.4566
v 147.00 13.00 0.5802
v 146.02 11.45 0.4319
v 147.00 15.00 0.7932
v 147.00 17.00 0.8969
v 147.00 19.00 0.8795
v 147.00 21.00 0.7936
v 147.00 23.00 0.6515
v 147.00 25.00 0.4634
v 147.00 27.00 0.2394
v 147.00 29.00 -0.0107
v 147.00 31.00 -0.2770
v 147.00 33.00 -0.5496
v 147.00 35.00 -0.8236
v 147.00 37.00 -1.0897
v 147.00 39.00 -1.3306
v 147.00 41.00 -1.5333
v 147.00 43.00 -1.6666
v 147.00 45.00 -1.7134
v 147.00 47.00 -1.7572
v 147.00 49.00 -1.7889
v 147.00 51.00 -1.7990
v 147.00 53.00 -1.7986
v 147.00 55.00 -1.7772
v 147.00 57.00 -1.7322
v 147.00 59.00 -1.6740
v 147.00 61.00 -1.5145
v 147.00 63.00 -1.2919
v 147.00 65.00 -1.0278
v 147.00 67.00 -0.7364
v 147.00 69.00 -0.4318
v 147.00 71.00 -0.1279
v 147.00 73.00 0.1611
v 147.00 75.00 0.4212
v 147.00 77.00 0.6383
v 147.00 79.00 0.7984
v 147.00 81.00 0.8874
v 147.00 83.00 0.8809
v 147.00 85.00 0.7225
v 147.00 85.71 0.6404
v 148.74 13.00 0.4862
v 149.00 15.00 0.6945
v 149.00 13.15 0.4872
v 149.00 17.00 0.8563
v 149.00 19.00 0.8990
v 149.00 21.00 0.8480
v 149.00 23.00 0.7355
v 149.00 25.00 0.5716
v 149.00 27.00 0.3662
v 149.00 29.00 0.1292
v 149.00 31.00 -0.1344
v 149.00 33.00 -0.4184
v 149.00 35.00 -0.7041
v 149.00 37.00 -0.9796
v 149.00 39.00 -1.2332
v 149.00 41.00 -1.4368
v 149.00 43.00 -1.5009
v 149.00 45.00 -1.5756
v 149.00 47.00 -1.6528
v 149.00 49.00 -1.7229
v 149.00 51.00 -1.7754
v 149.00 53.00 -1.7643
v 149.00 55.00 -1.6996
v 149.00 57.00 -1.6151
v 149.00 59.00 -1.5220
v 149.00 61.00 -1.4307
v 149.00 63.00 -1.2509
v 149.00 65.00 -0.9804
v 149.00 67.00 -0.6847
v 149.00 69.00 -0.3781
v 149.00 71.00 -0.0748
v 149.00 73.00 0.2104
v 149.00 75.00 0.4638
v 149.00 77.00 0.6717
v 149.00 79.00 0.8201
v 149.00 81.00 0.8948
v 149.00 83.00 0.8627
v 148.39 85.00 0.6947
v 148.63 84.88 0.7034
v 149.00 84.82 0.7026
v 151.00 14.22 0.4852
v 151.00 15.00 0.5763
v 150.29 13.89 0.4918
v 151.00 17.00 0.7797
v 151.00 19.00 0.8931
v 151.00 21.00 0.8842
v 151.00 23.00 0.8043
v 151.00 25.00 0.6674
v 151.00 27.00 0.4794
v 151.00 29.00 0.2457
v 151.00 31.00 -0.0172
v 151.00 33.00 -0.2978
v 151.00 35.00 -0.5844
v 151.00 37.00 -0.8656
v 151.00 39.00 -1.1303
v 151.00 41.00 -1.2026
v 151.00 43.00 -1.2881
v 151.00 45.00 -1.3902
v 151.00 47.00 -1.5000
v 151.00 49.00 -1.6074
v 151.00 51.00 -1.7011
v 151.00 53.00 -1.6853
v 151.00 55.00 -1.5790
v 151.00 57.00 -1.4564
v 151.00 59.00 -1.3294
v 151.00 61.00 -1.2090
v 151.00 63.00 -1.1049
v 151.00 65.00 -0.9348
v 151.00 67.00 -0.6365
v 151.00 69.00 -0.3294
v 151.00 71.00 -0.0280
v 151.00 73.00 0.2538
v 151.00 75.00 0.5016
v 151.00 77.00 0.7013
v 151.00 79.00 0.8386
v 151.00 81.00 0.8993
v 151.00 83.00 0.8396
v 151.00 84.52 0.6959
v 152.63 15.00 0.4724
v 153.00 17.00 0.6757
v 153.00 15.17 0.4685
v 153.00 19.00 0.8454
v 153.00 21.00 0.9003
v 153.00 23.00 0.8540
v 153.00 25.00 0.7387
v 153.00 27.00 0.5663
v 153.00 29.00 0.3483
v 153.00 31.00 0.0963
v 153.00 33.00 -0.1783
v 153.00 35.00 -0.4663
v 153.00 37.00 -0.7577
v 153.00 39.00 -0.8595
v 153.00 41.00 -0.9362
v 153.00 43.00 -1.0428
v 153.00 45.00 -1.1717
v 153.00 47.00 -1.3132
v 153.00 49.00 -1.4565
v 153.00 51.00 -1.5892
v 153.00 53.00 -1.5721
v 153.00 55.00 -1.4291
v 153.00 57.00 -1.2702
v 153.00 59.00 -1.1106
v 153.00 61.00 -0.9620
v 153.00 63.00 -0.8348
v 153.00 65.00 -0.7380
v 153.00 67.00 -0.5880
v 153.00 69.00 -0.2809
v 153.00 71.00 0.0184
v 153.00 73.00 0.2957
v 153.00 75.00 0.5368
v 153.00 77.00 0.7276
v 153.00 79.00 0.8537
v 153.00 81.00 0.9009
v 153.00 83.00 0.8151
v 153.00 84.23 0.6924
v 155.00 16.10 0.4486
v 155.00 17.00 0.5543
v 154.67 15.96 0.4535
v 155.00 19.00 0.7676
v 155.00 21.00 0.8921
v 155.00 23.00 0.8826
v 155.00 25.00 0.7949
v 155.00 27.00 0.6451
v 155.00 29.00 0.4447
v 155.00 31.00 0.2001
v 155.00 33.00 -0.0735
v 155.00 35.00 -0.3631
v 155.00 37.00 -0.5121
v 155.00 39.00 -0.5609
v 155.00 41.00 -0.6522
v 155.00 43.00 -0.7796
v 155.00 45.00 -0.9345
v 155.00 47.00 -1.1064
v 155.00 49.00 -1.2834
v 155.00 51.00 -1.4450
v 155.00 53.00 -1.4281
v 155.00 55.00 -1.2592
v 155.00 57.00 -1.0704
v 155.00 59.00 -0.8798
v 155.00 61.00 -0.7040
v 155.00 63.00 -0.5544
v 155.00 65.00 -0.4408
v 155.00 67.00 -0.3691
v 155.00 69.00 -0.2163
v 155.00 71.00 0.0739
v 155.00 73.00 0.3403
v 155.00 75.00 0.5708
v 155.00 77.00 0.7522
v 155.00 79.00 0.8668
v 155.00 81.00 0.8994
v 155.00 83.00 0.7874
v 154.60 83.99 0.6908
v 155.00 84.00 0.6824
v 157.00 16.90 0.4322
v 157.00 17.00 0.4446
v 157.00 19.00 0.6831
v 157.00 21.00 0.8556
v 157.00 23.00 0.8982
v 157.00 25.00 0.8388
v 157.00 27.00 0.7093
v 157.00 29.00 0.5221
v 157.00 31.00 0.2899
v 157.00 33.00 0.0248
v 157.00 35.00 -0.1961
v 157.00 37.00 -0.2031
v 157.00 39.00 -0.2597
v 157.00 41.00 -0.3653
v 157.00 43.00 -0.5129
v 157.00 45.00 -0.6928
v 157.00 47.00 -0.8932
v 157.00 49.00 -1.0906
v 157.00 51.00 -1.2742
v 157.00 53.00 -1.2621
v 157.00 55.00 -1.0691
v 157.00 57.00 -0.8647
v 157.00 59.00 -0.6508
v 157.00 61.00 -0.4494
v 157.00 63.00 -0.2782
v 157.00 65.00 -0.1482
v 157.00 67.00 -0.0679
v 157.00 69.00 -0.0113
v 157.00 71.00 0.1457
v 157.00 73.00 0.4038
v 157.00 75.00 0.6213
v 157.00 77.00 0.7848
v 157.00 79.00 0.8809
v 157.00 81.00 0.8911
v 157.00 83.00 0.7548
v 157.00 84.03 0.6405
v 157.24 17.00 0.4321
v 159.00 19.00 0.5875
v 159.00 17.71 0.4282
v 159.00 21.00 0.7998
v 159.00 23.00 0.8999
v 159.00 25.00 0.8683
v 159.00 27.00 0.7619
v 159.00 29.00 0.5935
v 159.00 31.00 0.3756
v 159.00 33.00 0.1280
v 159.00 35.00 0.1021
v 159.00 37.00 0.0938
v 159.00 39.00 0.0295
v 159.00 41.00 -0.0902
v 159.00 43.00 -0.2572
v 159.00 45.00 -0.4603
v 159.00 47.00 -0.6732
v 159.00 49.00 -0.8822
v 159.00 51.00 -1.0941
v 159.00 53.00 -1.0924
v 159.00 55.00 -0.8687
v 159.00 57.00 -0.6493
v 159.00 59.00 -0.4302
v 159.00 61.00 -0.2122
v 159.00 63.00 -0.0207
v 159.00 65.00 0.1251
v 159.00 67.00 0.2153
v 159.00 69.00 0.2674
v 159.00 71.00 0.3106
v 159.00 73.00 0.4707
v 159.00 75.00 0.6693
v 159.00 77.00 0.8167
v 159.00 79.00 0.8932
v 159.00 81.00 0.8696
v 159.00 83.00 0.7002
v 159.00 84.06 0.5734
v 159.22 17.80 0.4279
v 160.14 19.00 0.5381
v 161.00 21.00 0.7344
v 161.00 20.12 0.6377
v 161.00 23.00 0.8821
v 161.00 25.00 0.8887
v 161.00 27.00 0.8084
v 161.00 29.00 0.6664
v 161.00 31.00 0.4734
v 161.00 33.00 0.3691
v 161.00 35.00 0.3734
v 161.00 37.00 0.3638
v 161.00 39.00 0.2920
v 161.00 41.00 0.1587
v 161.00 43.00 -0.0263
v 161.00 45.00 -0.2346
v 161.00 47.00 -0.4485
v 161.00 49.00 -0.6787
v 161.00 51.00 -0.9194
v 161.00 53.00 -0.9317
v 161.00 55.00 -0.6801
v 161.00 57.00 -0.4355
v 161.00 59.00 -0.2105
v 161.00 61.00 0.0025
v 161.00 63.00 0.2038
v 161.00 65.00 0.3645
v 161.00 67.00 0.4644
v 161.00 69.00 0.5118
v 161.00 71.00 0.5505
v 161.00 73.00 0.5922
v 161.00 75.00 0.7420
v 161.00 77.00 0.8506
v 161.00 79.00 0.8998
v 161.00 81.00 0.8376
v 161.00 83.00 0.6403
v 161.00 84.09 0.5031
v 161.46 20.72 0.6876
v 162.24 21.00 0.6884
v 163.00 23.00 0.8409
v 163.00 21.27 0.6881
v 163.00 25.00 0.9002
v 163.00 27.00 0.8518
v 163.00 29.00 0.7360
v 163.00 31.00 0.5812
v 163.00 33.00 0.5992
v 163.00 35.00 0.6032
v 163.00 37.00 0.5922
v 163.00 39.00 0.5131
v 163.00 41.00 0.3671
v 163.00 43.00 0.1837
v 163.00 45.00 -0.0149
v 163.00 47.00 -0.2425
v 163.00 49.00 -0.4962
v 163.00 51.00 -0.7619
v 163.00 53.00 -0.7911
v 163.00 55.00 -0.5159
v 163.00 57.00 -0.2488
v 163.00 59.00 -0.0041
v 163.00 61.00 0.2056
v 163.00 63.00 0.3917
v 163.00 65.00 0.5556
v 163.00 67.00 0.6646
v 163.00 69.00 0.7079
v 163.00 71.00 0.7384
v 163.00 73.00 0.7561
v 163.00 75.00 0.8175
v 163.00 77.00 0.8869
v 163.00 79.00 0.8908
v 163.00 81.00 0.7749
v 163.00 83.00 0.5699
v 162.63 84.12 0.4441
v 163.00 83.77 0.4745
v 165.00 21.99 0.6706
v 165.00 23.00 0.7719
v 165.00 25.00 0.8930
v 165.00 27.00 0.8826
v 165.00 29.00 0.8163
v 165.00 31.00 0.7504
v 165.00 33.00 0.7733
v 165.00 35.00 0.7768
v 165.00 37.00 0.7643
v 165.00 39.00 0.6782
v 165.00 41.00 0.5400
v 165.00 43.00 0.3769
v 165.00 45.00 0.1728
v 165.00 47.00 -0.0729
v 165.00 49.00 -0.3460
v 165.00 51.00 -0.6320
v 165.00 53.00 -0.6741
v 165.00 55.00 -0.3860
v 165.00 57.00 -0.1017
v 165.00 59.00 0.1599
v 165.00 61.00 0.3838
v 165.00 63.00 0.5573
v 165.00 65.00 0.6957
v 165.00 67.00 0.8013
v 165.00 69.00 0.8419
v 165.00 71.00 0.8594
v 165.00 73.00 0.8692
v 165.00 75.00 0.8890
v 165.00 77.00 0.9010
v 165.00 79.00 0.8367
v 165.00 81.00 0.6642
v 163.82 83.00 0.5191
v 165.00 81.89 0.5671
v 167.00 22.59 0.6391
v 167.00 23.00 0.6843
v 166.02 22.35 0.6607
v 167.00 25.00 0.8419
v 167.00 27.00 0.9009
v 167.00 29.00 0.8807
v 167.00 31.00 0.8659
v 167.00 33.00 0.8770
v 167.00 35.00 0.8794
v 167.00 37.00 0.8653
v 167.00 39.00 0.7926
v 167.00 41.00 0.6853
v 167.00 43.00 0.5255
v 167.00 45.00 0.3087
v 167.00 47.00 0.0502
v 167.00 49.00 -0.2305
v 167.00 51.00 -0.5202
v 167.00 53.00 -0.5588
v 167.00 55.00 -0.2703
v 167.00 57.00 0.0109
v 167.00 59.00 0.2730
v 167.00 61.00 0.5042
v 167.00 63.00 0.6863
v 167.00 65.00 0.8029
v 167.00 67.00 0.8728
v 167.00 69.00 0.8997
v 167.00 71.00 0.9009
v 167.00 73.00 0.8983
v 167.00 75.00 0.8881
v 167.00 77.00 0.8300
v 167.00 79.00 0.7301
v 167.00 81.00 0.5354
v 165.60 81.32 0.5918
v 167.00 81.13 0.5205
v 168.66 23.00 0.5632
v 169.00 25.00 0.7191
v 169.00 23.08 0.5414
v 169.00 27.00 0.8536
v 169.00 29.00 0.8913
v 169.00 31.00 0.8997
v 169.00 33.00 0.8936
v 169.00 35.00 0.8907
v 169.00 37.00 0.8999
v 169.00 39.00 0.8685
v 169.00 41.00 0.7740
v 169.00 43.00 0.6128
v 169.00 45.00 0.4020
v 169.00 47.00 0.1537
v 169.00 49.00 -0.1203
v 169.00 51.00 -0.4080
v 169.00 53.00 -0.4442
v 169.00 55.00 -0.1558
v 169.00 57.00 0.1191
v 169.00 59.00 0.3703
v 169.00 61.00 0.5858
v 169.00 63.00 0.7540
v 169.00 65.00 0.8630
v 169.00 67.00 0.9007
v 169.00 69.00 0.8616
v 169.00 71.00 0.8059
v 169.00 73.00 0.7793
v 169.00 75.00 0.7551
v 169.00 77.00 0.6539
v 169.00 79.00 0.5233
v 167.91 81.00 0.4679
v 169.00 80.85 0.3821
v 171.00 23.57 0.4126
v 171.00 25.00 0.5561
v 171.00 27.00 0.6988
v 171.00 29.00 0.7557
v 171.00 31.00 0.7895
v 171.00 33.00 0.7594
v 171.00 35.00 0.7585
v 171.00 37.00 0.8736
v 171.00 39.00 0.8931
v 171.00 41.00 0.8204
v 171.00 43.00 0.6816
v 171.00 45.00 0.4885
v 171.00 47.00 0.2533
v 171.00 49.00 -0.0132
v 171.00 51.00 -0.3036
v 171.00 53.00 -0.3520
v 171.00 55.00 -0.0585
v 171.00 57.00 0.2179
v 171.00 59.00 0.4617
v 171.00 61.00 0.6597
v 171.00 63.00 0.8055
v 171.00 65.00 0.8874
v 171.00 67.00 0.8856
v 171.00 69.00 0.7467
v 171.00 71.00 0.5866
v 171.00 73.00 0.5456
v 171.00 75.00 0.5151
v 171.00 77.00 0.4279
v 171.00 79.00 0.2939
v 171.00 80.57 0.1974
v 171.48 23.69 0.3820
v 172.64 25.00 0.3884
v 173.00 27.00 0.4529
v 173.00 25.41 0.3762
v 173.00 29.00 0.5208
v 173.00 31.00 0.5592
v 173.00 33.00 0.5202
v 173.00 35.00 0.6313
v 173.00 37.00 0.8268
v 173.00 39.00 0.9009
v 173.00 41.00 0.8570
v 173.00 43.00 0.7422
v 173.00 45.00 0.5637
v 173.00 47.00 0.3351
v 173.00 49.00 0.0702
v 173.00 51.00 -0.2179
v 173.00 53.00 -0.2634
v 173.00 55.00 0.0264
v 173.00 57.00 0.2951
v 173.00 59.00 0.5298
v 173.00 61.00 0.7175
v 173.00 63.00 0.8452
v 173.00 65.00 0.8997
v 173.00 67.00 0.8448
v 173.00 69.00 0.6623
v 173.00 71.00 0.4195
v 173.00 73.00 0.2818
v 173.00 75.00 0.2533
v 173.00 77.00 0.1979
v 173.00 78.64 0.1194
v 172.87 79.00 0.1128
v 172.36 80.38 0.0896
v 173.73 26.23 0.3309
v 174.06 27.00 0.3163
v 174.90 29.00 0.2770
v 174.93 28.96 0.2721
v 173.88 31.00 0.4415
v 173.34 33.00 0.4751
v 173.25 32.24 0.5029
v 173.56 34.76 0.5770
v 173.76 35.00 0.5966
v 175.00 37.00 0.7619
v 175.00 36.53 0.7153
v 175.00 39.00 0.8925
v 175.00 41.00 0.8800
v 175.00 43.00 0.7837
v 175.00 45.00 0.6212
v 175.00 47.00 0.4055
v 175.00 49.00 0.1497
v 175.00 51.00 -0.1330
v 175.00 53.00 -0.1741
v 175.00 55.00 0.1094
v 175.00 57.00 0.3693
v 175.00 59.00 0.5913
v 175.00 61.00 0.7625
v 175.00 63.00 0.8697
v 175.00 65.00 0.8991
v 175.00 67.00 0.7911
v 175.00 69.00 0.5714
v 173.27 70.56 0.4610
v 173.38 71.00 0.4004
v 175.00 69.84 0.4641
v 173.90 73.00 0.1758
v 173.93 75.00 0.1484
v 174.13 73.90 0.1409
v 173.58 77.00 0.1396
v 173.56 77.10 0.1380
v 175.29 36.89 0.7416
v 175.77 37.00 0.7387
v 177.00 39.00 0.8692
v 177.00 37.28 0.7309
v 177.00 41.00 0.8936
v 177.00 43.00 0.8189
v 177.00 45.00 0.6742
v 177.00 47.00 0.4725
v 177.00 49.00 0.2270
v 177.00 51.00 -0.0451
v 177.00 53.00 -0.0663
v 177.00 55.00 0.2042
v 177.00 57.00 0.4466
v 177.00 59.00 0.6489
v 177.00 61.00 0.8017
v 177.00 63.00 0.8874
v 177.00 65.00 0.8831
v 177.00 67.00 0.7338
v 176.99 69.00 0.4958
v 177.00 69.00 0.4954
v 179.00 37.74 0.7184
v 179.00 39.00 0.8330
v 179.00 41.00 0.9003
v 179.00 43.00 0.8483
v 179.00 45.00 0.7250
v 179.00 47.00 0.5439
v 179.00 49.00 0.3169
v 179.00 51.00 0.1318
v 179.00 53.00 0.1692
v 179.00 55.00 0.3004
v 179.00 57.00 0.5290
v 179.00 59.00 0.7129
v 179.00 61.00 0.8401
v 179.00 63.00 0.8985
v 179.00 65.00 0.8521
v 179.00 67.00 0.6686
v 177.45 68.81 0.5026
v 179.00 68.16 0.5266
v 181.00 38.20 0.7038
v 181.00 39.00 0.7826
v 181.00 41.00 0.8969
v 181.00 43.00 0.8756
v 181.00 45.00 0.7771
v 181.00 47.00 0.6159
v 181.00 49.00 0.4042
v 181.00 51.00 0.3956
v 181.00 53.00 0.4300
v 181.00 55.00 0.4585
v 181.00 57.00 0.6146
v 181.00 59.00 0.7686
v 181.00 61.00 0.8711
v 181.00 63.00 0.8993
v 181.00 65.00 0.7964
v 181.00 67.00 0.5849
v 181.00 67.32 0.5458
v 181.58 38.33 0.6950
v 182.84 39.00 0.7175
v 183.00 41.00 0.8718
v 183.00 39.08 0.7197
v 183.00 43.00 0.8935
v 183.00 45.00 0.8209
v 183.00 47.00 0.6836
v 183.00 49.00 0.5547
v 183.00 51.00 0.6156
v 183.00 53.00 0.6467
v 183.00 55.00 0.6695
v 183.00 57.00 0.7205
v 183.00 59.00 0.8326
v 183.00 61.00 0.8928
v 183.00 63.00 0.8774
v 183.00 65.00 0.7249
v 181.79 66.99 0.5494
v 181.77 67.00 0.5491
v 183.00 66.48 0.5555
v 185.00 40.13 0.7521
v 185.00 41.00 0.8269
v 185.00 43.00 0.9009
v 185.00 45.00 0.8658
v 185.00 47.00 0.7740
v 185.00 49.00 0.7362
v 185.00 51.00 0.7793
v 185.00 53.00 0.8048
v 185.00 55.00 0.8199
v 185.00 57.00 0.8389
v 185.00 59.00 0.8810
v 185.00 61.00 0.8983
v 185.00 63.00 0.8115
v 185.00 65.00 0.6353
v 185.00 65.62 0.5653
v 187.00 40.94 0.7364
v 187.00 41.00 0.7417
v 185.41 40.35 0.7589
v 187.00 43.00 0.8746
v 187.00 45.00 0.8963
v 187.00 47.00 0.8600
v 187.00 49.00 0.8578
v 187.00 51.00 0.8777
v 187.00 53.00 0.8902
v 187.00 55.00 0.8951
v 187.00 57.00 0.8980
v 187.00 59.00 0.8978
v 187.00 61.00 0.8483
v 187.00 63.00 0.6945
v 186.44 65.00 0.5294
v 187.00 64.75 0.5136
v 186.27 65.07 0.5348
v 187.18 41.00 0.7309
v 189.00 43.00 0.7943
v 189.00 41.67 0.6778
v 189.00 45.00 0.8878
v 189.00 47.00 0.9010
v 189.00 49.00 0.9010
v 189.00 51.00 0.8946
v 189.00 53.00 0.8748
v 189.00 55.00 0.8605
v 189.00 57.00 0.8471
v 189.00 59.00 0.7965
v 189.00 61.00 0.7020
v 189.00 63.00 0.5480
v 189.00 63.87 0.4551
v 191.00 42.41 0.6056
v 191.00 43.00 0.6540
v 190.88 42.37 0.6127
v 191.00 45.00 0.7537
v 191.00 47.00 0.8233
v 191.00 49.00 0.8092
v 191.00 51.00 0.7697
v 191.00 53.00 0.7077
v 191.00 55.00 0.6760
v 191.00 57.00 0.6501
v 191.00 59.00 0.5967
v 191.00 61.00 0.4756
v 190.95 63.00 0.3522
v 191.00 62.97 0.3490
v 190.90 63.03 0.3554
v 192.70 43.00 0.4637
v 193.00 45.00 0.5298
v 193.00 43.11 0.4327
v 193.00 47.00 0.6141
v 193.00 49.00 0.5917
v 193.00 51.00 0.5412
v 193.00 53.00 0.4641
v 193.00 55.00 0.4177
v 193.00 57.00 0.3881
v 193.00 59.00 0.3471
v 193.00 61.00 0.2430
v 193.00 61.87 0.1961
v 195.00 43.80 0.2279
v 195.00 45.00 0.2843
v 195.00 47.00 0.3500
v 195.00 49.00 0.3301
v 195.00 51.00 0.2810
v 195.00 53.00 0.2166
v 195.00 55.00 0.1700
v 194.82 57.00 0.1648
v 195.00 56.87 0.1474
v 194.16 59.00 0.2074
v 193.63 57.87 0.2941
v 194.57 61.00 0.0955
v 195.00 60.76 0.0723
v 197.00 44.50 0.0700
v 197.00 45.00 0.0834
v 197.00 47.00 0.1174
v 195.90 49.00 0.2199
v 197.00 47.59 0.1191
v 195.11 50.00 0.2916
v 195.96 51.00 0.1699
v 197.00 53.00 0.0409
v 197.00 52.22 0.0553
v 197.00 55.00 0.0169
v 197.00 55.40 0.0149
v 197.24 44.59 0.0560
v 197.24 45.00 0.0656
v 197.23 47.00 0.0966
v 197.23 47.30 0.0978
v 197.41 52.70 0.0246
v 197.36 53.00 0.0227
v 197.06 55.00 0.0146
vt 2.812 10.833
vt 2.833 10.805
vt 2.833 10.833
vt 2.777 10.877
vt 2.657 11.167
vt 2.833 11.167
vt 2.697 11.500
vt 2.557 11.408
vt 2.833 11.500
vt 2.833 11.590
vt 3.072 10.500
vt 3.167 10.378
vt 3.167 10.500
vt 3.167 10.833
vt 3.167 11.167
vt 3.167 11.500
vt 3.167 11.802
vt 3.138 11.788
vt 3.470 4.500
vt 3.500 4.462
vt 3.500 4.500
vt 3.500 4.833
vt 3.218 4.833
vt 3.177 4.887
vt 3.212 5.167
vt 3.500 5.167
vt 3.242 5.403
vt 3.345 5.500
vt 3.500 5.500
vt 3.500 5.647
vt 3.363 10.167
vt 3.500 10.023
vt 3.500 10.167
vt 3.500 10.500
vt 3.182 10.358
vt 3.500 10.833
vt 3.500 11.167
vt 3.500 11.500
vt 3.237 11.833
vt 3.500 11.833
vt 3.500 11.953
vt 3.833 4.360
vt 3.833 4.500
vt 3.513 4.442
vt 3.833 4.833
vt 3.833 5.167
vt 3.833 5.500
vt 3.698 5.833
vt 3.833 5.833
vt 3.833 5.960
vt 3.703 9.833
vt 3.833 9.743
vt 3.833 9.833
vt 3.833 10.167
vt 3.635 9.880
vt 3.833 10.500
vt 3.833 10.833
vt 3.833 11.167
vt 3.833 11.500
vt 3.833 11.833
vt 3.833 12.103
vt 4.167 4.273
vt 4.167 4.500
vt 4.167 4.833
vt 4.167 5.167
vt 4.167 5.500
vt 4.167 5.833
vt 3.857 5.982
vt 4.167 6.167
vt 4.158 6.167
vt 4.167 6.172
vt 4.167 9.513
vt 4.167 9.833
vt 4.167 10.167
vt 4.167 10.500
vt 4.167 10.833
vt 4.167 11.167
vt 4.167 11.500
vt 4.167 11.833
vt 3.872 12.122
vt 4.167 12.167
vt 3.902 12.167
vt 4.123 12.500
vt 4.167 12.500
vt 4.167 12.567
vt 4.500 4.187
vt 4.500 4.500
vt 4.492 4.188
vt 4.500 4.833
vt 4.500 5.167
vt 4.500 5.500
vt 4.500 5.833
vt 4.500 6.167
vt 4.500 6.375
vt 4.295 9.425
vt 4.500 9.323
vt 4.500 9.500
vt 4.187 9.500
vt 4.500 9.833
vt 4.500 10.167
vt 4.500 10.500
vt 4.500 10.833
vt 4.500 11.167
vt 4.500 11.500
vt 4.500 11.833
vt 4.500 12.167
vt 4.500 12.500
vt 4.177 12.582
vt 4.500 12.698
vt 4.550 4.167
vt 4.833 4.058
vt 4.833 4.167
vt 4.833 4.500
vt 4.833 4.833
vt 4.833 5.167
vt 4.833 5.500
vt 4.833 5.833
vt 4.833 6.167
vt 4.705 6.500
vt 4.833 6.500
vt 4.772 6.542
vt 4.833 6.833
vt 4.812 6.833
vt 4.823 6.925
vt 4.833 6.938
vt 4.762 7.500
vt 4.833 7.462
vt 4.833 7.500
vt 4.833 7.833
vt 4.588 7.833
vt 4.530 7.625
vt 4.628 7.983
vt 4.805 8.167
vt 4.833 8.167
vt 4.833 8.195
vt 4.820 9.167
vt 4.833 9.160
vt 4.833 9.167
vt 4.833 9.500
vt 4.833 9.833
vt 4.833 10.167
vt 4.833 10.500
vt 4.833 10.833
vt 4.833 11.167
vt 4.833 11.500
vt 4.833 11.833
vt 4.833 12.167
vt 4.833 12.500
vt 4.833 12.817
vt 5.167 3.930
vt 5.167 4.167
vt 5.167 4.500
vt 5.167 4.833
vt 5.167 5.167
vt 5.167 5.500
vt 5.167 5.833
vt 5.167 6.167
vt 5.167 6.500
vt 5.167 6.833
vt 5.003 7.167
vt 5.167 7.167
vt 5.112 7.312
vt 5.167 7.500
vt 5.167 7.833
vt 5.167 8.167
vt 4.967 8.333
vt 5.167 8.500
vt 5.010 8.500
vt 5.055 8.672
vt 5.098 8.833
vt 5.167 8.833
vt 5.143 9.007
vt 5.167 9.167
vt 5.167 9.500
vt 5.167 9.833
vt 5.167 10.167
vt 5.167 10.500
vt 5.167 10.833
vt 5.167 11.167
vt 5.167 11.500
vt 5.167 11.833
vt 5.167 12.167
vt 5.167 12.500
vt 4.880 12.833
vt 5.167 12.833
vt 5.002 12.877
vt 5.167 13.167
vt 4.992 13.167
vt 5.167 13.500
vt 4.980 13.500
vt 4.978 13.525
vt 5.167 13.613
vt 5.377 3.833
vt 5.500 3.767
vt 5.500 3.833
vt 5.500 4.167
vt 5.268 3.890
vt 5.500 4.500
vt 5.500 4.833
vt 5.500 5.167
vt 5.500 5.500
vt 5.500 5.833
vt 5.500 6.167
vt 5.500 6.500
vt 5.500 6.833
vt 5.500 7.167
vt 5.500 7.500
vt 5.500 7.833
vt 5.500 8.167
vt 5.500 8.500
vt 5.500 8.833
vt 5.500 9.167
vt 5.500 9.500
vt 5.500 9.833
vt 5.500 10.167
vt 5.500 10.500
vt 5.500 10.833
vt 5.500 11.167
vt 5.500 11.500
vt 5.500 11.833
vt 5.500 12.167
vt 5.500 12.500
vt 5.500 12.833
vt 5.500 13.167
vt 5.500 13.500
vt 5.500 13.772
vt 5.833 3.590
vt 5.833 3.833
vt 5.833 4.167
vt 5.833 4.500
vt 5.833 4.833
vt 5.833 5.167
vt 5.833 5.500
vt 5.833 5.833
vt 5.833 6.167
vt 5.833 6.500
vt 5.833 6.833
vt 5.833 7.167
vt 5.833 7.500
vt 5.833 7.833
vt 5.833 8.167
vt 5.833 8.500
vt 5.833 8.833
vt 5.833 9.167
vt 5.833 9.500
vt 5.833 9.833
vt 5.833 10.167
vt 5.833 10.500
vt 5.833 10.833
vt 5.833 11.167
vt 5.833 11.500
vt 5.833 11.833
vt 5.833 12.167
vt 5.833 12.500
vt 5.833 12.833
vt 5.833 13.167
vt 5.833 13.500
vt 5.630 13.833
vt 5.833 13.833
vt 5.732 13.882
vt 5.833 14.115
vt 5.987 3.500
vt 6.167 3.387
vt 6.167 3.500
vt 6.167 3.833
vt 5.913 3.547
vt 6.167 4.167
vt 6.167 4.500
vt 6.167 4.833
vt 6.167 5.167
vt 6.167 5.500
vt 6.167 5.833
vt 6.167 6.167
vt 6.167 6.500
vt 6.167 6.833
vt 6.167 7.167
vt 6.167 7.500
vt 6.167 7.833
vt 6.167 8.167
vt 6.167 8.500
vt 6.167 8.833
vt 6.167 9.167
vt 6.167 9.500
vt 6.167 9.833
vt 6.167 10.167
vt 6.167 10.500
vt 6.167 10.833
vt 6.167 11.167
vt 6.167 11.500
vt 6.167 11.833
vt 6.167 12.167
vt 6.167 12.500
vt 6.167 12.833
vt 6.167 13.167
vt 6.167 13.500
vt 6.167 13.833
vt 5.855 14.167
vt 6.167 14.167
vt 6.000 14.500
vt 6.167 14.500
vt 6.008 14.520
vt 6.167 14.558
vt 6.500 3.177
vt 6.500 3.500
vt 6.500 3.833
vt 6.500 4.167
vt 6.500 4.500
vt 6.500 4.833
vt 6.500 5.167
vt 6.500 5.500
vt 6.500 5.833
vt 6.500 6.167
vt 6.500 6.500
vt 6.500 6.833
vt 6.500 7.167
vt 6.500 7.500
vt 6.500 7.833
vt 6.500 8.167
vt 6.500 8.500
vt 6.500 8.833
vt 6.500 9.167
vt 6.500 9.500
vt 6.500 9.833
vt 6.500 10.167
vt 6.500 10.500
vt 6.500 10.833
vt 6.500 11.167
vt 6.500 11.500
vt 6.500 11.833
vt 6.500 12.167
vt 6.500 12.500
vt 6.500 12.833
vt 6.500 13.167
vt 6.500 13.500
vt 6.500 13.833
vt 6.500 14.167
vt 6.500 14.500
vt 6.500 14.640
vt 6.743 2.833
vt 6.833 2.702
vt 6.833 2.833
vt 6.833 3.167
vt 6.515 3.167
vt 6.833 3.500
vt 6.513 3.170
vt 6.833 3.833
vt 6.833 4.167
vt 6.833 4.500
vt 6.833 4.833
vt 6.833 5.167
vt 6.833 5.500
vt 6.833 5.833
vt 6.833 6.167
vt 6.833 6.500
vt 6.833 6.833
vt 6.833 7.167
vt 6.833 7.500
vt 6.833 7.833
vt 6.833 8.167
vt 6.833 8.500
vt 6.833 8.833
vt 6.833 9.167
vt 6.833 9.500
vt 6.833 9.833
vt 6.833 10.167
vt 6.833 10.500
vt 6.833 10.833
vt 6.833 11.167
vt 6.833 11.500
vt 6.833 11.833
vt 6.833 12.167
vt 6.833 12.500
vt 6.833 12.833
vt 6.833 13.167
vt 6.833 13.500
vt 6.833 13.833
vt 6.833 14.167
vt 6.833 14.500
vt 6.833 14.722
vt 6.962 1.833
vt 7.167 1.760
vt 7.167 1.833
vt 7.167 2.167
vt 6.920 2.167
vt 6.948 1.838
vt 7.167 2.500
vt 6.890 2.500
vt 7.167 2.833
vt 6.878 2.637
vt 7.167 3.167
vt 7.167 3.500
vt 7.167 3.833
vt 7.167 4.167
vt 7.167 4.500
vt 7.167 4.833
vt 7.167 5.167
vt 7.167 5.500
vt 7.167 5.833
vt 7.167 6.167
vt 7.167 6.500
vt 7.167 6.833
vt 7.167 7.167
vt 7.167 7.500
vt 7.167 7.833
vt 7.167 8.167
vt 7.167 8.500
vt 7.167 8.833
vt 7.167 9.167
vt 7.167 9.500
vt 7.167 9.833
vt 7.167 10.167
vt 7.167 10.500
vt 7.167 10.833
vt 7.167 11.167
vt 7.167 11.500
vt 7.167 11.833
vt 7.167 12.167
vt 7.167 12.500
vt 7.167 12.833
vt 7.167 13.167
vt 7.167 13.500
vt 7.167 13.833
vt 7.167 14.167
vt 7.167 14.500
vt 7.038 14.772
vt 7.167 14.833
vt 7.143 14.833
vt 7.167 14.847
vt 7.500 1.640
vt 7.500 1.833
vt 7.500 2.167
vt 7.500 2.500
vt 7.500 2.833
vt 7.500 3.167
vt 7.500 3.500
vt 7.500 3.833
vt 7.500 4.167
vt 7.500 4.500
vt 7.500 4.833
vt 7.500 5.167
vt 7.500 5.500
vt 7.500 5.833
vt 7.500 6.167
vt 7.500 6.500
vt 7.500 6.833
vt 7.500 7.167
vt 7.500 7.500
vt 7.500 7.833
vt 7.500 8.167
vt 7.500 8.500
vt 7.500 8.833
vt 7.500 9.167
vt 7.500 9.500
vt 7.500 9.833
vt 7.500 10.167
vt 7.500 10.500
vt 7.500 10.833
vt 7.500 11.167
vt 7.500 11.500
vt 7.500 11.833
vt 7.500 12.167
vt 7.500 12.500
vt 7.500 12.833
vt 7.500 13.167
vt 7.500 13.500
vt 7.500 13.833
vt 7.500 14.167
vt 7.500 14.500
vt 7.500 14.833
vt 7.500 15.040
vt 7.833 1.522
vt 7.833 1.833
vt 7.833 2.167
vt 7.833 2.500
vt 7.833 2.833
vt 7.833 3.167
vt 7.833 3.500
vt 7.833 3.833
vt 7.833 4.167
vt 7.833 4.500
vt 7.833 4.833
vt 7.833 5.167
vt 7.833 5.500
vt 7.833 5.833
vt 7.833 6.167
vt 7.833 6.500
vt 7.833 6.833
vt 7.833 7.167
vt 7.833 7.500
vt 7.833 7.833
vt 7.833 8.167
vt 7.833 8.500
vt 7.833 8.833
vt 7.833 9.167
vt 7.833 9.500
vt 7.833 9.833
vt 7.833 10.167
vt 7.833 10.500
vt 7.833 10.833
vt 7.833 11.167
vt 7.833 11.500
vt 7.833 11.833
vt 7.833 12.167
vt 7.833 12.500
vt 7.833 12.833
vt 7.833 13.167
vt 7.833 13.500
vt 7.833 13.833
vt 7.833 14.167
vt 7.833 14.500
vt 7.833 14.833
vt 7.717 15.167
vt 7.833 15.167
vt 7.800 15.215
vt 7.833 15.220
vt 7.895 1.500
vt 8.167 1.403
vt 8.167 1.500
vt 8.167 1.833
vt 7.873 1.507
vt 8.167 2.167
vt 8.167 2.500
vt 8.167 2.833
vt 8.167 3.167
vt 8.167 3.500
vt 8.167 3.833
vt 8.167 4.167
vt 8.167 4.500
vt 8.167 4.833
vt 8.167 5.167
vt 8.167 5.500
vt 8.167 5.833
vt 8.167 6.167
vt 8.167 6.500
vt 8.167 6.833
vt 8.167 7.167
vt 8.167 7.500
vt 8.167 7.833
vt 8.167 8.167
vt 8.167 8.500
vt 8.167 8.833
vt 8.167 9.167
vt 8.167 9.500
vt 8.167 9.833
vt 8.167 10.167
vt 8.167 10.500
vt 8.167 10.833
vt 8.167 11.167
vt 8.167 11.500
vt 8.167 11.833
vt 8.167 12.167
vt 8.167 12.500
vt 8.167 12.833
vt 8.167 13.167
vt 8.167 13.500
vt 8.167 13.833
vt 8.167 14.167
vt 8.167 14.500
vt 8.167 14.833
vt 8.167 15.167
vt 8.167 15.273
vt 8.500 1.287
vt 8.500 1.500
vt 8.500 1.833
vt 8.500 2.167
vt 8.500 2.500
vt 8.500 2.833
vt 8.500 3.167
vt 8.500 3.500
vt 8.500 3.833
vt 8.500 4.167
vt 8.500 4.500
vt 8.500 4.833
vt 8.500 5.167
vt 8.500 5.500
vt 8.500 5.833
vt 8.500 6.167
vt 8.500 6.500
vt 8.500 6.833
vt 8.500 7.167
vt 8.500 7.500
vt 8.500 7.833
vt 8.500 8.167
vt 8.500 8.500
vt 8.500 8.833
vt 8.500 9.167
vt 8.500 9.500
vt 8.500 9.833
vt 8.500 10.167
vt 8.500 10.500
vt 8.500 10.833
vt 8.500 11.167
vt 8.500 11.500
vt 8.500 11.833
vt 8.500 12.167
vt 8.500 12.500
vt 8.500 12.833
vt 8.500 13.167
vt 8.500 13.500
vt 8.500 13.833
vt 8.500 14.167
vt 8.500 14.500
vt 8.500 14.833
vt 8.500 15.167
vt 8.500 15.325
vt 8.833 1.282
vt 8.833 1.500
vt 8.547 1.270
vt 8.833 1.833
vt 8.833 2.167
vt 8.833 2.500
vt 8.833 2.833
vt 8.833 3.167
vt 8.833 3.500
vt 8.833 3.833
vt 8.833 4.167
vt 8.833 4.500
vt 8.833 4.833
vt 8.833 5.167
vt 8.833 5.500
vt 8.833 5.833
vt 8.833 6.167
vt 8.833 6.500
vt 8.833 6.833
vt 8.833 7.167
vt 8.833 7.500
vt 8.833 7.833
vt 8.833 8.167
vt 8.833 8.500
vt 8.833 8.833
vt 8.833 9.167
vt 8.833 9.500
vt 8.833 9.833
vt 8.833 10.167
vt 8.833 10.500
vt 8.833 10.833
vt 8.833 11.167
vt 8.833 11.500
vt 8.833 11.833
vt 8.833 12.167
vt 8.833 12.500
vt 8.833 12.833
vt 8.833 13.167
vt 8.833 13.500
vt 8.833 13.833
vt 8.833 14.167
vt 8.833 14.500
vt 8.833 14.833
vt 8.833 15.167
vt 8.778 15.368
vt 8.833 15.363
vt 9.167 1.295
vt 9.167 1.500
vt 9.167 1.833
vt 9.167 2.167
vt 9.167 2.500
vt 9.167 2.833
vt 9.167 3.167
vt 9.167 3.500
vt 9.167 3.833
vt 9.167 4.167
vt 9.167 4.500
vt 9.167 4.833
vt 9.167 5.167
vt 9.167 5.500
vt 9.167 5.833
vt 9.167 6.167
vt 9.167 6.500
vt 9.167 6.833
vt 9.167 7.167
vt 9.167 7.500
vt 9.167 7.833
vt 9.167 8.167
vt 9.167 8.500
vt 9.167 8.833
vt 9.167 9.167
vt 9.167 9.500
vt 9.167 9.833
vt 9.167 10.167
vt 9.167 10.500
vt 9.167 10.833
vt 9.167 11.167
vt 9.167 11.500
vt 9.167 11.833
vt 9.167 12.167
vt 9.167 12.500
vt 9.167 12.833
vt 9.167 13.167
vt 9.167 13.500
vt 9.167 13.833
vt 9.167 14.167
vt 9.167 14.500
vt 9.167 14.833
vt 9.167 15.167
vt 9.167 15.338
vt 9.500 1.308
vt 9.500 1.500
vt 9.500 1.833
vt 9.500 2.167
vt 9.500 2.500
vt 9.500 2.833
vt 9.500 3.167
vt 9.500 3.500
vt 9.500 3.833
vt 9.500 4.167
vt 9.500 4.500
vt 9.500 4.833
vt 9.500 5.167
vt 9.500 5.500
vt 9.500 5.833
vt 9.500 6.167
vt 9.500 6.500
vt 9.500 6.833
vt 9.500 7.167
vt 9.500 7.500
vt 9.500 7.833
vt 9.500 8.167
vt 9.500 8.500
vt 9.500 8.833
vt 9.500 9.167
vt 9.500 9.500
vt 9.500 9.833
vt 9.500 10.167
vt 9.500 10.500
vt 9.500 10.833
vt 9.500 11.167
vt 9.500 11.500
vt 9.500 11.833
vt 9.500 12.167
vt 9.500 12.500
vt 9.500 12.833
vt 9.500 13.167
vt 9.500 13.500
vt 9.500 13.833
vt 9.500 14.167
vt 9.500 14.500
vt 9.500 14.833
vt 9.500 15.167
vt 9.500 15.312
vt 9.833 1.315
vt 9.833 1.500
vt 9.665 1.315
vt 9.833 1.833
vt 9.833 2.167
vt 9.833 2.500
vt 9.833 2.833
vt 9.833 3.167
vt 9.833 3.500
vt 9.833 3.833
vt 9.833 4.167
vt 9.833 4.500
vt 9.833 4.833
vt 9.833 5.167
vt 9.833 5.500
vt 9.833 5.833
vt 9.833 6.167
vt 9.833 6.500
vt 9.833 6.833
vt 9.833 7.167
vt 9.833 7.500
vt 9.833 7.833
vt 9.833 8.167
vt 9.833 8.500
vt 9.833 8.833
vt 9.833 9.167
vt 9.833 9.500
vt 9.833 9.833
vt 9.833 10.167
vt 9.833 10.500
vt 9.833 10.833
vt 9.833 11.167
vt 9.833 11.500
vt 9.833 11.833
vt 9.833 12.167
vt 9.833 12.500
vt 9.833 12.833
vt 9.833 13.167
vt 9.833 13.500
vt 9.833 13.833
vt 9.833 14.167
vt 9.833 14.500
vt 9.833 14.833
vt 9.833 15.167
vt 9.807 15.288
vt 9.833 15.288
vt 10.167 1.313
vt 10.167 1.500
vt 10.167 1.833
vt 10.167 2.167
vt 10.167 2.500
vt 10.167 2.833
vt 10.167 3.167
vt 10.167 3.500
vt 10.167 3.833
vt 10.167 4.167
vt 10.167 4.500
vt 10.167 4.833
vt 10.167 5.167
vt 10.167 5.500
vt 10.167 5.833
vt 10.167 6.167
vt 10.167 6.500
vt 10.167 6.833
vt 10.167 7.167
vt 10.167 7.500
vt 10.167 7.833
vt 10.167 8.167
vt 10.167 8.500
vt 10.167 8.833
vt 10.167 9.167
vt 10.167 9.500
vt 10.167 9.833
vt 10.167 10.167
vt 10.167 10.500
vt 10.167 10.833
vt 10.167 11.167
vt 10.167 11.500
vt 10.167 11.833
vt 10.167 12.167
vt 10.167 12.500
vt 10.167 12.833
vt 10.167 13.167
vt 10.167 13.500
vt 10.167 13.833
vt 10.167 14.167
vt 10.167 14.500
vt 10.167 14.833
vt 10.167 15.167
vt 10.167 15.292
vt 10.500 1.312
vt 10.500 1.500
vt 10.500 1.833
vt 10.500 2.167
vt 10.500 2.500
vt 10.500 2.833
vt 10.500 3.167
vt 10.500 3.500
vt 10.500 3.833
vt 10.500 4.167
vt 10.500 4.500
vt 10.500 4.833
vt 10.500 5.167
vt 10.500 5.500
vt 10.500 5.833
vt 10.500 6.167
vt 10.500 6.500
vt 10.500 6.833
vt 10.500 7.167
vt 10.500 7.500
vt 10.500 7.833
vt 10.500 8.167
vt 10.500 8.500
vt 10.500 8.833
vt 10.500 9.167
vt 10.500 9.500
vt 10.500 9.833
vt 10.500 10.167
vt 10.500 10.500
vt 10.500 10.833
vt 10.500 11.167
vt 10.500 11.500
vt 10.500 11.833
vt 10.500 12.167
vt 10.500 12.500
vt 10.500 12.833
vt 10.500 13.167
vt 10.500 13.500
vt 10.500 13.833
vt 10.500 14.167
vt 10.500 14.500
vt 10.500 14.833
vt 10.500 15.167
vt 10.500 15.297
vt 10.833 1.310
vt 10.833 1.500
vt 10.783 1.312
vt 10.833 1.833
vt 10.833 2.167
vt 10.833 2.500
vt 10.833 2.833
vt 10.833 3.167
vt 10.833 3.500
vt 10.833 3.833
vt 10.833 4.167
vt 10.833 4.500
vt 10.833 4.833
vt 10.833 5.167
vt 10.833 5.500
vt 10.833 5.833
vt 10.833 6.167
vt 10.833 6.500
vt 10.833 6.833
vt 10.833 7.167
vt 10.833 7.500
vt 10.833 7.833
vt 10.833 8.167
vt 10.833 8.500
vt 10.833 8.833
vt 10.833 9.167
vt 10.833 9.500
vt 10.833 9.833
vt 10.833 10.167
vt 10.833 10.500
vt 10.833 10.833
vt 10.833 11.167
vt 10.833 11.500
vt 10.833 11.833
vt 10.833 12.167
vt 10.833 12.500
vt 10.833 12.833
vt 10.833 13.167
vt 10.833 13.500
vt 10.833 13.833
vt 10.833 14.167
vt 10.833 14.500
vt 10.833 14.833
vt 10.833 15.167
vt 10.775 15.300
vt 10.833 15.292
vt 11.167 1.297
vt 11.167 1.500
vt 11.167 1.833
vt 11.167 2.167
vt 11.167 2.500
vt 11.167 2.833
vt 11.167 3.167
vt 11.167 3.500
vt 11.167 3.833
vt 11.167 4.167
vt 11.167 4.500
vt 11.167 4.833
vt 11.167 5.167
vt 11.167 5.500
vt 11.167 5.833
vt 11.167 6.167
vt 11.167 6.500
vt 11.167 6.833
vt 11.167 7.167
vt 11.167 7.500
vt 11.167 7.833
vt 11.167 8.167
vt 11.167 8.500
vt 11.167 8.833
vt 11.167 9.167
vt 11.167 9.500
vt 11.167 9.833
vt 11.167 10.167
vt 11.167 10.500
vt 11.167 10.833
vt 11.167 11.167
vt 11.167 11.500
vt 11.167 11.833
vt 11.167 12.167
vt 11.167 12.500
vt 11.167 12.833
vt 11.167 13.167
vt 11.167 13.500
vt 11.167 13.833
vt 11.167 14.167
vt 11.167 14.500
vt 11.167 14.833
vt 11.167 15.167
vt 11.167 15.242
vt 11.500 1.283
vt 11.500 1.500
vt 11.500 1.833
vt 11.500 2.167
vt 11.500 2.500
vt 11.500 2.833
vt 11.500 3.167
vt 11.500 3.500
vt 11.500 3.833
vt 11.500 4.167
vt 11.500 4.500
vt 11.500 4.833
vt 11.500 5.167
vt 11.500 5.500
vt 11.500 5.833
vt 11.500 6.167
vt 11.500 6.500
vt 11.500 6.833
vt 11.500 7.167
vt 11.500 7.500
vt 11.500 7.833
vt 11.500 8.167
vt 11.500 8.500
vt 11.500 8.833
vt 11.500 9.167
vt 11.500 9.500
vt 11.500 9.833
vt 11.500 10.167
vt 11.500 10.500
vt 11.500 10.833
vt 11.500 11.167
vt 11.500 11.500
vt 11.500 11.833
vt 11.500 12.167
vt 11.500 12.500
vt 11.500 12.833
vt 11.500 13.167
vt 11.500 13.500
vt 11.500 13.833
vt 11.500 14.167
vt 11.500 14.500
vt 11.500 14.833
vt 11.500 15.167
vt 11.500 15.192
vt 11.833 1.270
vt 11.833 1.500
vt 11.833 1.833
vt 11.833 2.167
vt 11.833 2.500
vt 11.833 2.833
vt 11.833 3.167
vt 11.833 3.500
vt 11.833 3.833
vt 11.833 4.167
vt 11.833 4.500
vt 11.833 4.833
vt 11.833 5.167
vt 11.833 5.500
vt 11.833 5.833
vt 11.833 6.167
vt 11.833 6.500
vt 11.833 6.833
vt 11.833 7.167
vt 11.833 7.500
vt 11.833 7.833
vt 11.833 8.167
vt 11.833 8.500
vt 11.833 8.833
vt 11.833 9.167
vt 11.833 9.500
vt 11.833 9.833
vt 11.833 10.167
vt 11.833 10.500
vt 11.833 10.833
vt 11.833 11.167
vt 11.833 11.500
vt 11.833 11.833
vt 11.833 12.167
vt 11.833 12.500
vt 11.833 12.833
vt 11.833 13.167
vt 11.833 13.500
vt 11.833 13.833
vt 11.833 14.167
vt 11.833 14.500
vt 11.833 14.833
vt 11.665 15.167
vt 11.833 15.142
vt 12.167 1.283
vt 12.167 1.500
vt 11.890 1.268
vt 12.167 1.833
vt 12.167 2.167
vt 12.167 2.500
vt 12.167 2.833
vt 12.167 3.167
vt 12.167 3.500
vt 12.167 3.833
vt 12.167 4.167
vt 12.167 4.500
vt 12.167 4.833
vt 12.167 5.167
vt 12.167 5.500
vt 12.167 5.833
vt 12.167 6.167
vt 12.167 6.500
vt 12.167 6.833
vt 12.167 7.167
vt 12.167 7.500
vt 12.167 7.833
vt 12.167 8.167
vt 12.167 8.500
vt 12.167 8.833
vt 12.167 9.167
vt 12.167 9.500
vt 12.167 9.833
vt 12.167 10.167
vt 12.167 10.500
vt 12.167 10.833
vt 12.167 11.167
vt 12.167 11.500
vt 12.167 11.833
vt 12.167 12.167
vt 12.167 12.500
vt 12.167 12.833
vt 12.167 13.167
vt 12.167 13.500
vt 12.167 13.833
vt 12.167 14.167
vt 12.167 14.500
vt 12.167 14.833
vt 12.027 15.112
vt 12.167 15.113
vt 12.500 1.302
vt 12.500 1.500
vt 12.500 1.833
vt 12.500 2.167
vt 12.500 2.500
vt 12.500 2.833
vt 12.500 3.167
vt 12.500 3.500
vt 12.500 3.833
vt 12.500 4.167
vt 12.500 4.500
vt 12.500 4.833
vt 12.500 5.167
vt 12.500 5.500
vt 12.500 5.833
vt 12.500 6.167
vt 12.500 6.500
vt 12.500 6.833
vt 12.500 7.167
vt 12.500 7.500
vt 12.500 7.833
vt 12.500 8.167
vt 12.500 8.500
vt 12.500 8.833
vt 12.500 9.167
vt 12.500 9.500
vt 12.500 9.833
vt 12.500 10.167
vt 12.500 10.500
vt 12.500 10.833
vt 12.500 11.167
vt 12.500 11.500
vt 12.500 11.833
vt 12.500 12.167
vt 12.500 12.500
vt 12.500 12.833
vt 12.500 13.167
vt 12.500 13.500
vt 12.500 13.833
vt 12.500 14.167
vt 12.500 14.500
vt 12.500 14.833
vt 12.500 15.117
vt 12.833 1.320
vt 12.833 1.500
vt 12.833 1.833
vt 12.833 2.167
vt 12.833 2.500
vt 12.833 2.833
vt 12.833 3.167
vt 12.833 3.500
vt 12.833 3.833
vt 12.833 4.167
vt 12.833 4.500
vt 12.833 4.833
vt 12.833 5.167
vt 12.833 5.500
vt 12.833 5.833
vt 12.833 6.167
vt 12.833 6.500
vt 12.833 6.833
vt 12.833 7.167
vt 12.833 7.500
vt 12.833 7.833
vt 12.833 8.167
vt 12.833 8.500
vt 12.833 8.833
vt 12.833 9.167
vt 12.833 9.500
vt 12.833 9.833
vt 12.833 10.167
vt 12.833 10.500
vt 12.833 10.833
vt 12.833 11.167
vt 12.833 11.500
vt 12.833 11.833
vt 12.833 12.167
vt 12.833 12.500
vt 12.833 12.833
vt 12.833 13.167
vt 12.833 13.500
vt 12.833 13.833
vt 12.833 14.167
vt 12.833 14.500
vt 12.833 14.833
vt 12.833 15.120
vt 13.167 1.340
vt 13.167 1.500
vt 13.113 1.335
vt 13.167 1.833
vt 13.167 2.167
vt 13.167 2.500
vt 13.167 2.833
vt 13.167 3.167
vt 13.167 3.500
vt 13.167 3.833
vt 13.167 4.167
vt 13.167 4.500
vt 13.167 4.833
vt 13.167 5.167
vt 13.167 5.500
vt 13.167 5.833
vt 13.167 6.167
vt 13.167 6.500
vt 13.167 6.833
vt 13.167 7.167
vt 13.167 7.500
vt 13.167 7.833
vt 13.167 8.167
vt 13.167 8.500
vt 13.167 8.833
vt 13.167 9.167
vt 13.167 9.500
vt 13.167 9.833
vt 13.167 10.167
vt 13.167 10.500
vt 13.167 10.833
vt 13.167 11.167
vt 13.167 11.500
vt 13.167 11.833
vt 13.167 12.167
vt 13.167 12.500
vt 13.167 12.833
vt 13.167 13.167
vt 13.167 13.500
vt 13.167 13.833
vt 13.167 14.167
vt 13.167 14.500
vt 13.167 14.833
vt 13.167 15.123
vt 13.500 1.368
vt 13.500 1.500
vt 13.500 1.833
vt 13.500 2.167
vt 13.500 2.500
vt 13.500 2.833
vt 13.500 3.167
vt 13.500 3.500
vt 13.500 3.833
vt 13.500 4.167
vt 13.500 4.500
vt 13.500 4.833
vt 13.500 5.167
vt 13.500 5.500
vt 13.500 5.833
vt 13.500 6.167
vt 13.500 6.500
vt 13.500 6.833
vt 13.500 7.167
vt 13.500 7.500
vt 13.500 7.833
vt 13.500 8.167
vt 13.500 8.500
vt 13.500 8.833
vt 13.500 9.167
vt 13.500 9.500
vt 13.500 9.833
vt 13.500 10.167
vt 13.500 10.500
vt 13.500 10.833
vt 13.500 11.167
vt 13.500 11.500
vt 13.500 11.833
vt 13.500 12.167
vt 13.500 12.500
vt 13.500 12.833
vt 13.500 13.167
vt 13.500 13.500
vt 13.500 13.833
vt 13.500 14.167
vt 13.500 14.500
vt 13.500 14.833
vt 13.255 15.123
vt 13.500 15.128
vt 13.833 1.397
vt 13.833 1.500
vt 13.833 1.833
vt 13.833 2.167
vt 13.833 2.500
vt 13.833 2.833
vt 13.833 3.167
vt 13.833 3.500
vt 13.833 3.833
vt 13.833 4.167
vt 13.833 4.500
vt 13.833 4.833
vt 13.833 5.167
vt 13.833 5.500
vt 13.833 5.833
vt 13.833 6.167
vt 13.833 6.500
vt 13.833 6.833
vt 13.833 7.167
vt 13.833 7.500
vt 13.833 7.833
vt 13.833 8.167
vt 13.833 8.500
vt 13.833 8.833
vt 13.833 9.167
vt 13.833 9.500
vt 13.833 9.833
vt 13.833 10.167
vt 13.833 10.500
vt 13.833 10.833
vt 13.833 11.167
vt 13.833 11.500
vt 13.833 11.833
vt 13.833 12.167
vt 13.833 12.500
vt 13.833 12.833
vt 13.833 13.167
vt 13.833 13.500
vt 13.833 13.833
vt 13.833 14.167
vt 13.833 14.500
vt 13.833 14.833
vt 13.833 15.135
vt 14.167 1.425
vt 14.167 1.500
vt 14.167 1.833
vt 14.167 2.167
vt 14.167 2.500
vt 14.167 2.833
vt 14.167 3.167
vt 14.167 3.500
vt 14.167 3.833
vt 14.167 4.167
vt 14.167 4.500
vt 14.167 4.833
vt 14.167 5.167
vt 14.167 5.500
vt 14.167 5.833
vt 14.167 6.167
vt 14.167 6.500
vt 14.167 6.833
vt 14.167 7.167
vt 14.167 7.500
vt 14.167 7.833
vt 14.167 8.167
vt 14.167 8.500
vt 14.167 8.833
vt 14.167 9.167
vt 14.167 9.500
vt 14.167 9.833
vt 14.167 10.167
vt 14.167 10.500
vt 14.167 10.833
vt 14.167 11.167
vt 14.167 11.500
vt 14.167 11.833
vt 14.167 12.167
vt 14.167 12.500
vt 14.167 12.833
vt 14.167 13.167
vt 14.167 13.500
vt 14.167 13.833
vt 14.167 14.167
vt 14.167 14.500
vt 14.167 14.833
vt 14.167 15.142
vt 14.500 1.443
vt 14.500 1.500
vt 14.412 1.447
vt 14.500 1.833
vt 14.500 2.167
vt 14.500 2.500
vt 14.500 2.833
vt 14.500 3.167
vt 14.500 3.500
vt 14.500 3.833
vt 14.500 4.167
vt 14.500 4.500
vt 14.500 4.833
vt 14.500 5.167
vt 14.500 5.500
vt 14.500 5.833
vt 14.500 6.167
vt 14.500 6.500
vt 14.500 6.833
vt 14.500 7.167
vt 14.500 7.500
vt 14.500 7.833
vt 14.500 8.167
vt 14.500 8.500
vt 14.500 8.833
vt 14.500 9.167
vt 14.500 9.500
vt 14.500 9.833
vt 14.500 10.167
vt 14.500 10.500
vt 14.500 10.833
vt 14.500 11.167
vt 14.500 11.500
vt 14.500 11.833
vt 14.500 12.167
vt 14.500 12.500
vt 14.500 12.833
vt 14.500 13.167
vt 14.500 13.500
vt 14.500 13.833
vt 14.500 14.167
vt 14.500 14.500
vt 14.500 14.833
vt 14.500 15.148
vt 14.833 1.433
vt 14.833 1.500
vt 14.833 1.833
vt 14.833 2.167
vt 14.833 2.500
vt 14.833 2.833
vt 14.833 3.167
vt 14.833 3.500
vt 14.833 3.833
vt 14.833 4.167
vt 14.833 4.500
vt 14.833 4.833
vt 14.833 5.167
vt 14.833 5.500
vt 14.833 5.833
vt 14.833 6.167
vt 14.833 6.500
vt 14.833 6.833
vt 14.833 7.167
vt 14.833 7.500
vt 14.833 7.833
vt 14.833 8.167
vt 14.833 8.500
vt 14.833 8.833
vt 14.833 9.167
vt 14.833 9.500
vt 14.833 9.833
vt 14.833 10.167
vt 14.833 10.500
vt 14.833 10.833
vt 14.833 11.167
vt 14.833 11.500
vt 14.833 11.833
vt 14.833 12.167
vt 14.833 12.500
vt 14.833 12.833
vt 14.833 13.167
vt 14.833 13.500
vt 14.833 13.833
vt 14.833 14.167
vt 14.833 14.500
vt 14.833 14.833
vt 14.558 15.150
vt 14.722 15.167
vt 14.833 15.167
vt 14.833 15.178
vt 15.167 1.423
vt 15.167 1.500
vt 15.167 1.833
vt 15.167 2.167
vt 15.167 2.500
vt 15.167 2.833
vt 15.167 3.167
vt 15.167 3.500
vt 15.167 3.833
vt 15.167 4.167
vt 15.167 4.500
vt 15.167 4.833
vt 15.167 5.167
vt 15.167 5.500
vt 15.167 5.833
vt 15.167 6.167
vt 15.167 6.500
vt 15.167 6.833
vt 15.167 7.167
vt 15.167 7.500
vt 15.167 7.833
vt 15.167 8.167
vt 15.167 8.500
vt 15.167 8.833
vt 15.167 9.167
vt 15.167 9.500
vt 15.167 9.833
vt 15.167 10.167
vt 15.167 10.500
vt 15.167 10.833
vt 15.167 11.167
vt 15.167 11.500
vt 15.167 11.833
vt 15.167 12.167
vt 15.167 12.500
vt 15.167 12.833
vt 15.167 13.167
vt 15.167 13.500
vt 15.167 13.833
vt 15.167 14.167
vt 15.167 14.500
vt 15.167 14.833
vt 15.167 15.167
vt 15.167 15.213
vt 15.500 1.413
vt 15.500 1.500
vt 15.500 1.833
vt 15.500 2.167
vt 15.500 2.500
vt 15.500 2.833
vt 15.500 3.167
vt 15.500 3.500
vt 15.500 3.833
vt 15.500 4.167
vt 15.500 4.500
vt 15.500 4.833
vt 15.500 5.167
vt 15.500 5.500
vt 15.500 5.833
vt 15.500 6.167
vt 15.500 6.500
vt 15.500 6.833
vt 15.500 7.167
vt 15.500 7.500
vt 15.500 7.833
vt 15.500 8.167
vt 15.500 8.500
vt 15.500 8.833
vt 15.500 9.167
vt 15.500 9.500
vt 15.500 9.833
vt 15.500 10.167
vt 15.500 10.500
vt 15.500 10.833
vt 15.500 11.167
vt 15.500 11.500
vt 15.500 11.833
vt 15.500 12.167
vt 15.500 12.500
vt 15.500 12.833
vt 15.500 13.167
vt 15.500 13.500
vt 15.500 13.833
vt 15.500 14.167
vt 15.500 14.500
vt 15.500 14.833
vt 15.500 15.167
vt 15.500 15.248
vt 15.833 1.410
vt 15.833 1.500
vt 15.705 1.408
vt 15.833 1.833
vt 15.833 2.167
vt 15.833 2.500
vt 15.833 2.833
vt 15.833 3.167
vt 15.833 3.500
vt 15.833 3.833
vt 15.833 4.167
vt 15.833 4.500
vt 15.833 4.833
vt 15.833 5.167
vt 15.833 5.500
vt 15.833 5.833
vt 15.833 6.167
vt 15.833 6.500
vt 15.833 6.833
vt 15.833 7.167
vt 15.833 7.500
vt 15.833 7.833
vt 15.833 8.167
vt 15.833 8.500
vt 15.833 8.833
vt 15.833 9.167
vt 15.833 9.500
vt 15.833 9.833
vt 15.833 10.167
vt 15.833 10.500
vt 15.833 10.833
vt 15.833 11.167
vt 15.833 11.500
vt 15.833 11.833
vt 15.833 12.167
vt 15.833 12.500
vt 15.833 12.833
vt 15.833 13.167
vt 15.833 13.500
vt 15.833 13.833
vt 15.833 14.167
vt 15.833 14.500
vt 15.833 14.833
vt 15.833 15.167
vt 15.813 15.282
vt 15.833 15.280
vt 16.167 1.417
vt 16.167 1.500
vt 16.167 1.833
vt 16.167 2.167
vt 16.167 2.500
vt 16.167 2.833
vt 16.167 3.167
vt 16.167 3.500
vt 16.167 3.833
vt 16.167 4.167
vt 16.167 4.500
vt 16.167 4.833
vt 16.167 5.167
vt 16.167 5.500
vt 16.167 5.833
vt 16.167 6.167
vt 16.167 6.500
vt 16.167 6.833
vt 16.167 7.167
vt 16.167 7.500
vt 16.167 7.833
vt 16.167 8.167
vt 16.167 8.500
vt 16.167 8.833
vt 16.167 9.167
vt 16.167 9.500
vt 16.167 9.833
vt 16.167 10.167
vt 16.167 10.500
vt 16.167 10.833
vt 16.167 11.167
vt 16.167 11.500
vt 16.167 11.833
vt 16.167 12.167
vt 16.167 12.500
vt 16.167 12.833
vt 16.167 13.167
vt 16.167 13.500
vt 16.167 13.833
vt 16.167 14.167
vt 16.167 14.500
vt 16.167 14.833
vt 16.167 15.167
vt 16.167 15.258
vt 16.500 1.423
vt 16.500 1.500
vt 16.500 1.833
vt 16.500 2.167
vt 16.500 2.500
vt 16.500 2.833
vt 16.500 3.167
vt 16.500 3.500
vt 16.500 3.833
vt 16.500 4.167
vt 16.500 4.500
vt 16.500 4.833
vt 16.500 5.167
vt 16.500 5.500
vt 16.500 5.833
vt 16.500 6.167
vt 16.500 6.500
vt 16.500 6.833
vt 16.500 7.167
vt 16.500 7.500
vt 16.500 7.833
vt 16.500 8.167
vt 16.500 8.500
vt 16.500 8.833
vt 16.500 9.167
vt 16.500 9.500
vt 16.500 9.833
vt 16.500 10.167
vt 16.500 10.500
vt 16.500 10.833
vt 16.500 11.167
vt 16.500 11.500
vt 16.500 11.833
vt 16.500 12.167
vt 16.500 12.500
vt 16.500 12.833
vt 16.500 13.167
vt 16.500 13.500
vt 16.500 13.833
vt 16.500 14.167
vt 16.500 14.500
vt 16.500 14.833
vt 16.500 15.167
vt 16.500 15.237
vt 16.833 1.430
vt 16.833 1.500
vt 16.833 1.833
vt 16.833 2.167
vt 16.833 2.500
vt 16.833 2.833
vt 16.833 3.167
vt 16.833 3.500
vt 16.833 3.833
vt 16.833 4.167
vt 16.833 4.500
vt 16.833 4.833
vt 16.833 5.167
vt 16.833 5.500
vt 16.833 5.833
vt 16.833 6.167
vt 16.833 6.500
vt 16.833 6.833
vt 16.833 7.167
vt 16.833 7.500
vt 16.833 7.833
vt 16.833 8.167
vt 16.833 8.500
vt 16.833 8.833
vt 16.833 9.167
vt 16.833 9.500
vt 16.833 9.833
vt 16.833 10.167
vt 16.833 10.500
vt 16.833 10.833
vt 16.833 11.167
vt 16.833 11.500
vt 16.833 11.833
vt 16.833 12.167
vt 16.833 12.500
vt 16.833 12.833
vt 16.833 13.167
vt 16.833 13.500
vt 16.833 13.833
vt 16.833 14.167
vt 16.833 14.500
vt 16.833 14.833
vt 16.833 15.167
vt 16.833 15.213
vt 17.167 1.450
vt 17.167 1.500
vt 17.000 1.433
vt 17.167 1.833
vt 17.167 2.167
vt 17.167 2.500
vt 17.167 2.833
vt 17.167 3.167
vt 17.167 3.500
vt 17.167 3.833
vt 17.167 4.167
vt 17.167 4.500
vt 17.167 4.833
vt 17.167 5.167
vt 17.167 5.500
vt 17.167 5.833
vt 17.167 6.167
vt 17.167 6.500
vt 17.167 6.833
vt 17.167 7.167
vt 17.167 7.500
vt 17.167 7.833
vt 17.167 8.167
vt 17.167 8.500
vt 17.167 8.833
vt 17.167 9.167
vt 17.167 9.500
vt 17.167 9.833
vt 17.167 10.167
vt 17.167 10.500
vt 17.167 10.833
vt 17.167 11.167
vt 17.167 11.500
vt 17.167 11.833
vt 17.167 12.167
vt 17.167 12.500
vt 17.167 12.833
vt 17.167 13.167
vt 17.167 13.500
vt 17.167 13.833
vt 17.167 14.167
vt 17.167 14.500
vt 17.167 14.833
vt 17.167 15.167
vt 17.000 15.203
vt 17.167 15.235
vt 17.500 1.482
vt 17.500 1.500
vt 17.500 1.833
vt 17.500 2.167
vt 17.500 2.500
vt 17.500 2.833
vt 17.500 3.167
vt 17.500 3.500
vt 17.500 3.833
vt 17.500 4.167
vt 17.500 4.500
vt 17.500 4.833
vt 17.500 5.167
vt 17.500 5.500
vt 17.500 5.833
vt 17.500 6.167
vt 17.500 6.500
vt 17.500 6.833
vt 17.500 7.167
vt 17.500 7.500
vt 17.500 7.833
vt 17.500 8.167
vt 17.500 8.500
vt 17.500 8.833
vt 17.500 9.167
vt 17.500 9.500
vt 17.500 9.833
vt 17.500 10.167
vt 17.500 10.500
vt 17.500 10.833
vt 17.500 11.167
vt 17.500 11.500
vt 17.500 11.833
vt 17.500 12.167
vt 17.500 12.500
vt 17.500 12.833
vt 17.500 13.167
vt 17.500 13.500
vt 17.500 13.833
vt 17.500 14.167
vt 17.500 14.500
vt 17.500 14.833
vt 17.500 15.167
vt 17.500 15.300
vt 17.687 1.500
vt 17.833 1.833
vt 17.833 1.515
vt 17.833 2.167
vt 17.833 2.500
vt 17.833 2.833
vt 17.833 3.167
vt 17.833 3.500
vt 17.833 3.833
vt 17.833 4.167
vt 17.833 4.500
vt 17.833 4.833
vt 17.833 5.167
vt 17.833 5.500
vt 17.833 5.833
vt 17.833 6.167
vt 17.833 6.500
vt 17.833 6.833
vt 17.833 7.167
vt 17.833 7.500
vt 17.833 7.833
vt 17.833 8.167
vt 17.833 8.500
vt 17.833 8.833
vt 17.833 9.167
vt 17.833 9.500
vt 17.833 9.833
vt 17.833 10.167
vt 17.833 10.500
vt 17.833 10.833
vt 17.833 11.167
vt 17.833 11.500
vt 17.833 11.833
vt 17.833 12.167
vt 17.833 12.500
vt 17.833 12.833
vt 17.833 13.167
vt 17.833 13.500
vt 17.833 13.833
vt 17.833 14.167
vt 17.833 14.500
vt 17.833 14.833
vt 17.833 15.167
vt 17.833 15.365
vt 18.167 1.547
vt 18.167 1.833
vt 18.163 1.547
vt 18.167 2.167
vt 18.167 2.500
vt 18.167 2.833
vt 18.167 3.167
vt 18.167 3.500
vt 18.167 3.833
vt 18.167 4.167
vt 18.167 4.500
vt 18.167 4.833
vt 18.167 5.167
vt 18.167 5.500
vt 18.167 5.833
vt 18.167 6.167
vt 18.167 6.500
vt 18.167 6.833
vt 18.167 7.167
vt 18.167 7.500
vt 18.167 7.833
vt 18.167 8.167
vt 18.167 8.500
vt 18.167 8.833
vt 18.167 9.167
vt 18.167 9.500
vt 18.167 9.833
vt 18.167 10.167
vt 18.167 10.500
vt 18.167 10.833
vt 18.167 11.167
vt 18.167 11.500
vt 18.167 11.833
vt 18.167 12.167
vt 18.167 12.500
vt 18.167 12.833
vt 18.167 13.167
vt 18.167 13.500
vt 18.167 13.833
vt 18.167 14.167
vt 18.167 14.500
vt 18.167 14.833
vt 18.167 15.167
vt 18.098 15.417
vt 18.167 15.395
vt 18.500 1.545
vt 18.500 1.833
vt 18.500 2.167
vt 18.500 2.500
vt 18.500 2.833
vt 18.500 3.167
vt 18.500 3.500
vt 18.500 3.833
vt 18.500 4.167
vt 18.500 4.500
vt 18.500 4.833
vt 18.500 5.167
vt 18.500 5.500
vt 18.500 5.833
vt 18.500 6.167
vt 18.500 6.500
vt 18.500 6.833
vt 18.500 7.167
vt 18.500 7.500
vt 18.500 7.833
vt 18.500 8.167
vt 18.500 8.500
vt 18.500 8.833
vt 18.500 9.167
vt 18.500 9.500
vt 18.500 9.833
vt 18.500 10.167
vt 18.500 10.500
vt 18.500 10.833
vt 18.500 11.167
vt 18.500 11.500
vt 18.500 11.833
vt 18.500 12.167
vt 18.500 12.500
vt 18.500 12.833
vt 18.500 13.167
vt 18.500 13.500
vt 18.500 13.833
vt 18.500 14.167
vt 18.500 14.500
vt 18.500 14.833
vt 18.500 15.167
vt 18.500 15.290
vt 18.833 1.543
vt 18.833 1.833
vt 18.833 2.167
vt 18.833 2.500
vt 18.833 2.833
vt 18.833 3.167
vt 18.833 3.500
vt 18.833 3.833
vt 18.833 4.167
vt 18.833 4.500
vt 18.833 4.833
vt 18.833 5.167
vt 18.833 5.500
vt 18.833 5.833
vt 18.833 6.167
vt 18.833 6.500
vt 18.833 6.833
vt 18.833 7.167
vt 18.833 7.500
vt 18.833 7.833
vt 18.833 8.167
vt 18.833 8.500
vt 18.833 8.833
vt 18.833 9.167
vt 18.833 9.500
vt 18.833 9.833
vt 18.833 10.167
vt 18.833 10.500
vt 18.833 10.833
vt 18.833 11.167
vt 18.833 11.500
vt 18.833 11.833
vt 18.833 12.167
vt 18.833 12.500
vt 18.833 12.833
vt 18.833 13.167
vt 18.833 13.500
vt 18.833 13.833
vt 18.833 14.167
vt 18.833 14.500
vt 18.833 14.833
vt 18.833 15.167
vt 18.833 15.183
vt 19.167 1.543
vt 19.167 1.833
vt 19.167 2.167
vt 19.167 2.500
vt 19.167 2.833
vt 19.167 3.167
vt 19.167 3.500
vt 19.167 3.833
vt 19.167 4.167
vt 19.167 4.500
vt 19.167 4.833
vt 19.167 5.167
vt 19.167 5.500
vt 19.167 5.833
vt 19.167 6.167
vt 19.167 6.500
vt 19.167 6.833
vt 19.167 7.167
vt 19.167 7.500
vt 19.167 7.833
vt 19.167 8.167
vt 19.167 8.500
vt 19.167 8.833
vt 19.167 9.167
vt 19.167 9.500
vt 19.167 9.833
vt 19.167 10.167
vt 19.167 10.500
vt 19.167 10.833
vt 19.167 11.167
vt 19.167 11.500
vt 19.167 11.833
vt 19.167 12.167
vt 19.167 12.500
vt 19.167 12.833
vt 19.167 13.167
vt 19.167 13.500
vt 19.167 13.833
vt 19.167 14.167
vt 19.167 14.500
vt 19.167 14.833
vt 18.887 15.167
vt 19.067 15.110
vt 19.167 15.128
vt 19.450 1.500
vt 19.500 1.492
vt 19.500 1.500
vt 19.500 1.833
vt 19.188 1.543
vt 19.500 2.167
vt 19.500 2.500
vt 19.500 2.833
vt 19.500 3.167
vt 19.500 3.500
vt 19.500 3.833
vt 19.500 4.167
vt 19.500 4.500
vt 19.500 4.833
vt 19.500 5.167
vt 19.500 5.500
vt 19.500 5.833
vt 19.500 6.167
vt 19.500 6.500
vt 19.500 6.833
vt 19.500 7.167
vt 19.500 7.500
vt 19.500 7.833
vt 19.500 8.167
vt 19.500 8.500
vt 19.500 8.833
vt 19.500 9.167
vt 19.500 9.500
vt 19.500 9.833
vt 19.500 10.167
vt 19.500 10.500
vt 19.500 10.833
vt 19.500 11.167
vt 19.500 11.500
vt 19.500 11.833
vt 19.500 12.167
vt 19.500 12.500
vt 19.500 12.833
vt 19.500 13.167
vt 19.500 13.500
vt 19.500 13.833
vt 19.500 14.167
vt 19.500 14.500
vt 19.500 14.833
vt 19.392 15.167
vt 19.500 15.167
vt 19.500 15.185
vt 19.833 1.437
vt 19.833 1.500
vt 19.833 1.833
vt 19.833 2.167
vt 19.833 2.500
vt 19.833 2.833
vt 19.833 3.167
vt 19.833 3.500
vt 19.833 3.833
vt 19.833 4.167
vt 19.833 4.500
vt 19.833 4.833
vt 19.833 5.167
vt 19.833 5.500
vt 19.833 5.833
vt 19.833 6.167
vt 19.833 6.500
vt 19.833 6.833
vt 19.833 7.167
vt 19.833 7.500
vt 19.833 7.833
vt 19.833 8.167
vt 19.833 8.500
vt 19.833 8.833
vt 19.833 9.167
vt 19.833 9.500
vt 19.833 9.833
vt 19.833 10.167
vt 19.833 10.500
vt 19.833 10.833
vt 19.833 11.167
vt 19.833 11.500
vt 19.833 11.833
vt 19.833 12.167
vt 19.833 12.500
vt 19.833 12.833
vt 19.833 13.167
vt 19.833 13.500
vt 19.833 13.833
vt 19.833 14.167
vt 19.833 14.500
vt 19.833 14.833
vt 19.833 15.167
vt 19.833 15.243
vt 20.167 1.383
vt 20.167 1.500
vt 20.167 1.833
vt 20.167 2.167
vt 20.167 2.500
vt 20.167 2.833
vt 20.167 3.167
vt 20.167 3.500
vt 20.167 3.833
vt 20.167 4.167
vt 20.167 4.500
vt 20.167 4.833
vt 20.167 5.167
vt 20.167 5.500
vt 20.167 5.833
vt 20.167 6.167
vt 20.167 6.500
vt 20.167 6.833
vt 20.167 7.167
vt 20.167 7.500
vt 20.167 7.833
vt 20.167 8.167
vt 20.167 8.500
vt 20.167 8.833
vt 20.167 9.167
vt 20.167 9.500
vt 20.167 9.833
vt 20.167 10.167
vt 20.167 10.500
vt 20.167 10.833
vt 20.167 11.167
vt 20.167 11.500
vt 20.167 11.833
vt 20.167 12.167
vt 20.167 12.500
vt 20.167 12.833
vt 20.167 13.167
vt 20.167 13.500
vt 20.167 13.833
vt 20.167 14.167
vt 20.167 14.500
vt 20.167 14.833
vt 20.167 15.167
vt 20.167 15.302
vt 20.500 1.450
vt 20.500 1.500
vt 20.205 1.377
vt 20.500 1.833
vt 20.500 2.167
vt 20.500 2.500
vt 20.500 2.833
vt 20.500 3.167
vt 20.500 3.500
vt 20.500 3.833
vt 20.500 4.167
vt 20.500 4.500
vt 20.500 4.833
vt 20.500 5.167
vt 20.500 5.500
vt 20.500 5.833
vt 20.500 6.167
vt 20.500 6.500
vt 20.500 6.833
vt 20.500 7.167
vt 20.500 7.500
vt 20.500 7.833
vt 20.500 8.167
vt 20.500 8.500
vt 20.500 8.833
vt 20.500 9.167
vt 20.500 9.500
vt 20.500 9.833
vt 20.500 10.167
vt 20.500 10.500
vt 20.500 10.833
vt 20.500 11.167
vt 20.500 11.500
vt 20.500 11.833
vt 20.500 12.167
vt 20.500 12.500
vt 20.500 12.833
vt 20.500 13.167
vt 20.500 13.500
vt 20.500 13.833
vt 20.500 14.167
vt 20.500 14.500
vt 20.500 14.833
vt 20.500 15.167
vt 20.213 15.310
vt 20.500 15.252
vt 20.702 1.500
vt 20.833 1.833
vt 20.833 1.532
vt 20.833 2.167
vt 20.833 2.500
vt 20.833 2.833
vt 20.833 3.167
vt 20.833 3.500
vt 20.833 3.833
vt 20.833 4.167
vt 20.833 4.500
vt 20.833 4.833
vt 20.833 5.167
vt 20.833 5.500
vt 20.833 5.833
vt 20.833 6.167
vt 20.833 6.500
vt 20.833 6.833
vt 20.833 7.167
vt 20.833 7.500
vt 20.833 7.833
vt 20.833 8.167
vt 20.833 8.500
vt 20.833 8.833
vt 20.833 9.167
vt 20.833 9.500
vt 20.833 9.833
vt 20.833 10.167
vt 20.833 10.500
vt 20.833 10.833
vt 20.833 11.167
vt 20.833 11.500
vt 20.833 11.833
vt 20.833 12.167
vt 20.833 12.500
vt 20.833 12.833
vt 20.833 13.167
vt 20.833 13.500
vt 20.833 13.833
vt 20.833 14.167
vt 20.833 14.500
vt 20.833 14.833
vt 20.833 15.167
vt 20.833 15.185
vt 21.167 1.615
vt 21.167 1.833
vt 21.167 2.167
vt 21.167 2.500
vt 21.167 2.833
vt 21.167 3.167
vt 21.167 3.500
vt 21.167 3.833
vt 21.167 4.167
vt 21.167 4.500
vt 21.167 4.833
vt 21.167 5.167
vt 21.167 5.500
vt 21.167 5.833
vt 21.167 6.167
vt 21.167 6.500
vt 21.167 6.833
vt 21.167 7.167
vt 21.167 7.500
vt 21.167 7.833
vt 21.167 8.167
vt 21.167 8.500
vt 21.167 8.833
vt 21.167 9.167
vt 21.167 9.500
vt 21.167 9.833
vt 21.167 10.167
vt 21.167 10.500
vt 21.167 10.833
vt 21.167 11.167
vt 21.167 11.500
vt 21.167 11.833
vt 21.167 12.167
vt 21.167 12.500
vt 21.167 12.833
vt 21.167 13.167
vt 21.167 13.500
vt 21.167 13.833
vt 21.167 14.167
vt 21.167 14.500
vt 21.167 14.833
vt 20.923 15.167
vt 21.167 15.118
vt 21.500 1.605
vt 21.500 1.833
vt 21.168 1.615
vt 21.500 2.167
vt 21.500 2.500
vt 21.500 2.833
vt 21.500 3.167
vt 21.500 3.500
vt 21.500 3.833
vt 21.500 4.167
vt 21.500 4.500
vt 21.500 4.833
vt 21.500 5.167
vt 21.500 5.500
vt 21.500 5.833
vt 21.500 6.167
vt 21.500 6.500
vt 21.500 6.833
vt 21.500 7.167
vt 21.500 7.500
vt 21.500 7.833
vt 21.500 8.167
vt 21.500 8.500
vt 21.500 8.833
vt 21.500 9.167
vt 21.500 9.500
vt 21.500 9.833
vt 21.500 10.167
vt 21.500 10.500
vt 21.500 10.833
vt 21.500 11.167
vt 21.500 11.500
vt 21.500 11.833
vt 21.500 12.167
vt 21.500 12.500
vt 21.500 12.833
vt 21.500 13.167
vt 21.500 13.500
vt 21.500 13.833
vt 21.500 14.167
vt 21.500 14.500
vt 21.500 14.833
vt 21.205 15.110
vt 21.500 15.120
vt 21.833 1.595
vt 21.833 1.833
vt 21.833 2.167
vt 21.833 2.500
vt 21.833 2.833
vt 21.833 3.167
vt 21.833 3.500
vt 21.833 3.833
vt 21.833 4.167
vt 21.833 4.500
vt 21.833 4.833
vt 21.833 5.167
vt 21.833 5.500
vt 21.833 5.833
vt 21.833 6.167
vt 21.833 6.500
vt 21.833 6.833
vt 21.833 7.167
vt 21.833 7.500
vt 21.833 7.833
vt 21.833 8.167
vt 21.833 8.500
vt 21.833 8.833
vt 21.833 9.167
vt 21.833 9.500
vt 21.833 9.833
vt 21.833 10.167
vt 21.833 10.500
vt 21.833 10.833
vt 21.833 11.167
vt 21.833 11.500
vt 21.833 11.833
vt 21.833 12.167
vt 21.833 12.500
vt 21.833 12.833
vt 21.833 13.167
vt 21.833 13.500
vt 21.833 13.833
vt 21.833 14.167
vt 21.833 14.500
vt 21.833 14.833
vt 21.833 15.130
vt 22.167 1.585
vt 22.167 1.833
vt 22.167 2.167
vt 22.167 2.500
vt 22.167 2.833
vt 22.167 3.167
vt 22.167 3.500
vt 22.167 3.833
vt 22.167 4.167
vt 22.167 4.500
vt 22.167 4.833
vt 22.167 5.167
vt 22.167 5.500
vt 22.167 5.833
vt 22.167 6.167
vt 22.167 6.500
vt 22.167 6.833
vt 22.167 7.167
vt 22.167 7.500
vt 22.167 7.833
vt 22.167 8.167
vt 22.167 8.500
vt 22.167 8.833
vt 22.167 9.167
vt 22.167 9.500
vt 22.167 9.833
vt 22.167 10.167
vt 22.167 10.500
vt 22.167 10.833
vt 22.167 11.167
vt 22.167 11.500
vt 22.167 11.833
vt 22.167 12.167
vt 22.167 12.500
vt 22.167 12.833
vt 22.167 13.167
vt 22.167 13.500
vt 22.167 13.833
vt 22.167 14.167
vt 22.167 14.500
vt 22.167 14.833
vt 22.167 15.140
vt 22.500 1.618
vt 22.500 1.833
vt 22.308 1.580
vt 22.500 2.167
vt 22.500 2.500
vt 22.500 2.833
vt 22.500 3.167
vt 22.500 3.500
vt 22.500 3.833
vt 22.500 4.167
vt 22.500 4.500
vt 22.500 4.833
vt 22.500 5.167
vt 22.500 5.500
vt 22.500 5.833
vt 22.500 6.167
vt 22.500 6.500
vt 22.500 6.833
vt 22.500 7.167
vt 22.500 7.500
vt 22.500 7.833
vt 22.500 8.167
vt 22.500 8.500
vt 22.500 8.833
vt 22.500 9.167
vt 22.500 9.500
vt 22.500 9.833
vt 22.500 10.167
vt 22.500 10.500
vt 22.500 10.833
vt 22.500 11.167
vt 22.500 11.500
vt 22.500 11.833
vt 22.500 12.167
vt 22.500 12.500
vt 22.500 12.833
vt 22.500 13.167
vt 22.500 13.500
vt 22.500 13.833
vt 22.500 14.167
vt 22.500 14.500
vt 22.500 14.833
vt 22.357 15.147
vt 22.500 15.102
vt 22.833 1.687
vt 22.833 1.833
vt 22.833 2.167
vt 22.833 2.500
vt 22.833 2.833
vt 22.833 3.167
vt 22.833 3.500
vt 22.833 3.833
vt 22.833 4.167
vt 22.833 4.500
vt 22.833 4.833
vt 22.833 5.167
vt 22.833 5.500
vt 22.833 5.833
vt 22.833 6.167
vt 22.833 6.500
vt 22.833 6.833
vt 22.833 7.167
vt 22.833 7.500
vt 22.833 7.833
vt 22.833 8.167
vt 22.833 8.500
vt 22.833 8.833
vt 22.833 9.167
vt 22.833 9.500
vt 22.833 9.833
vt 22.833 10.167
vt 22.833 10.500
vt 22.833 10.833
vt 22.833 11.167
vt 22.833 11.500
vt 22.833 11.833
vt 22.833 12.167
vt 22.833 12.500
vt 22.833 12.833
vt 22.833 13.167
vt 22.833 13.500
vt 22.833 13.833
vt 22.833 14.167
vt 22.833 14.500
vt 22.833 14.833
vt 22.833 14.998
vt 23.167 1.755
vt 23.167 1.833
vt 23.167 2.167
vt 23.167 2.500
vt 23.167 2.833
vt 23.167 3.167
vt 23.167 3.500
vt 23.167 3.833
vt 23.167 4.167
vt 23.167 4.500
vt 23.167 4.833
vt 23.167 5.167
vt 23.167 5.500
vt 23.167 5.833
vt 23.167 6.167
vt 23.167 6.500
vt 23.167 6.833
vt 23.167 7.167
vt 23.167 7.500
vt 23.167 7.833
vt 23.167 8.167
vt 23.167 8.500
vt 23.167 8.833
vt 23.167 9.167
vt 23.167 9.500
vt 23.167 9.833
vt 23.167 10.167
vt 23.167 10.500
vt 23.167 10.833
vt 23.167 11.167
vt 23.167 11.500
vt 23.167 11.833
vt 23.167 12.167
vt 23.167 12.500
vt 23.167 12.833
vt 23.167 13.167
vt 23.167 13.500
vt 23.167 13.833
vt 23.167 14.167
vt 23.167 14.500
vt 23.167 14.833
vt 23.167 14.893
vt 23.500 1.805
vt 23.500 1.833
vt 23.287 1.778
vt 23.500 2.167
vt 23.500 2.500
vt 23.500 2.833
vt 23.500 3.167
vt 23.500 3.500
vt 23.500 3.833
vt 23.500 4.167
vt 23.500 4.500
vt 23.500 4.833
vt 23.500 5.167
vt 23.500 5.500
vt 23.500 5.833
vt 23.500 6.167
vt 23.500 6.500
vt 23.500 6.833
vt 23.500 7.167
vt 23.500 7.500
vt 23.500 7.833
vt 23.500 8.167
vt 23.500 8.500
vt 23.500 8.833
vt 23.500 9.167
vt 23.500 9.500
vt 23.500 9.833
vt 23.500 10.167
vt 23.500 10.500
vt 23.500 10.833
vt 23.500 11.167
vt 23.500 11.500
vt 23.500 11.833
vt 23.500 12.167
vt 23.500 12.500
vt 23.500 12.833
vt 23.500 13.167
vt 23.500 13.500
vt 23.500 13.833
vt 23.500 14.167
vt 23.500 14.500
vt 23.332 14.833
vt 23.500 14.758
vt 23.263 14.863
vt 23.728 1.833
vt 23.833 2.167
vt 23.833 1.847
vt 23.833 2.500
vt 23.833 2.833
vt 23.833 3.167
vt 23.833 3.500
vt 23.833 3.833
vt 23.833 4.167
vt 23.833 4.500
vt 23.833 4.833
vt 23.833 5.167
vt 23.833 5.500
vt 23.833 5.833
vt 23.833 6.167
vt 23.833 6.500
vt 23.833 6.833
vt 23.833 7.167
vt 23.833 7.500
vt 23.833 7.833
vt 23.833 8.167
vt 23.833 8.500
vt 23.833 8.833
vt 23.833 9.167
vt 23.833 9.500
vt 23.833 9.833
vt 23.833 10.167
vt 23.833 10.500
vt 23.833 10.833
vt 23.833 11.167
vt 23.833 11.500
vt 23.833 11.833
vt 23.833 12.167
vt 23.833 12.500
vt 23.833 12.833
vt 23.833 13.167
vt 23.833 13.500
vt 23.833 13.833
vt 23.833 14.167
vt 23.833 14.500
vt 23.833 14.612
vt 24.167 1.887
vt 24.167 2.167
vt 24.167 2.500
vt 24.167 2.833
vt 24.167 3.167
vt 24.167 3.500
vt 24.167 3.833
vt 24.167 4.167
vt 24.167 4.500
vt 24.167 4.833
vt 24.167 5.167
vt 24.167 5.500
vt 24.167 5.833
vt 24.167 6.167
vt 24.167 6.500
vt 24.167 6.833
vt 24.167 7.167
vt 24.167 7.500
vt 24.167 7.833
vt 24.167 8.167
vt 24.167 8.500
vt 24.167 8.833
vt 24.167 9.167
vt 24.167 9.500
vt 24.167 9.833
vt 24.167 10.167
vt 24.167 10.500
vt 24.167 10.833
vt 24.167 11.167
vt 24.167 11.500
vt 24.167 11.833
vt 24.167 12.167
vt 24.167 12.500
vt 24.167 12.833
vt 24.167 13.167
vt 24.167 13.500
vt 24.167 13.833
vt 24.167 14.167
vt 24.080 14.500
vt 24.167 14.455
vt 24.057 14.512
vt 24.500 2.002
vt 24.500 2.167
vt 24.337 1.908
vt 24.500 2.500
vt 24.500 2.833
vt 24.500 3.167
vt 24.500 3.500
vt 24.500 3.833
vt 24.500 4.167
vt 24.500 4.500
vt 24.500 4.833
vt 24.500 5.167
vt 24.500 5.500
vt 24.500 5.833
vt 24.500 6.167
vt 24.500 6.500
vt 24.500 6.833
vt 24.500 7.167
vt 24.500 7.500
vt 24.500 7.833
vt 24.500 8.167
vt 24.500 8.500
vt 24.500 8.833
vt 24.500 9.167
vt 24.500 9.500
vt 24.500 9.833
vt 24.500 10.167
vt 24.500 10.500
vt 24.500 10.833
vt 24.500 11.167
vt 24.500 11.500
vt 24.500 11.833
vt 24.500 12.167
vt 24.500 12.500
vt 24.500 12.833
vt 24.500 13.167
vt 24.500 13.500
vt 24.500 13.833
vt 24.500 14.167
vt 24.500 14.285
vt 24.790 2.167
vt 24.833 2.500
vt 24.833 2.192
vt 24.833 2.833
vt 24.833 3.167
vt 24.833 3.500
vt 24.833 3.833
vt 24.833 4.167
vt 24.833 4.500
vt 24.833 4.833
vt 24.833 5.167
vt 24.833 5.500
vt 24.833 5.833
vt 24.833 6.167
vt 24.833 6.500
vt 24.833 6.833
vt 24.833 7.167
vt 24.833 7.500
vt 24.833 7.833
vt 24.833 8.167
vt 24.833 8.500
vt 24.833 8.833
vt 24.833 9.167
vt 24.833 9.500
vt 24.833 9.833
vt 24.833 10.167
vt 24.833 10.500
vt 24.833 10.833
vt 24.833 11.167
vt 24.833 11.500
vt 24.833 11.833
vt 24.833 12.167
vt 24.833 12.500
vt 24.833 12.833
vt 24.833 13.167
vt 24.833 13.500
vt 24.833 13.833
vt 24.732 14.167
vt 24.772 14.147
vt 24.833 14.137
vt 25.167 2.370
vt 25.167 2.500
vt 25.048 2.315
vt 25.167 2.833
vt 25.167 3.167
vt 25.167 3.500
vt 25.167 3.833
vt 25.167 4.167
vt 25.167 4.500
vt 25.167 4.833
vt 25.167 5.167
vt 25.167 5.500
vt 25.167 5.833
vt 25.167 6.167
vt 25.167 6.500
vt 25.167 6.833
vt 25.167 7.167
vt 25.167 7.500
vt 25.167 7.833
vt 25.167 8.167
vt 25.167 8.500
vt 25.167 8.833
vt 25.167 9.167
vt 25.167 9.500
vt 25.167 9.833
vt 25.167 10.167
vt 25.167 10.500
vt 25.167 10.833
vt 25.167 11.167
vt 25.167 11.500
vt 25.167 11.833
vt 25.167 12.167
vt 25.167 12.500
vt 25.167 12.833
vt 25.167 13.167
vt 25.167 13.500
vt 25.167 13.833
vt 25.167 14.087
vt 25.438 2.500
vt 25.500 2.833
vt 25.500 2.528
vt 25.500 3.167
vt 25.500 3.500
vt 25.500 3.833
vt 25.500 4.167
vt 25.500 4.500
vt 25.500 4.833
vt 25.500 5.167
vt 25.500 5.500
vt 25.500 5.833
vt 25.500 6.167
vt 25.500 6.500
vt 25.500 6.833
vt 25.500 7.167
vt 25.500 7.500
vt 25.500 7.833
vt 25.500 8.167
vt 25.500 8.500
vt 25.500 8.833
vt 25.500 9.167
vt 25.500 9.500
vt 25.500 9.833
vt 25.500 10.167
vt 25.500 10.500
vt 25.500 10.833
vt 25.500 11.167
vt 25.500 11.500
vt 25.500 11.833
vt 25.500 12.167
vt 25.500 12.500
vt 25.500 12.833
vt 25.500 13.167
vt 25.500 13.500
vt 25.500 13.833
vt 25.500 14.038
vt 25.833 2.683
vt 25.833 2.833
vt 25.778 2.660
vt 25.833 3.167
vt 25.833 3.500
vt 25.833 3.833
vt 25.833 4.167
vt 25.833 4.500
vt 25.833 4.833
vt 25.833 5.167
vt 25.833 5.500
vt 25.833 5.833
vt 25.833 6.167
vt 25.833 6.500
vt 25.833 6.833
vt 25.833 7.167
vt 25.833 7.500
vt 25.833 7.833
vt 25.833 8.167
vt 25.833 8.500
vt 25.833 8.833
vt 25.833 9.167
vt 25.833 9.500
vt 25.833 9.833
vt 25.833 10.167
vt 25.833 10.500
vt 25.833 10.833
vt 25.833 11.167
vt 25.833 11.500
vt 25.833 11.833
vt 25.833 12.167
vt 25.833 12.500
vt 25.833 12.833
vt 25.833 13.167
vt 25.833 13.500
vt 25.833 13.833
vt 25.767 13.998
vt 25.833 14.000
vt 26.167 2.817
vt 26.167 2.833
vt 26.167 3.167
vt 26.167 3.500
vt 26.167 3.833
vt 26.167 4.167
vt 26.167 4.500
vt 26.167 4.833
vt 26.167 5.167
vt 26.167 5.500
vt 26.167 5.833
vt 26.167 6.167
vt 26.167 6.500
vt 26.167 6.833
vt 26.167 7.167
vt 26.167 7.500
vt 26.167 7.833
vt 26.167 8.167
vt 26.167 8.500
vt 26.167 8.833
vt 26.167 9.167
vt 26.167 9.500
vt 26.167 9.833
vt 26.167 10.167
vt 26.167 10.500
vt 26.167 10.833
vt 26.167 11.167
vt 26.167 11.500
vt 26.167 11.833
vt 26.167 12.167
vt 26.167 12.500
vt 26.167 12.833
vt 26.167 13.167
vt 26.167 13.500
vt 26.167 13.833
vt 26.167 14.005
vt 26.207 2.833
vt 26.500 3.167
vt 26.500 2.952
vt 26.500 3.500
vt 26.500 3.833
vt 26.500 4.167
vt 26.500 4.500
vt 26.500 4.833
vt 26.500 5.167
vt 26.500 5.500
vt 26.500 5.833
vt 26.500 6.167
vt 26.500 6.500
vt 26.500 6.833
vt 26.500 7.167
vt 26.500 7.500
vt 26.500 7.833
vt 26.500 8.167
vt 26.500 8.500
vt 26.500 8.833
vt 26.500 9.167
vt 26.500 9.500
vt 26.500 9.833
vt 26.500 10.167
vt 26.500 10.500
vt 26.500 10.833
vt 26.500 11.167
vt 26.500 11.500
vt 26.500 11.833
vt 26.500 12.167
vt 26.500 12.500
vt 26.500 12.833
vt 26.500 13.167
vt 26.500 13.500
vt 26.500 13.833
vt 26.500 14.010
vt 26.537 2.967
vt 26.690 3.167
vt 26.833 3.500
vt 26.833 3.353
vt 26.833 3.833
vt 26.833 4.167
vt 26.833 4.500
vt 26.833 4.833
vt 26.833 5.167
vt 26.833 5.500
vt 26.833 5.833
vt 26.833 6.167
vt 26.833 6.500
vt 26.833 6.833
vt 26.833 7.167
vt 26.833 7.500
vt 26.833 7.833
vt 26.833 8.167
vt 26.833 8.500
vt 26.833 8.833
vt 26.833 9.167
vt 26.833 9.500
vt 26.833 9.833
vt 26.833 10.167
vt 26.833 10.500
vt 26.833 10.833
vt 26.833 11.167
vt 26.833 11.500
vt 26.833 11.833
vt 26.833 12.167
vt 26.833 12.500
vt 26.833 12.833
vt 26.833 13.167
vt 26.833 13.500
vt 26.833 13.833
vt 26.833 14.015
vt 26.910 3.453
vt 27.040 3.500
vt 27.167 3.833
vt 27.167 3.545
vt 27.167 4.167
vt 27.167 4.500
vt 27.167 4.833
vt 27.167 5.167
vt 27.167 5.500
vt 27.167 5.833
vt 27.167 6.167
vt 27.167 6.500
vt 27.167 6.833
vt 27.167 7.167
vt 27.167 7.500
vt 27.167 7.833
vt 27.167 8.167
vt 27.167 8.500
vt 27.167 8.833
vt 27.167 9.167
vt 27.167 9.500
vt 27.167 9.833
vt 27.167 10.167
vt 27.167 10.500
vt 27.167 10.833
vt 27.167 11.167
vt 27.167 11.500
vt 27.167 11.833
vt 27.167 12.167
vt 27.167 12.500
vt 27.167 12.833
vt 27.167 13.167
vt 27.167 13.500
vt 27.167 13.833
vt 27.105 14.020
vt 27.167 13.962
vt 27.500 3.665
vt 27.500 3.833
vt 27.500 4.167
vt 27.500 4.500
vt 27.500 4.833
vt 27.500 5.167
vt 27.500 5.500
vt 27.500 5.833
vt 27.500 6.167
vt 27.500 6.500
vt 27.500 6.833
vt 27.500 7.167
vt 27.500 7.500
vt 27.500 7.833
vt 27.500 8.167
vt 27.500 8.500
vt 27.500 8.833
vt 27.500 9.167
vt 27.500 9.500
vt 27.500 9.833
vt 27.500 10.167
vt 27.500 10.500
vt 27.500 10.833
vt 27.500 11.167
vt 27.500 11.500
vt 27.500 11.833
vt 27.500 12.167
vt 27.500 12.500
vt 27.500 12.833
vt 27.500 13.167
vt 27.500 13.500
vt 27.303 13.833
vt 27.500 13.648
vt 27.833 3.765
vt 27.833 3.833
vt 27.670 3.725
vt 27.833 4.167
vt 27.833 4.500
vt 27.833 4.833
vt 27.833 5.167
vt 27.833 5.500
vt 27.833 5.833
vt 27.833 6.167
vt 27.833 6.500
vt 27.833 6.833
vt 27.833 7.167
vt 27.833 7.500
vt 27.833 7.833
vt 27.833 8.167
vt 27.833 8.500
vt 27.833 8.833
vt 27.833 9.167
vt 27.833 9.500
vt 27.833 9.833
vt 27.833 10.167
vt 27.833 10.500
vt 27.833 10.833
vt 27.833 11.167
vt 27.833 11.500
vt 27.833 11.833
vt 27.833 12.167
vt 27.833 12.500
vt 27.833 12.833
vt 27.833 13.167
vt 27.833 13.500
vt 27.600 13.553
vt 27.833 13.522
vt 28.110 3.833
vt 28.167 4.167
vt 28.167 3.847
vt 28.167 4.500
vt 28.167 4.833
vt 28.167 5.167
vt 28.167 5.500
vt 28.167 5.833
vt 28.167 6.167
vt 28.167 6.500
vt 28.167 6.833
vt 28.167 7.167
vt 28.167 7.500
vt 28.167 7.833
vt 28.167 8.167
vt 28.167 8.500
vt 28.167 8.833
vt 28.167 9.167
vt 28.167 9.500
vt 28.167 9.833
vt 28.167 10.167
vt 28.167 10.500
vt 28.167 10.833
vt 28.167 11.167
vt 28.167 11.500
vt 28.167 11.833
vt 28.167 12.167
vt 28.167 12.500
vt 28.167 12.833
vt 28.167 13.167
vt 27.985 13.500
vt 28.167 13.475
vt 28.500 3.928
vt 28.500 4.167
vt 28.500 4.500
vt 28.500 4.833
vt 28.500 5.167
vt 28.500 5.500
vt 28.500 5.833
vt 28.500 6.167
vt 28.500 6.500
vt 28.500 6.833
vt 28.500 7.167
vt 28.500 7.500
vt 28.500 7.833
vt 28.500 8.167
vt 28.500 8.500
vt 28.500 8.833
vt 28.500 9.167
vt 28.500 9.500
vt 28.500 9.833
vt 28.500 10.167
vt 28.500 10.500
vt 28.500 10.833
vt 28.500 11.167
vt 28.500 11.500
vt 28.500 11.833
vt 28.500 12.167
vt 28.500 12.500
vt 28.500 12.833
vt 28.500 13.167
vt 28.500 13.428
vt 28.580 3.948
vt 28.773 4.167
vt 28.833 4.500
vt 28.833 4.235
vt 28.833 4.833
vt 28.833 5.167
vt 28.833 5.500
vt 28.833 5.833
vt 28.833 6.167
vt 28.833 6.500
vt 28.833 6.833
vt 28.833 7.167
vt 28.833 7.500
vt 28.833 7.833
vt 28.833 8.167
vt 28.833 8.500
vt 28.833 8.833
vt 28.833 9.167
vt 28.833 9.500
vt 28.833 9.833
vt 28.833 10.167
vt 28.833 10.500
vt 28.833 10.833
vt 28.833 11.167
vt 28.833 11.500
vt 28.833 11.833
vt 28.833 12.167
vt 28.833 12.500
vt 28.833 12.833
vt 28.833 13.107
vt 28.812 13.167
vt 28.727 13.397
vt 28.955 4.372
vt 29.010 4.500
vt 29.150 4.833
vt 29.155 4.827
vt 28.980 5.167
vt 28.890 5.500
vt 28.875 5.373
vt 28.927 5.793
vt 28.960 5.833
vt 29.167 6.167
vt 29.167 6.088
vt 29.167 6.500
vt 29.167 6.833
vt 29.167 7.167
vt 29.167 7.500
vt 29.167 7.833
vt 29.167 8.167
vt 29.167 8.500
vt 29.167 8.833
vt 29.167 9.167
vt 29.167 9.500
vt 29.167 9.833
vt 29.167 10.167
vt 29.167 10.500
vt 29.167 10.833
vt 29.167 11.167
vt 29.167 11.500
vt 28.878 11.760
vt 28.897 11.833
vt 29.167 11.640
vt 28.983 12.167
vt 28.988 12.500
vt 29.022 12.317
vt 28.930 12.833
vt 28.927 12.850
vt 29.215 6.148
vt 29.295 6.167
vt 29.500 6.500
vt 29.500 6.213
vt 29.500 6.833
vt 29.500 7.167
vt 29.500 7.500
vt 29.500 7.833
vt 29.500 8.167
vt 29.500 8.500
vt 29.500 8.833
vt 29.500 9.167
vt 29.500 9.500
vt 29.500 9.833
vt 29.500 10.167
vt 29.500 10.500
vt 29.500 10.833
vt 29.500 11.167
vt 29.498 11.500
vt 29.500 11.500
vt 29.833 6.290
vt 29.833 6.500
vt 29.833 6.833
vt 29.833 7.167
vt 29.833 7.500
vt 29.833 7.833
vt 29.833 8.167
vt 29.833 8.500
vt 29.833 8.833
vt 29.833 9.167
vt 29.833 9.500
vt 29.833 9.833
vt 29.833 10.167
vt 29.833 10.500
vt 29.833 10.833
vt 29.833 11.167
vt 29.575 11.468
vt 29.833 11.360
vt 30.167 6.367
vt 30.167 6.500
vt 30.167 6.833
vt 30.167 7.167
vt 30.167 7.500
vt 30.167 7.833
vt 30.167 8.167
vt 30.167 8.500
vt 30.167 8.833
vt 30.167 9.167
vt 30.167 9.500
vt 30.167 9.833
vt 30.167 10.167
vt 30.167 10.500
vt 30.167 10.833
vt 30.167 11.167
vt 30.167 11.220
vt 30.263 6.388
vt 30.473 6.500
vt 30.500 6.833
vt 30.500 6.513
vt 30.500 7.167
vt 30.500 7.500
vt 30.500 7.833
vt 30.500 8.167
vt 30.500 8.500
vt 30.500 8.833
vt 30.500 9.167
vt 30.500 9.500
vt 30.500 9.833
vt 30.500 10.167
vt 30.500 10.500
vt 30.500 10.833
vt 30.298 11.165
vt 30.295 11.167
vt 30.500 11.080
vt 30.833 6.688
vt 30.833 6.833
vt 30.833 7.167
vt 30.833 7.500
vt 30.833 7.833
vt 30.833 8.167
vt 30.833 8.500
vt 30.833 8.833
vt 30.833 9.167
vt 30.833 9.500
vt 30.833 9.833
vt 30.833 10.167
vt 30.833 10.500
vt 30.833 10.833
vt 30.833 10.937
vt 31.167 6.823
vt 31.167 6.833
vt 30.902 6.725
vt 31.167 7.167
vt 31.167 7.500
vt 31.167 7.833
vt 31.167 8.167
vt 31.167 8.500
vt 31.167 8.833
vt 31.167 9.167
vt 31.167 9.500
vt 31.167 9.833
vt 31.167 10.167
vt 31.167 10.500
vt 31.073 10.833
vt 31.167 10.792
vt 31.045 10.845
vt 31.197 6.833
vt 31.500 7.167
vt 31.500 6.945
vt 31.500 7.500
vt 31.500 7.833
vt 31.500 8.167
vt 31.500 8.500
vt 31.500 8.833
vt 31.500 9.167
vt 31.500 9.500
vt 31.500 9.833
vt 31.500 10.167
vt 31.500 10.500
vt 31.500 10.645
vt 31.833 7.068
vt 31.833 7.167
vt 31.813 7.062
vt 31.833 7.500
vt 31.833 7.833
vt 31.833 8.167
vt 31.833 8.500
vt 31.833 8.833
vt 31.833 9.167
vt 31.833 9.500
vt 31.833 9.833
vt 31.833 10.167
vt 31.825 10.500
vt 31.833 10.495
vt 31.817 10.505
vt 32.117 7.167
vt 32.167 7.500
vt 32.167 7.185
vt 32.167 7.833
vt 32.167 8.167
vt 32.167 8.500
vt 32.167 8.833
vt 32.167 9.167
vt 32.167 9.500
vt 32.167 9.833
vt 32.167 10.167
vt 32.167 10.312
vt 32.500 7.300
vt 32.500 7.500
vt 32.500 7.833
vt 32.500 8.167
vt 32.500 8.500
vt 32.500 8.833
vt 32.500 9.167
vt 32.470 9.500
vt 32.500 9.478
vt 32.360 9.833
vt 32.272 9.645
vt 32.428 10.167
vt 32.500 10.127
vt 32.833 7.417
vt 32.833 7.500
vt 32.833 7.833
vt 32.650 8.167
vt 32.833 7.932
vt 32.518 8.333
vt 32.660 8.500
vt 32.833 8.833
vt 32.833 8.703
vt 32.833 9.167
vt 32.833 9.233
vt 32.873 7.432
vt 32.873 7.500
vt 32.872 7.833
vt 32.872 7.883
vt 32.902 8.783
vt 32.893 8.833
vt 32.843 9.167
f 1/1/1 2/2/1 3/3/1
f 1/1/1 3/3/1 4/4/1
f 5/5/1 4/4/1 6/6/1
f 6/6/1 4/4/1 3/3/1
f 5/5/1 6/6/1 7/7/1
f 7/7/1 8/8/1 5/5/1
f 9/9/1 7/7/1 6/6/1
f 10/10/1 7/7/1 9/9/1
f 11/11/1 12/12/1 13/13/1
f 13/13/1 14/14/1 11/11/1
f 2/2/1 11/11/1 14/14/1
f 3/3/1 2/2/1 14/14/1
f 15/15/1 6/6/1 3/3/1
f 3/3/1 14/14/1 15/15/1
f 16/16/1 9/9/1 6/6/1
f 6/6/1 15/15/1 16/16/1
f 10/10/1 9/9/1 16/16/1
f 17/17/1 18/18/1 16/16/1
f 10/10/1 16/16/1 18/18/1
f 19/19/1 20/20/1 21/21/1
f 19/19/1 21/21/1 22/22/1
f 22/22/1 23/23/1 19/19/1
f 23/23/1 22/22/1 24/24/1
f 25/25/1 24/24/1 26/26/1
f 26/26/1 24/24/1 22/22/1
f 25/25/1 26/26/1 27/27/1
f 28/28/1 27/27/1 26/26/1
f 29/29/1 28/28/1 26/26/1
f 30/30/1 28/28/1 29/29/1
f 31/31/1 32/32/1 33/33/1
f 33/33/1 34/34/1 31/31/1
f 35/35/1 31/31/1 34/34/1
f 13/13/1 12/12/1 35/35/1
f 13/13/1 35/35/1 34/34/1
f 36/36/1 14/14/1 13/13/1
f 13/13/1 34/34/1 36/36/1
f 37/37/1 15/15/1 14/14/1
f 14/14/1 36/36/1 37/37/1
f 38/38/1 16/16/1 15/15/1
f 15/15/1 37/37/1 38/38/1
f 16/16/1 38/38/1 39/39/1
f 39/39/1 17/17/1 16/16/1
f 40/40/1 39/39/1 38/38/1
f 41/41/1 39/39/1 40/40/1
f 42/42/1 43/43/1 44/44/1
f 20/20/1 44/44/1 21/21/1
f 43/43/1 21/21/1 44/44/1
f 45/45/1 22/22/1 21/21/1
f 21/21/1 43/43/1 45/45/1
f 46/46/1 26/26/1 22/22/1
f 22/22/1 45/45/1 46/46/1
f 47/47/1 29/29/1 26/26/1
f 26/26/1 46/46/1 47/47/1
f 29/29/1 47/47/1 30/30/1
f 48/48/1 30/30/1 47/47/1
f 49/49/1 48/48/1 47/47/1
f 50/50/1 48/48/1 49/49/1
f 51/51/1 52/52/1 53/53/1
f 53/53/1 54/54/1 55/55/1
f 55/55/1 51/51/1 53/53/1
f 33/33/1 32/32/1 54/54/1
f 55/55/1 54/54/1 32/32/1
f 56/56/1 34/34/1 33/33/1
f 33/33/1 54/54/1 56/56/1
f 57/57/1 36/36/1 34/34/1
f 34/34/1 56/56/1 57/57/1
f 58/58/1 37/37/1 36/36/1
f 36/36/1 57/57/1 58/58/1
f 59/59/1 38/38/1 37/37/1
f 37/37/1 58/58/1 59/59/1
f 60/60/1 40/40/1 38/38/1
f 38/38/1 59/59/1 60/60/1
f 41/41/1 40/40/1 60/60/1
f 60/60/1 61/61/1 41/41/1
f 62/62/1 63/63/1 42/42/1
f 43/43/1 42/42/1 63/63/1
f 64/64/1 45/45/1 43/43/1
f 43/43/1 63/63/1 64/64/1
f 65/65/1 46/46/1 45/45/1
f 45/45/1 64/64/1 65/65/1
f 66/66/1 47/47/1 46/46/1
f 46/46/1 65/65/1 66/66/1
f 67/67/1 49/49/1 47/47/1
f 47/47/1 66/66/1 67/67/1
f 49/49/1 67/67/1 68/68/1
f 68/68/1 50/50/1 49/49/1
f 69/69/1 70/70/1 67/67/1
f 68/68/1 67/67/1 70/70/1
f 71/71/1 70/70/1 69/69/1
f 72/72/1 73/73/1 52/52/1
f 53/53/1 52/52/1 73/73/1
f 74/74/1 54/54/1 53/53/1
f 53/53/1 73/73/1 74/74/1
f 75/75/1 56/56/1 54/54/1
f 54/54/1 74/74/1 75/75/1
f 76/76/1 57/57/1 56/56/1
f 56/56/1 75/75/1 76/76/1
f 77/77/1 58/58/1 57/57/1
f 57/57/1 76/76/1 77/77/1
f 78/78/1 59/59/1 58/58/1
f 58/58/1 77/77/1 78/78/1
f 79/79/1 60/60/1 59/59/1
f 59/59/1 78/78/1 79/79/1
f 60/60/1 79/79/1 80/80/1
f 80/80/1 61/61/1 60/60/1
f 81/81/1 82/82/1 80/80/1
f 81/81/1 80/80/1 79/79/1
f 82/82/1 81/81/1 83/83/1
f 84/84/1 83/83/1 81/81/1
f 85/85/1 83/83/1 84/84/1
f 86/86/1 87/87/1 88/88/1
f 63/63/1 62/62/1 87/87/1
f 88/88/1 87/87/1 62/62/1
f 89/89/1 64/64/1 63/63/1
f 63/63/1 87/87/1 89/89/1
f 90/90/1 65/65/1 64/64/1
f 64/64/1 89/89/1 90/90/1
f 91/91/1 66/66/1 65/65/1
f 65/65/1 90/90/1 91/91/1
f 92/92/1 67/67/1 66/66/1
f 66/66/1 91/91/1 92/92/1
f 93/93/1 69/69/1 67/67/1
f 67/67/1 92/92/1 93/93/1
f 71/71/1 69/69/1 93/93/1
f 93/93/1 94/94/1 71/71/1
f 95/95/1 96/96/1 97/97/1
f 97/97/1 98/98/1 95/95/1
f 97/97/1 99/99/1 98/98/1
f 72/72/1 98/98/1 73/73/1
f 99/99/1 73/73/1 98/98/1
f 100/100/1 74/74/1 73/73/1
f 73/73/1 99/99/1 100/100/1
f 101/101/1 75/75/1 74/74/1
f 74/74/1 100/100/1 101/101/1
f 102/102/1 76/76/1 75/75/1
f 75/75/1 101/101/1 102/102/1
f 103/103/1 77/77/1 76/76/1
f 76/76/1 102/102/1 103/103/1
f 104/104/1 78/78/1 77/77/1
f 77/77/1 103/103/1 104/104/1
f 105/105/1 79/79/1 78/78/1
f 78/78/1 104/104/1 105/105/1
f 106/106/1 81/81/1 79/79/1
f 79/79/1 105/105/1 106/106/1
f 107/107/1 84/84/1 81/81/1
f 81/81/1 106/106/1 107/107/1
f 85/85/1 84/84/1 108/108/1
f 109/109/1 108/108/1 107/107/1
f 107/107/1 108/108/1 84/84/1
f 110/110/1 111/111/1 112/112/1
f 112/112/1 113/113/1 110/110/1
f 86/86/1 110/110/1 87/87/1
f 113/113/1 87/87/1 110/110/1
f 114/114/1 89/89/1 87/87/1
f 87/87/1 113/113/1 114/114/1
f 115/115/1 90/90/1 89/89/1
f 89/89/1 114/114/1 115/115/1
f 116/116/1 91/91/1 90/90/1
f 90/90/1 115/115/1 116/116/1
f 117/117/1 92/92/1 91/91/1
f 91/91/1 116/116/1 117/117/1
f 118/118/1 93/93/1 92/92/1
f 92/92/1 117/117/1 118/118/1
f 93/93/1 118/118/1 94/94/1
f 119/119/1 94/94/1 118/118/1
f 120/120/1 119/119/1 118/118/1
f 121/121/1 119/119/1 120/120/1
f 122/122/1 123/123/1 121/121/1
f 121/121/1 120/120/1 122/122/1
f 124/124/1 123/123/1 122/122/1
f 122/122/1 125/125/1 124/124/1
f 126/126/1 127/127/1 128/128/1
f 126/126/1 128/128/1 129/129/1
f 130/130/1 131/131/1 129/129/1
f 126/126/1 129/129/1 131/131/1
f 130/130/1 129/129/1 132/132/1
f 133/133/1 132/132/1 129/129/1
f 134/134/1 133/133/1 129/129/1
f 135/135/1 133/133/1 134/134/1
f 136/136/1 137/137/1 138/138/1
f 138/138/1 139/139/1 136/136/1
f 96/96/1 136/136/1 139/139/1
f 97/97/1 96/96/1 139/139/1
f 140/140/1 99/99/1 97/97/1
f 97/97/1 139/139/1 140/140/1
f 141/141/1 100/100/1 99/99/1
f 99/99/1 140/140/1 141/141/1
f 142/142/1 101/101/1 100/100/1
f 100/100/1 141/141/1 142/142/1
f 143/143/1 102/102/1 101/101/1
f 101/101/1 142/142/1 143/143/1
f 144/144/1 103/103/1 102/102/1
f 102/102/1 143/143/1 144/144/1
f 145/145/1 104/104/1 103/103/1
f 103/103/1 144/144/1 145/145/1
f 146/146/1 105/105/1 104/104/1
f 104/104/1 145/145/1 146/146/1
f 147/147/1 106/106/1 105/105/1
f 105/105/1 146/146/1 147/147/1
f 148/148/1 107/107/1 106/106/1
f 106/106/1 147/147/1 148/148/1
f 109/109/1 107/107/1 148/148/1
f 148/148/1 149/149/1 109/109/1
f 150/150/1 151/151/1 111/111/1
f 112/112/1 111/111/1 151/151/1
f 152/152/1 113/113/1 112/112/1
f 112/112/1 151/151/1 152/152/1
f 153/153/1 114/114/1 113/113/1
f 113/113/1 152/152/1 153/153/1
f 154/154/1 115/115/1 114/114/1
f 114/114/1 153/153/1 154/154/1
f 155/155/1 116/116/1 115/115/1
f 115/115/1 154/154/1 155/155/1
f 156/156/1 117/117/1 116/116/1
f 116/116/1 155/155/1 156/156/1
f 157/157/1 118/118/1 117/117/1
f 117/117/1 156/156/1 157/157/1
f 158/158/1 120/120/1 118/118/1
f 118/118/1 157/157/1 158/158/1
f 159/159/1 122/122/1 120/120/1
f 120/120/1 158/158/1 159/159/1
f 122/122/1 159/159/1 125/125/1
f 160/160/1 125/125/1 159/159/1
f 161/161/1 160/160/1 159/159/1
f 162/162/1 160/160/1 161/161/1
f 128/128/1 127/127/1 163/163/1
f 162/162/1 161/161/1 163/163/1
f 162/162/1 163/163/1 127/127/1
f 164/164/1 129/129/1 128/128/1
f 128/128/1 163/163/1 164/164/1
f 165/165/1 134/134/1 129/129/1
f 129/129/1 164/164/1 165/165/1
f 134/134/1 165/165/1 166/166/1
f 166/166/1 135/135/1 134/134/1
f 167/167/1 168/168/1 166/166/1
f 167/167/1 166/166/1 165/165/1
f 168/168/1 167/167/1 169/169/1
f 170/170/1 169/169/1 171/171/1
f 167/167/1 171/171/1 169/169/1
f 172/172/1 170/170/1 171/171/1
f 138/138/1 137/137/1 173/173/1
f 172/172/1 171/171/1 173/173/1
f 172/172/1 173/173/1 137/137/1
f 174/174/1 139/139/1 138/138/1
f 138/138/1 173/173/1 174/174/1
f 175/175/1 140/140/1 139/139/1
f 139/139/1 174/174/1 175/175/1
f 176/176/1 141/141/1 140/140/1
f 140/140/1 175/175/1 176/176/1
f 177/177/1 142/142/1 141/141/1
f 141/141/1 176/176/1 177/177/1
f 178/178/1 143/143/1 142/142/1
f 142/142/1 177/177/1 178/178/1
f 179/179/1 144/144/1 143/143/1
f 143/143/1 178/178/1 179/179/1
f 180/180/1 145/145/1 144/144/1
f 144/144/1 179/179/1 180/180/1
f 181/181/1 146/146/1 145/145/1
f 145/145/1 180/180/1 181/181/1
f 182/182/1 147/147/1 146/146/1
f 146/146/1 181/181/1 182/182/1
f 183/183/1 148/148/1 147/147/1
f 147/147/1 182/182/1 183/183/1
f 148/148/1 183/183/1 184/184/1
f 184/184/1 149/149/1 148/148/1
f 185/185/1 184/184/1 183/183/1
f 186/186/1 184/184/1 185/185/1
f 187/187/1 188/188/1 186/186/1
f 186/186/1 185/185/1 187/187/1
f 188/188/1 187/187/1 189/189/1
f 189/189/1 190/190/1 188/188/1
f 191/191/1 190/190/1 189/189/1
f 189/189/1 192/192/1 191/191/1
f 193/193/1 194/194/1 195/195/1
f 195/195/1 196/196/1 193/193/1
f 197/197/1 193/193/1 196/196/1
f 151/151/1 150/150/1 197/197/1
f 151/151/1 197/197/1 196/196/1
f 198/198/1 152/152/1 151/151/1
f 151/151/1 196/196/1 198/198/1
f 199/199/1 153/153/1 152/152/1
f 152/152/1 198/198/1 199/199/1
f 200/200/1 154/154/1 153/153/1
f 153/153/1 199/199/1 200/200/1
f 201/201/1 155/155/1 154/154/1
f 154/154/1 200/200/1 201/201/1
f 202/202/1 156/156/1 155/155/1
f 155/155/1 201/201/1 202/202/1
f 203/203/1 157/157/1 156/156/1
f 156/156/1 202/202/1 203/203/1
f 204/204/1 158/158/1 157/157/1
f 157/157/1 203/203/1 204/204/1
f 205/205/1 159/159/1 158/158/1
f 158/158/1 204/204/1 205/205/1
f 206/206/1 161/161/1 159/159/1
f 159/159/1 205/205/1 206/206/1
f 207/207/1 163/163/1 161/161/1
f 161/161/1 206/206/1 207/207/1
f 208/208/1 164/164/1 163/163/1
f 163/163/1 207/207/1 208/208/1
f 209/209/1 165/165/1 164/164/1
f 164/164/1 208/208/1 209/209/1
f 210/210/1 167/167/1 165/165/1
f 165/165/1 209/209/1 210/210/1
f 211/211/1 171/171/1 167/167/1
f 167/167/1 210/210/1 211/211/1
f 212/212/1 173/173/1 171/171/1
f 171/171/1 211/211/1 212/212/1
f 213/213/1 174/174/1 173/173/1
f 173/173/1 212/212/1 213/213/1
f 214/214/1 175/175/1 174/174/1
f 174/174/1 213/213/1 214/214/1
f 215/215/1 176/176/1 175/175/1
f 175/175/1 214/214/1 215/215/1
f 216/216/1 177/177/1 176/176/1
f 176/176/1 215/215/1 216/216/1
f 217/217/1 178/178/1 177/177/1
f 177/177/1 216/216/1 217/217/1
f 218/218/1 179/179/1 178/178/1
f 178/178/1 217/217/1 218/218/1
f 219/219/1 180/180/1 179/179/1
f 179/179/1 218/218/1 219/219/1
f 220/220/1 181/181/1 180/180/1
f 180/180/1 219/219/1 220/220/1
f 221/221/1 182/182/1 181/181/1
f 181/181/1 220/220/1 221/221/1
f 222/222/1 183/183/1 182/182/1
f 182/182/1 221/221/1 222/222/1
f 223/223/1 185/185/1 183/183/1
f 183/183/1 222/222/1 223/223/1
f 224/224/1 187/187/1 185/185/1
f 185/185/1 223/223/1 224/224/1
f 225/225/1 189/189/1 187/187/1
f 187/187/1 224/224/1 225/225/1
f 192/192/1 189/189/1 225/225/1
f 225/225/1 226/226/1 192/192/1
f 227/227/1 228/228/1 194/194/1
f 195/195/1 194/194/1 228/228/1
f 229/229/1 196/196/1 195/195/1
f 195/195/1 228/228/1 229/229/1
f 230/230/1 198/198/1 196/196/1
f 196/196/1 229/229/1 230/230/1
f 231/231/1 199/199/1 198/198/1
f 198/198/1 230/230/1 231/231/1
f 232/232/1 200/200/1 199/199/1
f 199/199/1 231/231/1 232/232/1
f 233/233/1 201/201/1 200/200/1
f 200/200/1 232/232/1 233/233/1
f 234/234/1 202/202/1 201/201/1
f 201/201/1 233/233/1 234/234/1
f 235/235/1 203/203/1 202/202/1
f 202/202/1 234/234/1 235/235/1
f 236/236/1 204/204/1 203/203/1
f 203/203/1 235/235/1 236/236/1
f 237/237/1 205/205/1 204/204/1
f 204/204/1 236/236/1 237/237/1
f 238/238/1 206/206/1 205/205/1
f 205/205/1 237/237/1 238/238/1
f 239/239/1 207/207/1 206/206/1
f 206/206/1 238/238/1 239/239/1
f 240/240/1 208/208/1 207/207/1
f 207/207/1 239/239/1 240/240/1
f 241/241/1 209/209/1 208/208/1
f 208/208/1 240/240/1 241/241/1
f 242/242/1 210/210/1 209/209/1
f 209/209/1 241/241/1 242/242/1
f 243/243/1 211/211/1 210/210/1
f 210/210/1 242/242/1 243/243/1
f 244/244/1 212/212/1 211/211/1
f 211/211/1 243/243/1 244/244/1
f 245/245/1 213/213/1 212/212/1
f 212/212/1 244/244/1 245/245/1
f 246/246/1 214/214/1 213/213/1
f 213/213/1 245/245/1 246/246/1
f 247/247/1 215/215/1 214/214/1
f 214/214/1 246/246/1 247/247/1
f 248/248/1 216/216/1 215/215/1
f 215/215/1 247/247/1 248/248/1
f 249/249/1 217/217/1 216/216/1
f 216/216/1 248/248/1 249/249/1
f 250/250/1 218/218/1 217/217/1
f 217/217/1 249/249/1 250/250/1
f 251/251/1 219/219/1 218/218/1
f 218/218/1 250/250/1 251/251/1
f 252/252/1 220/220/1 219/219/1
f 219/219/1 251/251/1 252/252/1
f 253/253/1 221/221/1 220/220/1
f 220/220/1 252/252/1 253/253/1
f 254/254/1 222/222/1 221/221/1
f 221/221/1 253/253/1 254/254/1
f 255/255/1 223/223/1 222/222/1
f 222/222/1 254/254/1 255/255/1
f 256/256/1 224/224/1 223/223/1
f 223/223/1 255/255/1 256/256/1
f 257/257/1 225/225/1 224/224/1
f 224/224/1 256/256/1 257/257/1
f 225/225/1 257/257/1 258/258/1
f 258/258/1 226/226/1 225/225/1
f 259/259/1 258/258/1 257/257/1
f 260/260/1 258/258/1 259/259/1
f 259/259/1 261/261/1 260/260/1
f 262/262/1 263/263/1 264/264/1
f 264/264/1 265/265/1 262/262/1
f 266/266/1 262/262/1 265/265/1
f 228/228/1 227/227/1 266/266/1
f 228/228/1 266/266/1 265/265/1
f 267/267/1 229/229/1 228/228/1
f 228/228/1 265/265/1 267/267/1
f 268/268/1 230/230/1 229/229/1
f 229/229/1 267/267/1 268/268/1
f 269/269/1 231/231/1 230/230/1
f 230/230/1 268/268/1 269/269/1
f 270/270/1 232/232/1 231/231/1
f 231/231/1 269/269/1 270/270/1
f 271/271/1 233/233/1 232/232/1
f 232/232/1 270/270/1 271/271/1
f 272/272/1 234/234/1 233/233/1
f 233/233/1 271/271/1 272/272/1
f 273/273/1 235/235/1 234/234/1
f 234/234/1 272/272/1 273/273/1
f 274/274/1 236/236/1 235/235/1
f 235/235/1 273/273/1 274/274/1
f 275/275/1 237/237/1 236/236/1
f 236/236/1 274/274/1 275/275/1
f 276/276/1 238/238/1 237/237/1
f 237/237/1 275/275/1 276/276/1
f 277/277/1 239/239/1 238/238/1
f 238/238/1 276/276/1 277/277/1
f 278/278/1 240/240/1 239/239/1
f 239/239/1 277/277/1 278/278/1
f 279/279/1 241/241/1 240/240/1
f 240/240/1 278/278/1 279/279/1
f 280/280/1 242/242/1 241/241/1
f 241/241/1 279/279/1 280/280/1
f 281/281/1 243/243/1 242/242/1
f 242/242/1 280/280/1 281/281/1
f 282/282/1 244/244/1 243/243/1
f 243/243/1 281/281/1 282/282/1
f 283/283/1 245/245/1 244/244/1
f 244/244/1 282/282/1 283/283/1
f 284/284/1 246/246/1 245/245/1
f 245/245/1 283/283/1 284/284/1
f 285/285/1 247/247/1 246/246/1
f 246/246/1 284/284/1 285/285/1
f 286/286/1 248/248/1 247/247/1
f 247/247/1 285/285/1 286/286/1
f 287/287/1 249/249/1 248/248/1
f 248/248/1 286/286/1 287/287/1
f 288/288/1 250/250/1 249/249/1
f 249/249/1 287/287/1 288/288/1
f 289/289/1 251/251/1 250/250/1
f 250/250/1 288/288/1 289/289/1
f 290/290/1 252/252/1 251/251/1
f 251/251/1 289/289/1 290/290/1
f 291/291/1 253/253/1 252/252/1
f 252/252/1 290/290/1 291/291/1
f 292/292/1 254/254/1 253/253/1
f 253/253/1 291/291/1 292/292/1
f 293/293/1 255/255/1 254/254/1
f 254/254/1 292/292/1 293/293/1
f 294/294/1 256/256/1 255/255/1
f 255/255/1 293/293/1 294/294/1
f 295/295/1 257/257/1 256/256/1
f 256/256/1 294/294/1 295/295/1
f 296/296/1 259/259/1 257/257/1
f 257/257/1 295/295/1 296/296/1
f 259/259/1 296/296/1 261/261/1
f 297/297/1 261/261/1 298/298/1
f 296/296/1 298/298/1 261/261/1
f 297/297/1 298/298/1 299/299/1
f 300/300/1 299/299/1 298/298/1
f 301/301/1 299/299/1 300/300/1
f 300/300/1 302/302/1 301/301/1
f 303/303/1 304/304/1 263/263/1
f 264/264/1 263/263/1 304/304/1
f 305/305/1 265/265/1 264/264/1
f 264/264/1 304/304/1 305/305/1
f 306/306/1 267/267/1 265/265/1
f 265/265/1 305/305/1 306/306/1
f 307/307/1 268/268/1 267/267/1
f 267/267/1 306/306/1 307/307/1
f 308/308/1 269/269/1 268/268/1
f 268/268/1 307/307/1 308/308/1
f 309/309/1 270/270/1 269/269/1
f 269/269/1 308/308/1 309/309/1
f 310/310/1 271/271/1 270/270/1
f 270/270/1 309/309/1 310/310/1
f 311/311/1 272/272/1 271/271/1
f 271/271/1 310/310/1 311/311/1
f 312/312/1 273/273/1 272/272/1
f 272/272/1 311/311/1 312/312/1
f 313/313/1 274/274/1 273/273/1
f 273/273/1 312/312/1 313/313/1
f 314/314/1 275/275/1 274/274/1
f 274/274/1 313/313/1 314/314/1
f 315/315/1 276/276/1 275/275/1
f 275/275/1 314/314/1 315/315/1
f 316/316/1 277/277/1 276/276/1
f 276/276/1 315/315/1 316/316/1
f 317/317/1 278/278/1 277/277/1
f 277/277/1 316/316/1 317/317/1
f 318/318/1 279/279/1 278/278/1
f 278/278/1 317/317/1 318/318/1
f 319/319/1 280/280/1 279/279/1
f 279/279/1 318/318/1 319/319/1
f 320/320/1 281/281/1 280/280/1
f 280/280/1 319/319/1 320/320/1
f 321/321/1 282/282/1 281/281/1
f 281/281/1 320/320/1 321/321/1
f 322/322/1 283/283/1 282/282/1
f 282/282/1 321/321/1 322/322/1
f 323/323/1 284/284/1 283/283/1
f 283/283/1 322/322/1 323/323/1
f 324/324/1 285/285/1 284/284/1
f 284/284/1 323/323/1 324/324/1
f 325/325/1 286/286/1 285/285/1
f 285/285/1 324/324/1 325/325/1
f 326/326/1 287/287/1 286/286/1
f 286/286/1 325/325/1 326/326/1
f 327/327/1 288/288/1 287/287/1
f 287/287/1 326/326/1 327/327/1
f 328/328/1 289/289/1 288/288/1
f 288/288/1 327/327/1 328/328/1
f 329/329/1 290/290/1 289/289/1
f 289/289/1 328/328/1 329/329/1
f 330/330/1 291/291/1 290/290/1
f 290/290/1 329/329/1 330/330/1
f 331/331/1 292/292/1 291/291/1
f 291/291/1 330/330/1 331/331/1
f 332/332/1 293/293/1 292/292/1
f 292/292/1 331/331/1 332/332/1
f 333/333/1 294/294/1 293/293/1
f 293/293/1 332/332/1 333/333/1
f 334/334/1 295/295/1 294/294/1
f 294/294/1 333/333/1 334/334/1
f 335/335/1 296/296/1 295/295/1
f 295/295/1 334/334/1 335/335/1
f 336/336/1 298/298/1 296/296/1
f 296/296/1 335/335/1 336/336/1
f 337/337/1 300/300/1 298/298/1
f 298/298/1 336/336/1 337/337/1
f 302/302/1 300/300/1 337/337/1
f 337/337/1 338/338/1 302/302/1
f 339/339/1 340/340/1 341/341/1
f 339/339/1 341/341/1 342/342/1
f 342/342/1 343/343/1 339/339/1
f 342/342/1 344/344/1 345/345/1
f 345/345/1 343/343/1 342/342/1
f 304/304/1 303/303/1 345/345/1
f 304/304/1 345/345/1 344/344/1
f 346/346/1 305/305/1 304/304/1
f 304/304/1 344/344/1 346/346/1
f 347/347/1 306/306/1 305/305/1
f 305/305/1 346/346/1 347/347/1
f 348/348/1 307/307/1 306/306/1
f 306/306/1 347/347/1 348/348/1
f 349/349/1 308/308/1 307/307/1
f 307/307/1 348/348/1 349/349/1
f 350/350/1 309/309/1 308/308/1
f 308/308/1 349/349/1 350/350/1
f 351/351/1 310/310/1 309/309/1
f 309/309/1 350/350/1 351/351/1
f 352/352/1 311/311/1 310/310/1
f 310/310/1 351/351/1 352/352/1
f 353/353/1 312/312/1 311/311/1
f 311/311/1 352/352/1 353/353/1
f 354/354/1 313/313/1 312/312/1
f 312/312/1 353/353/1 354/354/1
f 355/355/1 314/314/1 313/313/1
f 313/313/1 354/354/1 355/355/1
f 356/356/1 315/315/1 314/314/1
f 314/314/1 355/355/1 356/356/1
f 357/357/1 316/316/1 315/315/1
f 315/315/1 356/356/1 357/357/1
f 358/358/1 317/317/1 316/316/1
f 316/316/1 357/357/1 358/358/1
f 359/359/1 318/318/1 317/317/1
f 317/317/1 358/358/1 359/359/1
f 360/360/1 319/319/1 318/318/1
f 318/318/1 359/359/1 360/360/1
f 361/361/1 320/320/1 319/319/1
f 319/319/1 360/360/1 361/361/1
f 362/362/1 321/321/1 320/320/1
f 320/320/1 361/361/1 362/362/1
f 363/363/1 322/322/1 321/321/1
f 321/321/1 362/362/1 363/363/1
f 364/364/1 323/323/1 322/322/1
f 322/322/1 363/363/1 364/364/1
f 365/365/1 324/324/1 323/323/1
f 323/323/1 364/364/1 365/365/1
f 366/366/1 325/325/1 324/324/1
f 324/324/1 365/365/1 366/366/1
f 367/367/1 326/326/1 325/325/1
f 325/325/1 366/366/1 367/367/1
f 368/368/1 327/327/1 326/326/1
f 326/326/1 367/367/1 368/368/1
f 369/369/1 328/328/1 327/327/1
f 327/327/1 368/368/1 369/369/1
f 370/370/1 329/329/1 328/328/1
f 328/328/1 369/369/1 370/370/1
f 371/371/1 330/330/1 329/329/1
f 329/329/1 370/370/1 371/371/1
f 372/372/1 331/331/1 330/330/1
f 330/330/1 371/371/1 372/372/1
f 373/373/1 332/332/1 331/331/1
f 331/331/1 372/372/1 373/373/1
f 374/374/1 333/333/1 332/332/1
f 332/332/1 373/373/1 374/374/1
f 375/375/1 334/334/1 333/333/1
f 333/333/1 374/374/1 375/375/1
f 376/376/1 335/335/1 334/334/1
f 334/334/1 375/375/1 376/376/1
f 377/377/1 336/336/1 335/335/1
f 335/335/1 376/376/1 377/377/1
f 378/378/1 337/337/1 336/336/1
f 336/336/1 377/377/1 378/378/1
f 338/338/1 337/337/1 378/378/1
f 378/378/1 379/379/1 338/338/1
f 380/380/1 381/381/1 382/382/1
f 380/380/1 382/382/1 383/383/1
f 384/384/1 385/385/1 380/380/1
f 380/380/1 383/383/1 384/384/1
f 384/384/1 383/383/1 386/386/1
f 386/386/1 387/387/1 384/384/1
f 386/386/1 388/388/1 389/389/1
f 389/389/1 387/387/1 386/386/1
f 341/341/1 340/340/1 389/389/1
f 341/341/1 389/389/1 388/388/1
f 390/390/1 342/342/1 341/341/1
f 341/341/1 388/388/1 390/390/1
f 391/391/1 344/344/1 342/342/1
f 342/342/1 390/390/1 391/391/1
f 392/392/1 346/346/1 344/344/1
f 344/344/1 391/391/1 392/392/1
f 393/393/1 347/347/1 346/346/1
f 346/346/1 392/392/1 393/393/1
f 394/394/1 348/348/1 347/347/1
f 347/347/1 393/393/1 394/394/1
f 395/395/1 349/349/1 348/348/1
f 348/348/1 394/394/1 395/395/1
f 396/396/1 350/350/1 349/349/1
f 349/349/1 395/395/1 396/396/1
f 397/397/1 351/351/1 350/350/1
f 350/350/1 396/396/1 397/397/1
f 398/398/1 352/352/1 351/351/1
f 351/351/1 397/397/1 398/398/1
f 399/399/1 353/353/1 352/352/1
f 352/352/1 398/398/1 399/399/1
f 400/400/1 354/354/1 353/353/1
f 353/353/1 399/399/1 400/400/1
f 401/401/1 355/355/1 354/354/1
f 354/354/1 400/400/1 401/401/1
f 402/402/1 356/356/1 355/355/1
f 355/355/1 401/401/1 402/402/1
f 403/403/1 357/357/1 356/356/1
f 356/356/1 402/402/1 403/403/1
f 404/404/1 358/358/1 357/357/1
f 357/357/1 403/403/1 404/404/1
f 405/405/1 359/359/1 358/358/1
f 358/358/1 404/404/1 405/405/1
f 406/406/1 360/360/1 359/359/1
f 359/359/1 405/405/1 406/406/1
f 407/407/1 361/361/1 360/360/1
f 360/360/1 406/406/1 407/407/1
f 408/408/1 362/362/1 361/361/1
f 361/361/1 407/407/1 408/408/1
f 409/409/1 363/363/1 362/362/1
f 362/362/1 408/408/1 409/409/1
f 410/410/1 364/364/1 363/363/1
f 363/363/1 409/409/1 410/410/1
f 411/411/1 365/365/1 364/364/1
f 364/364/1 410/410/1 411/411/1
f 412/412/1 366/366/1 365/365/1
f 365/365/1 411/411/1 412/412/1
f 413/413/1 367/367/1 366/366/1
f 366/366/1 412/412/1 413/413/1
f 414/414/1 368/368/1 367/367/1
f 367/367/1 413/413/1 414/414/1
f 415/415/1 369/369/1 368/368/1
f 368/368/1 414/414/1 415/415/1
f 416/416/1 370/370/1 369/369/1
f 369/369/1 415/415/1 416/416/1
f 417/417/1 371/371/1 370/370/1
f 370/370/1 416/416/1 417/417/1
f 418/418/1 372/372/1 371/371/1
f 371/371/1 417/417/1 418/418/1
f 419/419/1 373/373/1 372/372/1
f 372/372/1 418/418/1 419/419/1
f 420/420/1 374/374/1 373/373/1
f 373/373/1 419/419/1 420/420/1
f 421/421/1 375/375/1 374/374/1
f 374/374/1 420/420/1 421/421/1
f 422/422/1 376/376/1 375/375/1
f 375/375/1 421/421/1 422/422/1
f 423/423/1 377/377/1 376/376/1
f 376/376/1 422/422/1 423/423/1
f 424/424/1 378/378/1 377/377/1
f 377/377/1 423/423/1 424/424/1
f 378/378/1 424/424/1 425/425/1
f 425/425/1 379/379/1 378/378/1
f 426/426/1 427/427/1 425/425/1
f 426/426/1 425/425/1 424/424/1
f 428/428/1 427/427/1 426/426/1
f 429/429/1 430/430/1 381/381/1
f 382/382/1 381/381/1 430/430/1
f 431/431/1 383/383/1 382/382/1
f 382/382/1 430/430/1 431/431/1
f 432/432/1 386/386/1 383/383/1
f 383/383/1 431/431/1 432/432/1
f 433/433/1 388/388/1 386/386/1
f 386/386/1 432/432/1 433/433/1
f 434/434/1 390/390/1 388/388/1
f 388/388/1 433/433/1 434/434/1
f 435/435/1 391/391/1 390/390/1
f 390/390/1 434/434/1 435/435/1
f 436/436/1 392/392/1 391/391/1
f 391/391/1 435/435/1 436/436/1
f 437/437/1 393/393/1 392/392/1
f 392/392/1 436/436/1 437/437/1
f 438/438/1 394/394/1 393/393/1
f 393/393/1 437/437/1 438/438/1
f 439/439/1 395/395/1 394/394/1
f 394/394/1 438/438/1 439/439/1
f 440/440/1 396/396/1 395/395/1
f 395/395/1 439/439/1 440/440/1
f 441/441/1 397/397/1 396/396/1
f 396/396/1 440/440/1 441/441/1
f 442/442/1 398/398/1 397/397/1
f 397/397/1 441/441/1 442/442/1
f 443/443/1 399/399/1 398/398/1
f 398/398/1 442/442/1 443/443/1
f 444/444/1 400/400/1 399/399/1
f 399/399/1 443/443/1 444/444/1
f 445/445/1 401/401/1 400/400/1
f 400/400/1 444/444/1 445/445/1
f 446/446/1 402/402/1 401/401/1
f 401/401/1 445/445/1 446/446/1
f 447/447/1 403/403/1 402/402/1
f 402/402/1 446/446/1 447/447/1
f 448/448/1 404/404/1 403/403/1
f 403/403/1 447/447/1 448/448/1
f 449/449/1 405/405/1 404/404/1
f 404/404/1 448/448/1 449/449/1
f 450/450/1 406/406/1 405/405/1
f 405/405/1 449/449/1 450/450/1
f 451/451/1 407/407/1 406/406/1
f 406/406/1 450/450/1 451/451/1
f 452/452/1 408/408/1 407/407/1
f 407/407/1 451/451/1 452/452/1
f 453/453/1 409/409/1 408/408/1
f 408/408/1 452/452/1 453/453/1
f 454/454/1 410/410/1 409/409/1
f 409/409/1 453/453/1 454/454/1
f 455/455/1 411/411/1 410/410/1
f 410/410/1 454/454/1 455/455/1
f 456/456/1 412/412/1 411/411/1
f 411/411/1 455/455/1 456/456/1
f 457/457/1 413/413/1 412/412/1
f 412/412/1 456/456/1 457/457/1
f 458/458/1 414/414/1 413/413/1
f 413/413/1 457/457/1 458/458/1
f 459/459/1 415/415/1 414/414/1
f 414/414/1 458/458/1 459/459/1
f 460/460/1 416/416/1 415/415/1
f 415/415/1 459/459/1 460/460/1
f 461/461/1 417/417/1 416/416/1
f 416/416/1 460/460/1 461/461/1
f 462/462/1 418/418/1 417/417/1
f 417/417/1 461/461/1 462/462/1
f 463/463/1 419/419/1 418/418/1
f 418/418/1 462/462/1 463/463/1
f 464/464/1 420/420/1 419/419/1
f 419/419/1 463/463/1 464/464/1
f 465/465/1 421/421/1 420/420/1
f 420/420/1 464/464/1 465/465/1
f 466/466/1 422/422/1 421/421/1
f 421/421/1 465/465/1 466/466/1
f 467/467/1 423/423/1 422/422/1
f 422/422/1 466/466/1 467/467/1
f 468/468/1 424/424/1 423/423/1
f 423/423/1 467/467/1 468/468/1
f 469/469/1 426/426/1 424/424/1
f 424/424/1 468/468/1 469/469/1
f 428/428/1 426/426/1 469/469/1
f 469/469/1 470/470/1 428/428/1
f 471/471/1 472/472/1 429/429/1
f 430/430/1 429/429/1 472/472/1
f 473/473/1 431/431/1 430/430/1
f 430/430/1 472/472/1 473/473/1
f 474/474/1 432/432/1 431/431/1
f 431/431/1 473/473/1 474/474/1
f 475/475/1 433/433/1 432/432/1
f 432/432/1 474/474/1 475/475/1
f 476/476/1 434/434/1 433/433/1
f 433/433/1 475/475/1 476/476/1
f 477/477/1 435/435/1 434/434/1
f 434/434/1 476/476/1 477/477/1
f 478/478/1 436/436/1 435/435/1
f 435/435/1 477/477/1 478/478/1
f 479/479/1 437/437/1 436/436/1
f 436/436/1 478/478/1 479/479/1
f 480/480/1 438/438/1 437/437/1
f 437/437/1 479/479/1 480/480/1
f 481/481/1 439/439/1 438/438/1
f 438/438/1 480/480/1 481/481/1
f 482/482/1 440/440/1 439/439/1
f 439/439/1 481/481/1 482/482/1
f 483/483/1 441/441/1 440/440/1
f 440/440/1 482/482/1 483/483/1
f 484/484/1 442/442/1 441/441/1
f 441/441/1 483/483/1 484/484/1
f 485/485/1 443/443/1 442/442/1
f 442/442/1 484/484/1 485/485/1
f 486/486/1 444/444/1 443/443/1
f 443/443/1 485/485/1 486/486/1
f 487/487/1 445/445/1 444/444/1
f 444/444/1 486/486/1 487/487/1
f 488/488/1 446/446/1 445/445/1
f 445/445/1 487/487/1 488/488/1
f 489/489/1 447/447/1 446/446/1
f 446/446/1 488/488/1 489/489/1
f 490/490/1 448/448/1 447/447/1
f 447/447/1 489/489/1 490/490/1
f 491/491/1 449/449/1 448/448/1
f 448/448/1 490/490/1 491/491/1
f 492/492/1 450/450/1 449/449/1
f 449/449/1 491/491/1 492/492/1
f 493/493/1 451/451/1 450/450/1
f 450/450/1 492/492/1 493/493/1
f 494/494/1 452/452/1 451/451/1
f 451/451/1 493/493/1 494/494/1
f 495/495/1 453/453/1 452/452/1
f 452/452/1 494/494/1 495/495/1
f 496/496/1 454/454/1 453/453/1
f 453/453/1 495/495/1 496/496/1
f 497/497/1 455/455/1 454/454/1
f 454/454/1 496/496/1 497/497/1
f 498/498/1 456/456/1 455/455/1
f 455/455/1 497/497/1 498/498/1
f 499/499/1 457/457/1 456/456/1
f 456/456/1 498/498/1 499/499/1
f 500/500/1 458/458/1 457/457/1
f 457/457/1 499/499/1 500/500/1
f 501/501/1 459/459/1 458/458/1
f 458/458/1 500/500/1 501/501/1
f 502/502/1 460/460/1 459/459/1
f 459/459/1 501/501/1 502/502/1
f 503/503/1 461/461/1 460/460/1
f 460/460/1 502/502/1 503/503/1
f 504/504/1 462/462/1 461/461/1
f 461/461/1 503/503/1 504/504/1
f 505/505/1 463/463/1 462/462/1
f 462/462/1 504/504/1 505/505/1
f 506/506/1 464/464/1 463/463/1
f 463/463/1 505/505/1 506/506/1
f 507/507/1 465/465/1 464/464/1
f 464/464/1 506/506/1 507/507/1
f 508/508/1 466/466/1 465/465/1
f 465/465/1 507/507/1 508/508/1
f 509/509/1 467/467/1 466/466/1
f 466/466/1 508/508/1 509/509/1
f 510/510/1 468/468/1 467/467/1
f 467/467/1 509/509/1 510/510/1
f 511/511/1 469/469/1 468/468/1
f 468/468/1 510/510/1 511/511/1
f 469/469/1 511/511/1 470/470/1
f 512/512/1 470/470/1 511/511/1
f 513/513/1 512/512/1 511/511/1
f 514/514/1 512/512/1 513/513/1
f 513/513/1 515/515/1 514/514/1
f 516/516/1 517/517/1 518/518/1
f 518/518/1 519/519/1 516/516/1
f 520/520/1 516/516/1 472/472/1
f 472/472/1 471/471/1 520/520/1
f 519/519/1 472/472/1 516/516/1
f 521/521/1 473/473/1 472/472/1
f 472/472/1 519/519/1 521/521/1
f 522/522/1 474/474/1 473/473/1
f 473/473/1 521/521/1 522/522/1
f 523/523/1 475/475/1 474/474/1
f 474/474/1 522/522/1 523/523/1
f 524/524/1 476/476/1 475/475/1
f 475/475/1 523/523/1 524/524/1
f 525/525/1 477/477/1 476/476/1
f 476/476/1 524/524/1 525/525/1
f 526/526/1 478/478/1 477/477/1
f 477/477/1 525/525/1 526/526/1
f 527/527/1 479/479/1 478/478/1
f 478/478/1 526/526/1 527/527/1
f 528/528/1 480/480/1 479/479/1
f 479/479/1 527/527/1 528/528/1
f 529/529/1 481/481/1 480/480/1
f 480/480/1 528/528/1 529/529/1
f 530/530/1 482/482/1 481/481/1
f 481/481/1 529/529/1 530/530/1
f 531/531/1 483/483/1 482/482/1
f 482/482/1 530/530/1 531/531/1
f 532/532/1 484/484/1 483/483/1
f 483/483/1 531/531/1 532/532/1
f 533/533/1 485/485/1 484/484/1
f 484/484/1 532/532/1 533/533/1
f 534/534/1 486/486/1 485/485/1
f 485/485/1 533/533/1 534/534/1
f 535/535/1 487/487/1 486/486/1
f 486/486/1 534/534/1 535/535/1
f 536/536/1 488/488/1 487/487/1
f 487/487/1 535/535/1 536/536/1
f 537/537/1 489/489/1 488/488/1
f 488/488/1 536/536/1 537/537/1
f 538/538/1 490/490/1 489/489/1
f 489/489/1 537/537/1 538/538/1
f 539/539/1 491/491/1 490/490/1
f 490/490/1 538/538/1 539/539/1
f 540/540/1 492/492/1 491/491/1
f 491/491/1 539/539/1 540/540/1
f 541/541/1 493/493/1 492/492/1
f 492/492/1 540/540/1 541/541/1
f 542/542/1 494/494/1 493/493/1
f 493/493/1 541/541/1 542/542/1
f 543/543/1 495/495/1 494/494/1
f 494/494/1 542/542/1 543/543/1
f 544/544/1 496/496/1 495/495/1
f 495/495/1 543/543/1 544/544/1
f 545/545/1 497/497/1 496/496/1
f 496/496/1 544/544/1 545/545/1
f 546/546/1 498/498/1 497/497/1
f 497/497/1 545/545/1 546/546/1
f 547/547/1 499/499/1 498/498/1
f 498/498/1 546/546/1 547/547/1
f 548/548/1 500/500/1 499/499/1
f 499/499/1 547/547/1 548/548/1
f 549/549/1 501/501/1 500/500/1
f 500/500/1 548/548/1 549/549/1
f 550/550/1 502/502/1 501/501/1
f 501/501/1 549/549/1 550/550/1
f 551/551/1 503/503/1 502/502/1
f 502/502/1 550/550/1 551/551/1
f 552/552/1 504/504/1 503/503/1
f 503/503/1 551/551/1 552/552/1
f 553/553/1 505/505/1 504/504/1
f 504/504/1 552/552/1 553/553/1
f 554/554/1 506/506/1 505/505/1
f 505/505/1 553/553/1 554/554/1
f 555/555/1 507/507/1 506/506/1
f 506/506/1 554/554/1 555/555/1
f 556/556/1 508/508/1 507/507/1
f 507/507/1 555/555/1 556/556/1
f 557/557/1 509/509/1 508/508/1
f 508/508/1 556/556/1 557/557/1
f 558/558/1 510/510/1 509/509/1
f 509/509/1 557/557/1 558/558/1
f 559/559/1 511/511/1 510/510/1
f 510/510/1 558/558/1 559/559/1
f 560/560/1 513/513/1 511/511/1
f 511/511/1 559/559/1 560/560/1
f 515/515/1 513/513/1 560/560/1
f 560/560/1 561/561/1 515/515/1
f 562/562/1 563/563/1 517/517/1
f 518/518/1 517/517/1 563/563/1
f 564/564/1 519/519/1 518/518/1
f 518/518/1 563/563/1 564/564/1
f 565/565/1 521/521/1 519/519/1
f 519/519/1 564/564/1 565/565/1
f 566/566/1 522/522/1 521/521/1
f 521/521/1 565/565/1 566/566/1
f 567/567/1 523/523/1 522/522/1
f 522/522/1 566/566/1 567/567/1
f 568/568/1 524/524/1 523/523/1
f 523/523/1 567/567/1 568/568/1
f 569/569/1 525/525/1 524/524/1
f 524/524/1 568/568/1 569/569/1
f 570/570/1 526/526/1 525/525/1
f 525/525/1 569/569/1 570/570/1
f 571/571/1 527/527/1 526/526/1
f 526/526/1 570/570/1 571/571/1
f 572/572/1 528/528/1 527/527/1
f 527/527/1 571/571/1 572/572/1
f 573/573/1 529/529/1 528/528/1
f 528/528/1 572/572/1 573/573/1
f 574/574/1 530/530/1 529/529/1
f 529/529/1 573/573/1 574/574/1
f 575/575/1 531/531/1 530/530/1
f 530/530/1 574/574/1 575/575/1
f 576/576/1 532/532/1 531/531/1
f 531/531/1 575/575/1 576/576/1
f 577/577/1 533/533/1 532/532/1
f 532/532/1 576/576/1 577/577/1
f 578/578/1 534/534/1 533/533/1
f 533/533/1 577/577/1 578/578/1
f 579/579/1 535/535/1 534/534/1
f 534/534/1 578/578/1 579/579/1
f 580/580/1 536/536/1 535/535/1
f 535/535/1 579/579/1 580/580/1
f 581/581/1 537/537/1 536/536/1
f 536/536/1 580/580/1 581/581/1
f 582/582/1 538/538/1 537/537/1
f 537/537/1 581/581/1 582/582/1
f 583/583/1 539/539/1 538/538/1
f 538/538/1 582/582/1 583/583/1
f 584/584/1 540/540/1 539/539/1
f 539/539/1 583/583/1 584/584/1
f 585/585/1 541/541/1 540/540/1
f 540/540/1 584/584/1 585/585/1
f 586/586/1 542/542/1 541/541/1
f 541/541/1 585/585/1 586/586/1
f 587/587/1 543/543/1 542/542/1
f 542/542/1 586/586/1 587/587/1
f 588/588/1 544/544/1 543/543/1
f 543/543/1 587/587/1 588/588/1
f 589/589/1 545/545/1 544/544/1
f 544/544/1 588/588/1 589/589/1
f 590/590/1 546/546/1 545/545/1
f 545/545/1 589/589/1 590/590/1
f 591/591/1 547/547/1 546/546/1
f 546/546/1 590/590/1 591/591/1
f 592/592/1 548/548/1 547/547/1
f 547/547/1 591/591/1 592/592/1
f 593/593/1 549/549/1 548/548/1
f 548/548/1 592/592/1 593/593/1
f 594/594/1 550/550/1 549/549/1
f 549/549/1 593/593/1 594/594/1
f 595/595/1 551/551/1 550/550/1
f 550/550/1 594/594/1 595/595/1
f 596/596/1 552/552/1 551/551/1
f 551/551/1 595/595/1 596/596/1
f 597/597/1 553/553/1 552/552/1
f 552/552/1 596/596/1 597/597/1
f 598/598/1 554/554/1 553/553/1
f 553/553/1 597/597/1 598/598/1
f 599/599/1 555/555/1 554/554/1
f 554/554/1 598/598/1 599/599/1
f 600/600/1 556/556/1 555/555/1
f 555/555/1 599/599/1 600/600/1
f 601/601/1 557/557/1 556/556/1
f 556/556/1 600/600/1 601/601/1
f 602/602/1 558/558/1 557/557/1
f 557/557/1 601/601/1 602/602/1
f 603/603/1 559/559/1 558/558/1
f 558/558/1 602/602/1 603/603/1
f 604/604/1 560/560/1 559/559/1
f 559/559/1 603/603/1 604/604/1
f 561/561/1 560/560/1 604/604/1
f 604/604/1 605/605/1 561/561/1
f 606/606/1 607/607/1 608/608/1
f 562/562/1 608/608/1 563/563/1
f 607/607/1 563/563/1 608/608/1
f 609/609/1 564/564/1 563/563/1
f 563/563/1 607/607/1 609/609/1
f 610/610/1 565/565/1 564/564/1
f 564/564/1 609/609/1 610/610/1
f 611/611/1 566/566/1 565/565/1
f 565/565/1 610/610/1 611/611/1
f 612/612/1 567/567/1 566/566/1
f 566/566/1 611/611/1 612/612/1
f 613/613/1 568/568/1 567/567/1
f 567/567/1 612/612/1 613/613/1
f 614/614/1 569/569/1 568/568/1
f 568/568/1 613/613/1 614/614/1
f 615/615/1 570/570/1 569/569/1
f 569/569/1 614/614/1 615/615/1
f 616/616/1 571/571/1 570/570/1
f 570/570/1 615/615/1 616/616/1
f 617/617/1 572/572/1 571/571/1
f 571/571/1 616/616/1 617/617/1
f 618/618/1 573/573/1 572/572/1
f 572/572/1 617/617/1 618/618/1
f 619/619/1 574/574/1 573/573/1
f 573/573/1 618/618/1 619/619/1
f 620/620/1 575/575/1 574/574/1
f 574/574/1 619/619/1 620/620/1
f 621/621/1 576/576/1 575/575/1
f 575/575/1 620/620/1 621/621/1
f 622/622/1 577/577/1 576/576/1
f 576/576/1 621/621/1 622/622/1
f 623/623/1 578/578/1 577/577/1
f 577/577/1 622/622/1 623/623/1
f 624/624/1 579/579/1 578/578/1
f 578/578/1 623/623/1 624/624/1
f 625/625/1 580/580/1 579/579/1
f 579/579/1 624/624/1 625/625/1
f 626/626/1 581/581/1 580/580/1
f 580/580/1 625/625/1 626/626/1
f 627/627/1 582/582/1 581/581/1
f 581/581/1 626/626/1 627/627/1
f 628/628/1 583/583/1 582/582/1
f 582/582/1 627/627/1 628/628/1
f 629/629/1 584/584/1 583/583/1
f 583/583/1 628/628/1 629/629/1
f 630/630/1 585/585/1 584/584/1
f 584/584/1 629/629/1 630/630/1
f 631/631/1 586/586/1 585/585/1
f 585/585/1 630/630/1 631/631/1
f 632/632/1 587/587/1 586/586/1
f 586/586/1 631/631/1 632/632/1
f 633/633/1 588/588/1 587/587/1
f 587/587/1 632/632/1 633/633/1
f 634/634/1 589/589/1 588/588/1
f 588/588/1 633/633/1 634/634/1
f 635/635/1 590/590/1 589/589/1
f 589/589/1 634/634/1 635/635/1
f 636/636/1 591/591/1 590/590/1
f 590/590/1 635/635/1 636/636/1
f 637/637/1 592/592/1 591/591/1
f 591/591/1 636/636/1 637/637/1
f 638/638/1 593/593/1 592/592/1
f 592/592/1 637/637/1 638/638/1
f 639/639/1 594/594/1 593/593/1
f 593/593/1 638/638/1 639/639/1
f 640/640/1 595/595/1 594/594/1
f 594/594/1 639/639/1 640/640/1
f 641/641/1 596/596/1 595/595/1
f 595/595/1 640/640/1 641/641/1
f 642/642/1 597/597/1 596/596/1
f 596/596/1 641/641/1 642/642/1
f 643/643/1 598/598/1 597/597/1
f 597/597/1 642/642/1 643/643/1
f 644/644/1 599/599/1 598/598/1
f 598/598/1 643/643/1 644/644/1
f 645/645/1 600/600/1 599/599/1
f 599/599/1 644/644/1 645/645/1
f 646/646/1 601/601/1 600/600/1
f 600/600/1 645/645/1 646/646/1
f 647/647/1 602/602/1 601/601/1
f 601/601/1 646/646/1 647/647/1
f 648/648/1 603/603/1 602/602/1
f 602/602/1 647/647/1 648/648/1
f 649/649/1 604/604/1 603/603/1
f 603/603/1 648/648/1 649/649/1
f 605/605/1 604/604/1 650/650/1
f 651/651/1 650/650/1 649/649/1
f 649/649/1 650/650/1 604/604/1
f 652/652/1 653/653/1 607/607/1
f 607/607/1 606/606/1 652/652/1
f 654/654/1 609/609/1 607/607/1
f 607/607/1 653/653/1 654/654/1
f 655/655/1 610/610/1 609/609/1
f 609/609/1 654/654/1 655/655/1
f 656/656/1 611/611/1 610/610/1
f 610/610/1 655/655/1 656/656/1
f 657/657/1 612/612/1 611/611/1
f 611/611/1 656/656/1 657/657/1
f 658/658/1 613/613/1 612/612/1
f 612/612/1 657/657/1 658/658/1
f 659/659/1 614/614/1 613/613/1
f 613/613/1 658/658/1 659/659/1
f 660/660/1 615/615/1 614/614/1
f 614/614/1 659/659/1 660/660/1
f 661/661/1 616/616/1 615/615/1
f 615/615/1 660/660/1 661/661/1
f 662/662/1 617/617/1 616/616/1
f 616/616/1 661/661/1 662/662/1
f 663/663/1 618/618/1 617/617/1
f 617/617/1 662/662/1 663/663/1
f 664/664/1 619/619/1 618/618/1
f 618/618/1 663/663/1 664/664/1
f 665/665/1 620/620/1 619/619/1
f 619/619/1 664/664/1 665/665/1
f 666/666/1 621/621/1 620/620/1
f 620/620/1 665/665/1 666/666/1
f 667/667/1 622/622/1 621/621/1
f 621/621/1 666/666/1 667/667/1
f 668/668/1 623/623/1 622/622/1
f 622/622/1 667/667/1 668/668/1
f 669/669/1 624/624/1 623/623/1
f 623/623/1 668/668/1 669/669/1
f 670/670/1 625/625/1 624/624/1
f 624/624/1 669/669/1 670/670/1
f 671/671/1 626/626/1 625/625/1
f 625/625/1 670/670/1 671/671/1
f 672/672/1 627/627/1 626/626/1
f 626/626/1 671/671/1 672/672/1
f 673/673/1 628/628/1 627/627/1
f 627/627/1 672/672/1 673/673/1
f 674/674/1 629/629/1 628/628/1
f 628/628/1 673/673/1 674/674/1
f 675/675/1 630/630/1 629/629/1
f 629/629/1 674/674/1 675/675/1
f 676/676/1 631/631/1 630/630/1
f 630/630/1 675/675/1 676/676/1
f 677/677/1 632/632/1 631/631/1
f 631/631/1 676/676/1 677/677/1
f 678/678/1 633/633/1 632/632/1
f 632/632/1 677/677/1 678/678/1
f 679/679/1 634/634/1 633/633/1
f 633/633/1 678/678/1 679/679/1
f 680/680/1 635/635/1 634/634/1
f 634/634/1 679/679/1 680/680/1
f 681/681/1 636/636/1 635/635/1
f 635/635/1 680/680/1 681/681/1
f 682/682/1 637/637/1 636/636/1
f 636/636/1 681/681/1 682/682/1
f 683/683/1 638/638/1 637/637/1
f 637/637/1 682/682/1 683/683/1
f 684/684/1 639/639/1 638/638/1
f 638/638/1 683/683/1 684/684/1
f 685/685/1 640/640/1 639/639/1
f 639/639/1 684/684/1 685/685/1
f 686/686/1 641/641/1 640/640/1
f 640/640/1 685/685/1 686/686/1
f 687/687/1 642/642/1 641/641/1
f 641/641/1 686/686/1 687/687/1
f 688/688/1 643/643/1 642/642/1
f 642/642/1 687/687/1 688/688/1
f 689/689/1 644/644/1 643/643/1
f 643/643/1 688/688/1 689/689/1
f 690/690/1 645/645/1 644/644/1
f 644/644/1 689/689/1 690/690/1
f 691/691/1 646/646/1 645/645/1
f 645/645/1 690/690/1 691/691/1
f 692/692/1 647/647/1 646/646/1
f 646/646/1 691/691/1 692/692/1
f 693/693/1 648/648/1 647/647/1
f 647/647/1 692/692/1 693/693/1
f 694/694/1 649/649/1 648/648/1
f 648/648/1 693/693/1 694/694/1
f 651/651/1 649/649/1 695/695/1
f 694/694/1 695/695/1 649/649/1
f 696/696/1 697/697/1 653/653/1
f 653/653/1 652/652/1 696/696/1
f 698/698/1 654/654/1 653/653/1
f 653/653/1 697/697/1 698/698/1
f 699/699/1 655/655/1 654/654/1
f 654/654/1 698/698/1 699/699/1
f 700/700/1 656/656/1 655/655/1
f 655/655/1 699/699/1 700/700/1
f 701/701/1 657/657/1 656/656/1
f 656/656/1 700/700/1 701/701/1
f 702/702/1 658/658/1 657/657/1
f 657/657/1 701/701/1 702/702/1
f 703/703/1 659/659/1 658/658/1
f 658/658/1 702/702/1 703/703/1
f 704/704/1 660/660/1 659/659/1
f 659/659/1 703/703/1 704/704/1
f 705/705/1 661/661/1 660/660/1
f 660/660/1 704/704/1 705/705/1
f 706/706/1 662/662/1 661/661/1
f 661/661/1 705/705/1 706/706/1
f 707/707/1 663/663/1 662/662/1
f 662/662/1 706/706/1 707/707/1
f 708/708/1 664/664/1 663/663/1
f 663/663/1 707/707/1 708/708/1
f 709/709/1 665/665/1 664/664/1
f 664/664/1 708/708/1 709/709/1
f 710/710/1 666/666/1 665/665/1
f 665/665/1 709/709/1 710/710/1
f 711/711/1 667/667/1 666/666/1
f 666/666/1 710/710/1 711/711/1
f 712/712/1 668/668/1 667/667/1
f 667/667/1 711/711/1 712/712/1
f 713/713/1 669/669/1 668/668/1
f 668/668/1 712/712/1 713/713/1
f 714/714/1 670/670/1 669/669/1
f 669/669/1 713/713/1 714/714/1
f 715/715/1 671/671/1 670/670/1
f 670/670/1 714/714/1 715/715/1
f 716/716/1 672/672/1 671/671/1
f 671/671/1 715/715/1 716/716/1
f 717/717/1 673/673/1 672/672/1
f 672/672/1 716/716/1 717/717/1
f 718/718/1 674/674/1 673/673/1
f 673/673/1 717/717/1 718/718/1
f 719/719/1 675/675/1 674/674/1
f 674/674/1 718/718/1 719/719/1
f 720/720/1 676/676/1 675/675/1
f 675/675/1 719/719/1 720/720/1
f 721/721/1 677/677/1 676/676/1
f 676/676/1 720/720/1 721/721/1
f 722/722/1 678/678/1 677/677/1
f 677/677/1 721/721/1 722/722/1
f 723/723/1 679/679/1 678/678/1
f 678/678/1 722/722/1 723/723/1
f 724/724/1 680/680/1 679/679/1
f 679/679/1 723/723/1 724/724/1
f 725/725/1 681/681/1 680/680/1
f 680/680/1 724/724/1 725/725/1
f 726/726/1 682/682/1 681/681/1
f 681/681/1 725/725/1 726/726/1
f 727/727/1 683/683/1 682/682/1
f 682/682/1 726/726/1 727/727/1
f 728/728/1 684/684/1 683/683/1
f 683/683/1 727/727/1 728/728/1
f 729/729/1 685/685/1 684/684/1
f 684/684/1 728/728/1 729/729/1
f 730/730/1 686/686/1 685/685/1
f 685/685/1 729/729/1 730/730/1
f 731/731/1 687/687/1 686/686/1
f 686/686/1 730/730/1 731/731/1
f 732/732/1 688/688/1 687/687/1
f 687/687/1 731/731/1 732/732/1
f 733/733/1 689/689/1 688/688/1
f 688/688/1 732/732/1 733/733/1
f 734/734/1 690/690/1 689/689/1
f 689/689/1 733/733/1 734/734/1
f 735/735/1 691/691/1 690/690/1
f 690/690/1 734/734/1 735/735/1
f 736/736/1 692/692/1 691/691/1
f 691/691/1 735/735/1 736/736/1
f 737/737/1 693/693/1 692/692/1
f 692/692/1 736/736/1 737/737/1
f 738/738/1 694/694/1 693/693/1
f 693/693/1 737/737/1 738/738/1
f 695/695/1 694/694/1 739/739/1
f 738/738/1 739/739/1 694/694/1
f 740/740/1 741/741/1 742/742/1
f 697/697/1 696/696/1 742/742/1
f 697/697/1 742/742/1 741/741/1
f 743/743/1 698/698/1 697/697/1
f 697/697/1 741/741/1 743/743/1
f 744/744/1 699/699/1 698/698/1
f 698/698/1 743/743/1 744/744/1
f 745/745/1 700/700/1 699/699/1
f 699/699/1 744/744/1 745/745/1
f 746/746/1 701/701/1 700/700/1
f 700/700/1 745/745/1 746/746/1
f 747/747/1 702/702/1 701/701/1
f 701/701/1 746/746/1 747/747/1
f 748/748/1 703/703/1 702/702/1
f 702/702/1 747/747/1 748/748/1
f 749/749/1 704/704/1 703/703/1
f 703/703/1 748/748/1 749/749/1
f 750/750/1 705/705/1 704/704/1
f 704/704/1 749/749/1 750/750/1
f 751/751/1 706/706/1 705/705/1
f 705/705/1 750/750/1 751/751/1
f 752/752/1 707/707/1 706/706/1
f 706/706/1 751/751/1 752/752/1
f 753/753/1 708/708/1 707/707/1
f 707/707/1 752/752/1 753/753/1
f 754/754/1 709/709/1 708/708/1
f 708/708/1 753/753/1 754/754/1
f 755/755/1 710/710/1 709/709/1
f 709/709/1 754/754/1 755/755/1
f 756/756/1 711/711/1 710/710/1
f 710/710/1 755/755/1 756/756/1
f 757/757/1 712/712/1 711/711/1
f 711/711/1 756/756/1 757/757/1
f 758/758/1 713/713/1 712/712/1
f 712/712/1 757/757/1 758/758/1
f 759/759/1 714/714/1 713/713/1
f 713/713/1 758/758/1 759/759/1
f 760/760/1 715/715/1 714/714/1
f 714/714/1 759/759/1 760/760/1
f 761/761/1 716/716/1 715/715/1
f 715/715/1 760/760/1 761/761/1
f 762/762/1 717/717/1 716/716/1
f 716/716/1 761/761/1 762/762/1
f 763/763/1 718/718/1 717/717/1
f 717/717/1 762/762/1 763/763/1
f 764/764/1 719/719/1 718/718/1
f 718/718/1 763/763/1 764/764/1
f 765/765/1 720/720/1 719/719/1
f 719/719/1 764/764/1 765/765/1
f 766/766/1 721/721/1 720/720/1
f 720/720/1 765/765/1 766/766/1
f 767/767/1 722/722/1 721/721/1
f 721/721/1 766/766/1 767/767/1
f 768/768/1 723/723/1 722/722/1
f 722/722/1 767/767/1 768/768/1
f 769/769/1 724/724/1 723/723/1
f 723/723/1 768/768/1 769/769/1
f 770/770/1 725/725/1 724/724/1
f 724/724/1 769/769/1 770/770/1
f 771/771/1 726/726/1 725/725/1
f 725/725/1 770/770/1 771/771/1
f 772/772/1 727/727/1 726/726/1
f 726/726/1 771/771/1 772/772/1
f 773/773/1 728/728/1 727/727/1
f 727/727/1 772/772/1 773/773/1
f 774/774/1 729/729/1 728/728/1
f 728/728/1 773/773/1 774/774/1
f 775/775/1 730/730/1 729/729/1
f 729/729/1 774/774/1 775/775/1
f 776/776/1 731/731/1 730/730/1
f 730/730/1 775/775/1 776/776/1
f 777/777/1 732/732/1 731/731/1
f 731/731/1 776/776/1 777/777/1
f 778/778/1 733/733/1 732/732/1
f 732/732/1 777/777/1 778/778/1
f 779/779/1 734/734/1 733/733/1
f 733/733/1 778/778/1 779/779/1
f 780/780/1 735/735/1 734/734/1
f 734/734/1 779/779/1 780/780/1
f 781/781/1 736/736/1 735/735/1
f 735/735/1 780/780/1 781/781/1
f 782/782/1 737/737/1 736/736/1
f 736/736/1 781/781/1 782/782/1
f 783/783/1 738/738/1 737/737/1
f 737/737/1 782/782/1 783/783/1
f 739/739/1 738/738/1 784/784/1
f 783/783/1 785/785/1 784/784/1
f 783/783/1 784/784/1 738/738/1
f 786/786/1 787/787/1 740/740/1
f 741/741/1 740/740/1 787/787/1
f 788/788/1 743/743/1 741/741/1
f 741/741/1 787/787/1 788/788/1
f 789/789/1 744/744/1 743/743/1
f 743/743/1 788/788/1 789/789/1
f 790/790/1 745/745/1 744/744/1
f 744/744/1 789/789/1 790/790/1
f 791/791/1 746/746/1 745/745/1
f 745/745/1 790/790/1 791/791/1
f 792/792/1 747/747/1 746/746/1
f 746/746/1 791/791/1 792/792/1
f 793/793/1 748/748/1 747/747/1
f 747/747/1 792/792/1 793/793/1
f 794/794/1 749/749/1 748/748/1
f 748/748/1 793/793/1 794/794/1
f 795/795/1 750/750/1 749/749/1
f 749/749/1 794/794/1 795/795/1
f 796/796/1 751/751/1 750/750/1
f 750/750/1 795/795/1 796/796/1
f 797/797/1 752/752/1 751/751/1
f 751/751/1 796/796/1 797/797/1
f 798/798/1 753/753/1 752/752/1
f 752/752/1 797/797/1 798/798/1
f 799/799/1 754/754/1 753/753/1
f 753/753/1 798/798/1 799/799/1
f 800/800/1 755/755/1 754/754/1
f 754/754/1 799/799/1 800/800/1
f 801/801/1 756/756/1 755/755/1
f 755/755/1 800/800/1 801/801/1
f 802/802/1 757/757/1 756/756/1
f 756/756/1 801/801/1 802/802/1
f 803/803/1 758/758/1 757/757/1
f 757/757/1 802/802/1 803/803/1
f 804/804/1 759/759/1 758/758/1
f 758/758/1 803/803/1 804/804/1
f 805/805/1 760/760/1 759/759/1
f 759/759/1 804/804/1 805/805/1
f 806/806/1 761/761/1 760/760/1
f 760/760/1 805/805/1 806/806/1
f 807/807/1 762/762/1 761/761/1
f 761/761/1 806/806/1 807/807/1
f 808/808/1 763/763/1 762/762/1
f 762/762/1 807/807/1 808/808/1
f 809/809/1 764/764/1 763/763/1
f 763/763/1 808/808/1 809/809/1
f 810/810/1 765/765/1 764/764/1
f 764/764/1 809/809/1 810/810/1
f 811/811/1 766/766/1 765/765/1
f 765/765/1 810/810/1 811/811/1
f 812/812/1 767/767/1 766/766/1
f 766/766/1 811/811/1 812/812/1
f 813/813/1 768/768/1 767/767/1
f 767/767/1 812/812/1 813/813/1
f 814/814/1 769/769/1 768/768/1
f 768/768/1 813/813/1 814/814/1
f 815/815/1 770/770/1 769/769/1
f 769/769/1 814/814/1 815/815/1
f 816/816/1 771/771/1 770/770/1
f 770/770/1 815/815/1 816/816/1
f 817/817/1 772/772/1 771/771/1
f 771/771/1 816/816/1 817/817/1
f 818/818/1 773/773/1 772/772/1
f 772/772/1 817/817/1 818/818/1
f 819/819/1 774/774/1 773/773/1
f 773/773/1 818/818/1 819/819/1
f 820/820/1 775/775/1 774/774/1
f 774/774/1 819/819/1 820/820/1
f 821/821/1 776/776/1 775/775/1
f 775/775/1 820/820/1 821/821/1
f 822/822/1 777/777/1 776/776/1
f 776/776/1 821/821/1 822/822/1
f 823/823/1 778/778/1 777/777/1
f 777/777/1 822/822/1 823/823/1
f 824/824/1 779/779/1 778/778/1
f 778/778/1 823/823/1 824/824/1
f 825/825/1 780/780/1 779/779/1
f 779/779/1 824/824/1 825/825/1
f 826/826/1 781/781/1 780/780/1
f 780/780/1 825/825/1 826/826/1
f 827/827/1 782/782/1 781/781/1
f 781/781/1 826/826/1 827/827/1
f 828/828/1 783/783/1 782/782/1
f 782/782/1 827/827/1 828/828/1
f 785/785/1 783/783/1 828/828/1
f 828/828/1 829/829/1 785/785/1
f 830/830/1 831/831/1 786/786/1
f 787/787/1 786/786/1 831/831/1
f 832/832/1 788/788/1 787/787/1
f 787/787/1 831/831/1 832/832/1
f 833/833/1 789/789/1 788/788/1
f 788/788/1 832/832/1 833/833/1
f 834/834/1 790/790/1 789/789/1
f 789/789/1 833/833/1 834/834/1
f 835/835/1 791/791/1 790/790/1
f 790/790/1 834/834/1 835/835/1
f 836/836/1 792/792/1 791/791/1
f 791/791/1 835/835/1 836/836/1
f 837/837/1 793/793/1 792/792/1
f 792/792/1 836/836/1 837/837/1
f 838/838/1 794/794/1 793/793/1
f 793/793/1 837/837/1 838/838/1
f 839/839/1 795/795/1 794/794/1
f 794/794/1 838/838/1 839/839/1
f 840/840/1 796/796/1 795/795/1
f 795/795/1 839/839/1 840/840/1
f 841/841/1 797/797/1 796/796/1
f 796/796/1 840/840/1 841/841/1
f 842/842/1 798/798/1 797/797/1
f 797/797/1 841/841/1 842/842/1
f 843/843/1 799/799/1 798/798/1
f 798/798/1 842/842/1 843/843/1
f 844/844/1 800/800/1 799/799/1
f 799/799/1 843/843/1 844/844/1
f 845/845/1 801/801/1 800/800/1
f 800/800/1 844/844/1 845/845/1
f 846/846/1 802/802/1 801/801/1
f 801/801/1 845/845/1 846/846/1
f 847/847/1 803/803/1 802/802/1
f 802/802/1 846/846/1 847/847/1
f 848/848/1 804/804/1 803/803/1
f 803/803/1 847/847/1 848/848/1
f 849/849/1 805/805/1 804/804/1
f 804/804/1 848/848/1 849/849/1
f 850/850/1 806/806/1 805/805/1
f 805/805/1 849/849/1 850/850/1
f 851/851/1 807/807/1 806/806/1
f 806/806/1 850/850/1 851/851/1
f 852/852/1 808/808/1 807/807/1
f 807/807/1 851/851/1 852/852/1
f 853/853/1 809/809/1 808/808/1
f 808/808/1 852/852/1 853/853/1
f 854/854/1 810/810/1 809/809/1
f 809/809/1 853/853/1 854/854/1
f 855/855/1 811/811/1 810/810/1
f 810/810/1 854/854/1 855/855/1
f 856/856/1 812/812/1 811/811/1
f 811/811/1 855/855/1 856/856/1
f 857/857/1 813/813/1 812/812/1
f 812/812/1 856/856/1 857/857/1
f 858/858/1 814/814/1 813/813/1
f 813/813/1 857/857/1 858/858/1
f 859/859/1 815/815/1 814/814/1
f 814/814/1 858/858/1 859/859/1
f 860/860/1 816/816/1 815/815/1
f 815/815/1 859/859/1 860/860/1
f 861/861/1 817/817/1 816/816/1
f 816/816/1 860/860/1 861/861/1
f 862/862/1 818/818/1 817/817/1
f 817/817/1 861/861/1 862/862/1
f 863/863/1 819/819/1 818/818/1
f 818/818/1 862/862/1 863/863/1
f 864/864/1 820/820/1 819/819/1
f 819/819/1 863/863/1 864/864/1
f 865/865/1 821/821/1 820/820/1
f 820/820/1 864/864/1 865/865/1
f 866/866/1 822/822/1 821/821/1
f 821/821/1 865/865/1 866/866/1
f 867/867/1 823/823/1 822/822/1
f 822/822/1 866/866/1 867/867/1
f 868/868/1 824/824/1 823/823/1
f 823/823/1 867/867/1 868/868/1
f 869/869/1 825/825/1 824/824/1
f 824/824/1 868/868/1 869/869/1
f 870/870/1 826/826/1 825/825/1
f 825/825/1 869/869/1 870/870/1
f 871/871/1 827/827/1 826/826/1
f 826/826/1 870/870/1 871/871/1
f 872/872/1 828/828/1 827/827/1
f 827/827/1 871/871/1 872/872/1
f 829/829/1 828/828/1 872/872/1
f 872/872/1 873/873/1 829/829/1
f 874/874/1 875/875/1 876/876/1
f 831/831/1 830/830/1 876/876/1
f 831/831/1 876/876/1 875/875/1
f 877/877/1 832/832/1 831/831/1
f 831/831/1 875/875/1 877/877/1
f 878/878/1 833/833/1 832/832/1
f 832/832/1 877/877/1 878/878/1
f 879/879/1 834/834/1 833/833/1
f 833/833/1 878/878/1 879/879/1
f 880/880/1 835/835/1 834/834/1
f 834/834/1 879/879/1 880/880/1
f 881/881/1 836/836/1 835/835/1
f 835/835/1 880/880/1 881/881/1
f 882/882/1 837/837/1 836/836/1
f 836/836/1 881/881/1 882/882/1
f 883/883/1 838/838/1 837/837/1
f 837/837/1 882/882/1 883/883/1
f 884/884/1 839/839/1 838/838/1
f 838/838/1 883/883/1 884/884/1
f 885/885/1 840/840/1 839/839/1
f 839/839/1 884/884/1 885/885/1
f 886/886/1 841/841/1 840/840/1
f 840/840/1 885/885/1 886/886/1
f 887/887/1 842/842/1 841/841/1
f 841/841/1 886/886/1 887/887/1
f 888/888/1 843/843/1 842/842/1
f 842/842/1 887/887/1 888/888/1
f 889/889/1 844/844/1 843/843/1
f 843/843/1 888/888/1 889/889/1
f 890/890/1 845/845/1 844/844/1
f 844/844/1 889/889/1 890/890/1
f 891/891/1 846/846/1 845/845/1
f 845/845/1 890/890/1 891/891/1
f 892/892/1 847/847/1 846/846/1
f 846/846/1 891/891/1 892/892/1
f 893/893/1 848/848/1 847/847/1
f 847/847/1 892/892/1 893/893/1
f 894/894/1 849/849/1 848/848/1
f 848/848/1 893/893/1 894/894/1
f 895/895/1 850/850/1 849/849/1
f 849/849/1 894/894/1 895/895/1
f 896/896/1 851/851/1 850/850/1
f 850/850/1 895/895/1 896/896/1
f 897/897/1 852/852/1 851/851/1
f 851/851/1 896/896/1 897/897/1
f 898/898/1 853/853/1 852/852/1
f 852/852/1 897/897/1 898/898/1
f 899/899/1 854/854/1 853/853/1
f 853/853/1 898/898/1 899/899/1
f 900/900/1 855/855/1 854/854/1
f 854/854/1 899/899/1 900/900/1
f 901/901/1 856/856/1 855/855/1
f 855/855/1 900/900/1 901/901/1
f 902/902/1 857/857/1 856/856/1
f 856/856/1 901/901/1 902/902/1
f 903/903/1 858/858/1 857/857/1
f 857/857/1 902/902/1 903/903/1
f 904/904/1 859/859/1 858/858/1
f 858/858/1 903/903/1 904/904/1
f 905/905/1 860/860/1 859/859/1
f 859/859/1 904/904/1 905/905/1
f 906/906/1 861/861/1 860/860/1
f 860/860/1 905/905/1 906/906/1
f 907/907/1 862/862/1 861/861/1
f 861/861/1 906/906/1 907/907/1
f 908/908/1 863/863/1 862/862/1
f 862/862/1 907/907/1 908/908/1
f 909/909/1 864/864/1 863/863/1
f 863/863/1 908/908/1 909/909/1
f 910/910/1 865/865/1 864/864/1
f 864/864/1 909/909/1 910/910/1
f 911/911/1 866/866/1 865/865/1
f 865/865/1 910/910/1 911/911/1
f 912/912/1 867/867/1 866/866/1
f 866/866/1 911/911/1 912/912/1
f 913/913/1 868/868/1 867/867/1
f 867/867/1 912/912/1 913/913/1
f 914/914/1 869/869/1 868/868/1
f 868/868/1 913/913/1 914/914/1
f 915/915/1 870/870/1 869/869/1
f 869/869/1 914/914/1 915/915/1
f 916/916/1 871/871/1 870/870/1
f 870/870/1 915/915/1 916/916/1
f 917/917/1 872/872/1 871/871/1
f 871/871/1 916/916/1 917/917/1
f 873/873/1 872/872/1 918/918/1
f 919/919/1 918/918/1 917/917/1
f 872/872/1 917/917/1 918/918/1
f 920/920/1 921/921/1 874/874/1
f 875/875/1 874/874/1 921/921/1
f 922/922/1 877/877/1 875/875/1
f 875/875/1 921/921/1 922/922/1
f 923/923/1 878/878/1 877/877/1
f 877/877/1 922/922/1 923/923/1
f 924/924/1 879/879/1 878/878/1
f 878/878/1 923/923/1 924/924/1
f 925/925/1 880/880/1 879/879/1
f 879/879/1 924/924/1 925/925/1
f 926/926/1 881/881/1 880/880/1
f 880/880/1 925/925/1 926/926/1
f 927/927/1 882/882/1 881/881/1
f 881/881/1 926/926/1 927/927/1
f 928/928/1 883/883/1 882/882/1
f 882/882/1 927/927/1 928/928/1
f 929/929/1 884/884/1 883/883/1
f 883/883/1 928/928/1 929/929/1
f 930/930/1 885/885/1 884/884/1
f 884/884/1 929/929/1 930/930/1
f 931/931/1 886/886/1 885/885/1
f 885/885/1 930/930/1 931/931/1
f 932/932/1 887/887/1 886/886/1
f 886/886/1 931/931/1 932/932/1
f 933/933/1 888/888/1 887/887/1
f 887/887/1 932/932/1 933/933/1
f 934/934/1 889/889/1 888/888/1
f 888/888/1 933/933/1 934/934/1
f 935/935/1 890/890/1 889/889/1
f 889/889/1 934/934/1 935/935/1
f 936/936/1 891/891/1 890/890/1
f 890/890/1 935/935/1 936/936/1
f 937/937/1 892/892/1 891/891/1
f 891/891/1 936/936/1 937/937/1
f 938/938/1 893/893/1 892/892/1
f 892/892/1 937/937/1 938/938/1
f 939/939/1 894/894/1 893/893/1
f 893/893/1 938/938/1 939/939/1
f 940/940/1 895/895/1 894/894/1
f 894/894/1 939/939/1 940/940/1
f 941/941/1 896/896/1 895/895/1
f 895/895/1 940/940/1 941/941/1
f 942/942/1 897/897/1 896/896/1
f 896/896/1 941/941/1 942/942/1
f 943/943/1 898/898/1 897/897/1
f 897/897/1 942/942/1 943/943/1
f 944/944/1 899/899/1 898/898/1
f 898/898/1 943/943/1 944/944/1
f 945/945/1 900/900/1 899/899/1
f 899/899/1 944/944/1 945/945/1
f 946/946/1 901/901/1 900/900/1
f 900/900/1 945/945/1 946/946/1
f 947/947/1 902/902/1 901/901/1
f 901/901/1 946/946/1 947/947/1
f 948/948/1 903/903/1 902/902/1
f 902/902/1 947/947/1 948/948/1
f 949/949/1 904/904/1 903/903/1
f 903/903/1 948/948/1 949/949/1
f 950/950/1 905/905/1 904/904/1
f 904/904/1 949/949/1 950/950/1
f 951/951/1 906/906/1 905/905/1
f 905/905/1 950/950/1 951/951/1
f 952/952/1 907/907/1 906/906/1
f 906/906/1 951/951/1 952/952/1
f 953/953/1 908/908/1 907/907/1
f 907/907/1 952/952/1 953/953/1
f 954/954/1 909/909/1 908/908/1
f 908/908/1 953/953/1 954/954/1
f 955/955/1 910/910/1 909/909/1
f 909/909/1 954/954/1 955/955/1
f 956/956/1 911/911/1 910/910/1
f 910/910/1 955/955/1 956/956/1
f 957/957/1 912/912/1 911/911/1
f 911/911/1 956/956/1 957/957/1
f 958/958/1 913/913/1 912/912/1
f 912/912/1 957/957/1 958/958/1
f 959/959/1 914/914/1 913/913/1
f 913/913/1 958/958/1 959/959/1
f 960/960/1 915/915/1 914/914/1
f 914/914/1 959/959/1 960/960/1
f 961/961/1 916/916/1 915/915/1
f 915/915/1 960/960/1 961/961/1
f 962/962/1 917/917/1 916/916/1
f 916/916/1 961/961/1 962/962/1
f 919/919/1 917/917/1 963/963/1
f 962/962/1 963/963/1 917/917/1
f 964/964/1 965/965/1 920/920/1
f 921/921/1 920/920/1 965/965/1
f 966/966/1 922/922/1 921/921/1
f 921/921/1 965/965/1 966/966/1
f 967/967/1 923/923/1 922/922/1
f 922/922/1 966/966/1 967/967/1
f 968/968/1 924/924/1 923/923/1
f 923/923/1 967/967/1 968/968/1
f 969/969/1 925/925/1 924/924/1
f 924/924/1 968/968/1 969/969/1
f 970/970/1 926/926/1 925/925/1
f 925/925/1 969/969/1 970/970/1
f 971/971/1 927/927/1 926/926/1
f 926/926/1 970/970/1 971/971/1
f 972/972/1 928/928/1 927/927/1
f 927/927/1 971/971/1 972/972/1
f 973/973/1 929/929/1 928/928/1
f 928/928/1 972/972/1 973/973/1
f 974/974/1 930/930/1 929/929/1
f 929/929/1 973/973/1 974/974/1
f 975/975/1 931/931/1 930/930/1
f 930/930/1 974/974/1 975/975/1
f 976/976/1 932/932/1 931/931/1
f 931/931/1 975/975/1 976/976/1
f 977/977/1 933/933/1 932/932/1
f 932/932/1 976/976/1 977/977/1
f 978/978/1 934/934/1 933/933/1
f 933/933/1 977/977/1 978/978/1
f 979/979/1 935/935/1 934/934/1
f 934/934/1 978/978/1 979/979/1
f 980/980/1 936/936/1 935/935/1
f 935/935/1 979/979/1 980/980/1
f 981/981/1 937/937/1 936/936/1
f 936/936/1 980/980/1 981/981/1
f 982/982/1 938/938/1 937/937/1
f 937/937/1 981/981/1 982/982/1
f 983/983/1 939/939/1 938/938/1
f 938/938/1 982/982/1 983/983/1
f 984/984/1 940/940/1 939/939/1
f 939/939/1 983/983/1 984/984/1
f 985/985/1 941/941/1 940/940/1
f 940/940/1 984/984/1 985/985/1
f 986/986/1 942/942/1 941/941/1
f 941/941/1 985/985/1 986/986/1
f 987/987/1 943/943/1 942/942/1
f 942/942/1 986/986/1 987/987/1
f 988/988/1 944/944/1 943/943/1
f 943/943/1 987/987/1 988/988/1
f 989/989/1 945/945/1 944/944/1
f 944/944/1 988/988/1 989/989/1
f 990/990/1 946/946/1 945/945/1
f 945/945/1 989/989/1 990/990/1
f 991/991/1 947/947/1 946/946/1
f 946/946/1 990/990/1 991/991/1
f 992/992/1 948/948/1 947/947/1
f 947/947/1 991/991/1 992/992/1
f 993/993/1 949/949/1 948/948/1
f 948/948/1 992/992/1 993/993/1
f 994/994/1 950/950/1 949/949/1
f 949/949/1 993/993/1 994/994/1
f 995/995/1 951/951/1 950/950/1
f 950/950/1 994/994/1 995/995/1
f 996/996/1 952/952/1 951/951/1
f 951/951/1 995/995/1 996/996/1
f 997/997/1 953/953/1 952/952/1
f 952/952/1 996/996/1 997/997/1
f 998/998/1 954/954/1 953/953/1
f 953/953/1 997/997/1 998/998/1
f 999/999/1 955/955/1 954/954/1
f 954/954/1 998/998/1 999/999/1
f 1000/1000/1 956/956/1 955/955/1
f 955/955/1 999/999/1 1000/1000/1
f 1001/1001/1 957/957/1 956/956/1
f 956/956/1 1000/1000/1 1001/1001/1
f 1002/1002/1 958/958/1 957/957/1
f 957/957/1 1001/1001/1 1002/1002/1
f 1003/1003/1 959/959/1 958/958/1
f 958/958/1 1002/1002/1 1003/1003/1
f 1004/1004/1 960/960/1 959/959/1
f 959/959/1 1003/1003/1 1004/1004/1
f 1005/1005/1 961/961/1 960/960/1
f 960/960/1 1004/1004/1 1005/1005/1
f 1006/1006/1 962/962/1 961/961/1
f 961/961/1 1005/1005/1 1006/1006/1
f 963/963/1 962/962/1 1007/1007/1
f 1006/1006/1 1007/1007/1 962/962/1
f 1008/1008/1 1009/1009/1 964/964/1
f 965/965/1 964/964/1 1009/1009/1
f 1010/1010/1 966/966/1 965/965/1
f 965/965/1 1009/1009/1 1010/1010/1
f 1011/1011/1 967/967/1 966/966/1
f 966/966/1 1010/1010/1 1011/1011/1
f 1012/1012/1 968/968/1 967/967/1
f 967/967/1 1011/1011/1 1012/1012/1
f 1013/1013/1 969/969/1 968/968/1
f 968/968/1 1012/1012/1 1013/1013/1
f 1014/1014/1 970/970/1 969/969/1
f 969/969/1 1013/1013/1 1014/1014/1
f 1015/1015/1 971/971/1 970/970/1
f 970/970/1 1014/1014/1 1015/1015/1
f 1016/1016/1 972/972/1 971/971/1
f 971/971/1 1015/1015/1 1016/1016/1
f 1017/1017/1 973/973/1 972/972/1
f 972/972/1 1016/1016/1 1017/1017/1
f 1018/1018/1 974/974/1 973/973/1
f 973/973/1 1017/1017/1 1018/1018/1
f 1019/1019/1 975/975/1 974/974/1
f 974/974/1 1018/1018/1 1019/1019/1
f 1020/1020/1 976/976/1 975/975/1
f 975/975/1 1019/1019/1 1020/1020/1
f 1021/1021/1 977/977/1 976/976/1
f 976/976/1 1020/1020/1 1021/1021/1
f 1022/1022/1 978/978/1 977/977/1
f 977/977/1 1021/1021/1 1022/1022/1
f 1023/1023/1 979/979/1 978/978/1
f 978/978/1 1022/1022/1 1023/1023/1
f 1024/1024/1 980/980/1 979/979/1
f 979/979/1 1023/1023/1 1024/1024/1
f 1025/1025/1 981/981/1 980/980/1
f 980/980/1 1024/1024/1 1025/1025/1
f 1026/1026/1 982/982/1 981/981/1
f 981/981/1 1025/1025/1 1026/1026/1
f 1027/1027/1 983/983/1 982/982/1
f 982/982/1 1026/1026/1 1027/1027/1
f 1028/1028/1 984/984/1 983/983/1
f 983/983/1 1027/1027/1 1028/1028/1
f 1029/1029/1 985/985/1 984/984/1
f 984/984/1 1028/1028/1 1029/1029/1
f 1030/1030/1 986/986/1 985/985/1
f 985/985/1 1029/1029/1 1030/1030/1
f 1031/1031/1 987/987/1 986/986/1
f 986/986/1 1030/1030/1 1031/1031/1
f 1032/1032/1 988/988/1 987/987/1
f 987/987/1 1031/1031/1 1032/1032/1
f 1033/1033/1 989/989/1 988/988/1
f 988/988/1 1032/1032/1 1033/1033/1
f 1034/1034/1 990/990/1 989/989/1
f 989/989/1 1033/1033/1 1034/1034/1
f 1035/1035/1 991/991/1 990/990/1
f 990/990/1 1034/1034/1 1035/1035/1
f 1036/1036/1 992/992/1 991/991/1
f 991/991/1 1035/1035/1 1036/1036/1
f 1037/1037/1 993/993/1 992/992/1
f 992/992/1 1036/1036/1 1037/1037/1
f 1038/1038/1 994/994/1 993/993/1
f 993/993/1 1037/1037/1 1038/1038/1
f 1039/1039/1 995/995/1 994/994/1
f 994/994/1 1038/1038/1 1039/1039/1
f 1040/1040/1 996/996/1 995/995/1
f 995/995/1 1039/1039/1 1040/1040/1
f 1041/1041/1 997/997/1 996/996/1
f 996/996/1 1040/1040/1 1041/1041/1
f 1042/1042/1 998/998/1 997/997/1
f 997/997/1 1041/1041/1 1042/1042/1
f 1043/1043/1 999/999/1 998/998/1
f 998/998/1 1042/1042/1 1043/1043/1
f 1044/1044/1 1000/1000/1 999/999/1
f 999/999/1 1043/1043/1 1044/1044/1
f 1045/1045/1 1001/1001/1 1000/1000/1
f 1000/1000/1 1044/1044/1 1045/1045/1
f 1046/1046/1 1002/1002/1 1001/1001/1
f 1001/1001/1 1045/1045/1 1046/1046/1
f 1047/1047/1 1003/1003/1 1002/1002/1
f 1002/1002/1 1046/1046/1 1047/1047/1
f 1048/1048/1 1004/1004/1 1003/1003/1
f 1003/1003/1 1047/1047/1 1048/1048/1
f 1049/1049/1 1005/1005/1 1004/1004/1
f 1004/1004/1 1048/1048/1 1049/1049/1
f 1006/1006/1 1005/1005/1 1050/1050/1
f 1051/1051/1 1050/1050/1 1049/1049/1
f 1005/1005/1 1049/1049/1 1050/1050/1
f 1050/1050/1 1007/1007/1 1006/1006/1
f 1052/1052/1 1053/1053/1 1054/1054/1
f 1008/1008/1 1054/1054/1 1009/1009/1
f 1009/1009/1 1054/1054/1 1053/1053/1
f 1055/1055/1 1010/1010/1 1009/1009/1
f 1009/1009/1 1053/1053/1 1055/1055/1
f 1056/1056/1 1011/1011/1 1010/1010/1
f 1010/1010/1 1055/1055/1 1056/1056/1
f 1057/1057/1 1012/1012/1 1011/1011/1
f 1011/1011/1 1056/1056/1 1057/1057/1
f 1058/1058/1 1013/1013/1 1012/1012/1
f 1012/1012/1 1057/1057/1 1058/1058/1
f 1059/1059/1 1014/1014/1 1013/1013/1
f 1013/1013/1 1058/1058/1 1059/1059/1
f 1060/1060/1 1015/1015/1 1014/1014/1
f 1014/1014/1 1059/1059/1 1060/1060/1
f 1061/1061/1 1016/1016/1 1015/1015/1
f 1015/1015/1 1060/1060/1 1061/1061/1
f 1062/1062/1 1017/1017/1 1016/1016/1
f 1016/1016/1 1061/1061/1 1062/1062/1
f 1063/1063/1 1018/1018/1 1017/1017/1
f 1017/1017/1 1062/1062/1 1063/1063/1
f 1064/1064/1 1019/1019/1 1018/1018/1
f 1018/1018/1 1063/1063/1 1064/1064/1
f 1065/1065/1 1020/1020/1 1019/1019/1
f 1019/1019/1 1064/1064/1 1065/1065/1
f 1066/1066/1 1021/1021/1 1020/1020/1
f 1020/1020/1 1065/1065/1 1066/1066/1
f 1067/1067/1 1022/1022/1 1021/1021/1
f 1021/1021/1 1066/1066/1 1067/1067/1
f 1068/1068/1 1023/1023/1 1022/1022/1
f 1022/1022/1 1067/1067/1 1068/1068/1
f 1069/1069/1 1024/1024/1 1023/1023/1
f 1023/1023/1 1068/1068/1 1069/1069/1
f 1070/1070/1 1025/1025/1 1024/1024/1
f 1024/1024/1 1069/1069/1 1070/1070/1
f 1071/1071/1 1026/1026/1 1025/1025/1
f 1025/1025/1 1070/1070/1 1071/1071/1
f 1072/1072/1 1027/1027/1 1026/1026/1
f 1026/1026/1 1071/1071/1 1072/1072/1
f 1073/1073/1 1028/1028/1 1027/1027/1
f 1027/1027/1 1072/1072/1 1073/1073/1
f 1074/1074/1 1029/1029/1 1028/1028/1
f 1028/1028/1 1073/1073/1 1074/1074/1
f 1075/1075/1 1030/1030/1 1029/1029/1
f 1029/1029/1 1074/1074/1 1075/1075/1
f 1076/1076/1 1031/1031/1 1030/1030/1
f 1030/1030/1 1075/1075/1 1076/1076/1
f 1077/1077/1 1032/1032/1 1031/1031/1
f 1031/1031/1 1076/1076/1 1077/1077/1
f 1078/1078/1 1033/1033/1 1032/1032/1
f 1032/1032/1 1077/1077/1 1078/1078/1
f 1079/1079/1 1034/1034/1 1033/1033/1
f 1033/1033/1 1078/1078/1 1079/1079/1
f 1080/1080/1 1035/1035/1 1034/1034/1
f 1034/1034/1 1079/1079/1 1080/1080/1
f 1081/1081/1 1036/1036/1 1035/1035/1
f 1035/1035/1 1080/1080/1 1081/1081/1
f 1082/1082/1 1037/1037/1 1036/1036/1
f 1036/1036/1 1081/1081/1 1082/1082/1
f 1083/1083/1 1038/1038/1 1037/1037/1
f 1037/1037/1 1082/1082/1 1083/1083/1
f 1084/1084/1 1039/1039/1 1038/1038/1
f 1038/1038/1 1083/1083/1 1084/1084/1
f 1085/1085/1 1040/1040/1 1039/1039/1
f 1039/1039/1 1084/1084/1 1085/1085/1
f 1086/1086/1 1041/1041/1 1040/1040/1
f 1040/1040/1 1085/1085/1 1086/1086/1
f 1087/1087/1 1042/1042/1 1041/1041/1
f 1041/1041/1 1086/1086/1 1087/1087/1
f 1088/1088/1 1043/1043/1 1042/1042/1
f 1042/1042/1 1087/1087/1 1088/1088/1
f 1089/1089/1 1044/1044/1 1043/1043/1
f 1043/1043/1 1088/1088/1 1089/1089/1
f 1090/1090/1 1045/1045/1 1044/1044/1
f 1044/1044/1 1089/1089/1 1090/1090/1
f 1091/1091/1 1046/1046/1 1045/1045/1
f 1045/1045/1 1090/1090/1 1091/1091/1
f 1092/1092/1 1047/1047/1 1046/1046/1
f 1046/1046/1 1091/1091/1 1092/1092/1
f 1093/1093/1 1048/1048/1 1047/1047/1
f 1047/1047/1 1092/1092/1 1093/1093/1
f 1094/1094/1 1049/1049/1 1048/1048/1
f 1048/1048/1 1093/1093/1 1094/1094/1
f 1051/1051/1 1049/1049/1 1095/1095/1
f 1094/1094/1 1096/1096/1 1095/1095/1
f 1094/1094/1 1095/1095/1 1049/1049/1
f 1097/1097/1 1098/1098/1 1053/1053/1
f 1053/1053/1 1052/1052/1 1097/1097/1
f 1099/1099/1 1055/1055/1 1053/1053/1
f 1053/1053/1 1098/1098/1 1099/1099/1
f 1100/1100/1 1056/1056/1 1055/1055/1
f 1055/1055/1 1099/1099/1 1100/1100/1
f 1101/1101/1 1057/1057/1 1056/1056/1
f 1056/1056/1 1100/1100/1 1101/1101/1
f 1102/1102/1 1058/1058/1 1057/1057/1
f 1057/1057/1 1101/1101/1 1102/1102/1
f 1103/1103/1 1059/1059/1 1058/1058/1
f 1058/1058/1 1102/1102/1 1103/1103/1
f 1104/1104/1 1060/1060/1 1059/1059/1
f 1059/1059/1 1103/1103/1 1104/1104/1
f 1105/1105/1 1061/1061/1 1060/1060/1
f 1060/1060/1 1104/1104/1 1105/1105/1
f 1106/1106/1 1062/1062/1 1061/1061/1
f 1061/1061/1 1105/1105/1 1106/1106/1
f 1107/1107/1 1063/1063/1 1062/1062/1
f 1062/1062/1 1106/1106/1 1107/1107/1
f 1108/1108/1 1064/1064/1 1063/1063/1
f 1063/1063/1 1107/1107/1 1108/1108/1
f 1109/1109/1 1065/1065/1 1064/1064/1
f 1064/1064/1 1108/1108/1 1109/1109/1
f 1110/1110/1 1066/1066/1 1065/1065/1
f 1065/1065/1 1109/1109/1 1110/1110/1
f 1111/1111/1 1067/1067/1 1066/1066/1
f 1066/1066/1 1110/1110/1 1111/1111/1
f 1112/1112/1 1068/1068/1 1067/1067/1
f 1067/1067/1 1111/1111/1 1112/1112/1
f 1113/1113/1 1069/1069/1 1068/1068/1
f 1068/1068/1 1112/1112/1 1113/1113/1
f 1114/1114/1 1070/1070/1 1069/1069/1
f 1069/1069/1 1113/1113/1 1114/1114/1
f 1115/1115/1 1071/1071/1 1070/1070/1
f 1070/1070/1 1114/1114/1 1115/1115/1
f 1116/1116/1 1072/1072/1 1071/1071/1
f 1071/1071/1 1115/1115/1 1116/1116/1
f 1117/1117/1 1073/1073/1 1072/1072/1
f 1072/1072/1 1116/1116/1 1117/1117/1
f 1118/1118/1 1074/1074/1 1073/1073/1
f 1073/1073/1 1117/1117/1 1118/1118/1
f 1119/1119/1 1075/1075/1 1074/1074/1
f 1074/1074/1 1118/1118/1 1119/1119/1
f 1120/1120/1 1076/1076/1 1075/1075/1
f 1075/1075/1 1119/1119/1 1120/1120/1
f 1121/1121/1 1077/1077/1 1076/1076/1
f 1076/1076/1 1120/1120/1 1121/1121/1
f 1122/1122/1 1078/1078/1 1077/1077/1
f 1077/1077/1 1121/1121/1 1122/1122/1
f 1123/1123/1 1079/1079/1 1078/1078/1
f 1078/1078/1 1122/1122/1 1123/1123/1
f 1124/1124/1 1080/1080/1 1079/1079/1
f 1079/1079/1 1123/1123/1 1124/1124/1
f 1125/1125/1 1081/1081/1 1080/1080/1
f 1080/1080/1 1124/1124/1 1125/1125/1
f 1126/1126/1 1082/1082/1 1081/1081/1
f 1081/1081/1 1125/1125/1 1126/1126/1
f 1127/1127/1 1083/1083/1 1082/1082/1
f 1082/1082/1 1126/1126/1 1127/1127/1
f 1128/1128/1 1084/1084/1 1083/1083/1
f 1083/1083/1 1127/1127/1 1128/1128/1
f 1129/1129/1 1085/1085/1 1084/1084/1
f 1084/1084/1 1128/1128/1 1129/1129/1
f 1130/1130/1 1086/1086/1 1085/1085/1
f 1085/1085/1 1129/1129/1 1130/1130/1
f 1131/1131/1 1087/1087/1 1086/1086/1
f 1086/1086/1 1130/1130/1 1131/1131/1
f 1132/1132/1 1088/1088/1 1087/1087/1
f 1087/1087/1 1131/1131/1 1132/1132/1
f 1133/1133/1 1089/1089/1 1088/1088/1
f 1088/1088/1 1132/1132/1 1133/1133/1
f 1134/1134/1 1090/1090/1 1089/1089/1
f 1089/1089/1 1133/1133/1 1134/1134/1
f 1135/1135/1 1091/1091/1 1090/1090/1
f 1090/1090/1 1134/1134/1 1135/1135/1
f 1136/1136/1 1092/1092/1 1091/1091/1
f 1091/1091/1 1135/1135/1 1136/1136/1
f 1137/1137/1 1093/1093/1 1092/1092/1
f 1092/1092/1 1136/1136/1 1137/1137/1
f 1138/1138/1 1094/1094/1 1093/1093/1
f 1093/1093/1 1137/1137/1 1138/1138/1
f 1096/1096/1 1094/1094/1 1138/1138/1
f 1138/1138/1 1139/1139/1 1096/1096/1
f 1140/1140/1 1141/1141/1 1098/1098/1
f 1098/1098/1 1097/1097/1 1140/1140/1
f 1142/1142/1 1099/1099/1 1098/1098/1
f 1098/1098/1 1141/1141/1 1142/1142/1
f 1143/1143/1 1100/1100/1 1099/1099/1
f 1099/1099/1 1142/1142/1 1143/1143/1
f 1144/1144/1 1101/1101/1 1100/1100/1
f 1100/1100/1 1143/1143/1 1144/1144/1
f 1145/1145/1 1102/1102/1 1101/1101/1
f 1101/1101/1 1144/1144/1 1145/1145/1
f 1146/1146/1 1103/1103/1 1102/1102/1
f 1102/1102/1 1145/1145/1 1146/1146/1
f 1147/1147/1 1104/1104/1 1103/1103/1
f 1103/1103/1 1146/1146/1 1147/1147/1
f 1148/1148/1 1105/1105/1 1104/1104/1
f 1104/1104/1 1147/1147/1 1148/1148/1
f 1149/1149/1 1106/1106/1 1105/1105/1
f 1105/1105/1 1148/1148/1 1149/1149/1
f 1150/1150/1 1107/1107/1 1106/1106/1
f 1106/1106/1 1149/1149/1 1150/1150/1
f 1151/1151/1 1108/1108/1 1107/1107/1
f 1107/1107/1 1150/1150/1 1151/1151/1
f 1152/1152/1 1109/1109/1 1108/1108/1
f 1108/1108/1 1151/1151/1 1152/1152/1
f 1153/1153/1 1110/1110/1 1109/1109/1
f 1109/1109/1 1152/1152/1 1153/1153/1
f 1154/1154/1 1111/1111/1 1110/1110/1
f 1110/1110/1 1153/1153/1 1154/1154/1
f 1155/1155/1 1112/1112/1 1111/1111/1
f 1111/1111/1 1154/1154/1 1155/1155/1
f 1156/1156/1 1113/1113/1 1112/1112/1
f 1112/1112/1 1155/1155/1 1156/1156/1
f 1157/1157/1 1114/1114/1 1113/1113/1
f 1113/1113/1 1156/1156/1 1157/1157/1
f 1158/1158/1 1115/1115/1 1114/1114/1
f 1114/1114/1 1157/1157/1 1158/1158/1
f 1159/1159/1 1116/1116/1 1115/1115/1
f 1115/1115/1 1158/1158/1 1159/1159/1
f 1160/1160/1 1117/1117/1 1116/1116/1
f 1116/1116/1 1159/1159/1 1160/1160/1
f 1161/1161/1 1118/1118/1 1117/1117/1
f 1117/1117/1 1160/1160/1 1161/1161/1
f 1162/1162/1 1119/1119/1 1118/1118/1
f 1118/1118/1 1161/1161/1 1162/1162/1
f 1163/1163/1 1120/1120/1 1119/1119/1
f 1119/1119/1 1162/1162/1 1163/1163/1
f 1164/1164/1 1121/1121/1 1120/1120/1
f 1120/1120/1 1163/1163/1 1164/1164/1
f 1165/1165/1 1122/1122/1 1121/1121/1
f 1121/1121/1 1164/1164/1 1165/1165/1
f 1166/1166/1 1123/1123/1 1122/1122/1
f 1122/1122/1 1165/1165/1 1166/1166/1
f 1167/1167/1 1124/1124/1 1123/1123/1
f 1123/1123/1 1166/1166/1 1167/1167/1
f 1168/1168/1 1125/1125/1 1124/1124/1
f 1124/1124/1 1167/1167/1 1168/1168/1
f 1169/1169/1 1126/1126/1 1125/1125/1
f 1125/1125/1 1168/1168/1 1169/1169/1
f 1170/1170/1 1127/1127/1 1126/1126/1
f 1126/1126/1 1169/1169/1 1170/1170/1
f 1171/1171/1 1128/1128/1 1127/1127/1
f 1127/1127/1 1170/1170/1 1171/1171/1
f 1172/1172/1 1129/1129/1 1128/1128/1
f 1128/1128/1 1171/1171/1 1172/1172/1
f 1173/1173/1 1130/1130/1 1129/1129/1
f 1129/1129/1 1172/1172/1 1173/1173/1
f 1174/1174/1 1131/1131/1 1130/1130/1
f 1130/1130/1 1173/1173/1 1174/1174/1
f 1175/1175/1 1132/1132/1 1131/1131/1
f 1131/1131/1 1174/1174/1 1175/1175/1
f 1176/1176/1 1133/1133/1 1132/1132/1
f 1132/1132/1 1175/1175/1 1176/1176/1
f 1177/1177/1 1134/1134/1 1133/1133/1
f 1133/1133/1 1176/1176/1 1177/1177/1
f 1178/1178/1 1135/1135/1 1134/1134/1
f 1134/1134/1 1177/1177/1 1178/1178/1
f 1179/1179/1 1136/1136/1 1135/1135/1
f 1135/1135/1 1178/1178/1 1179/1179/1
f 1180/1180/1 1137/1137/1 1136/1136/1
f 1136/1136/1 1179/1179/1 1180/1180/1
f 1181/1181/1 1138/1138/1 1137/1137/1
f 1137/1137/1 1180/1180/1 1181/1181/1
f 1139/1139/1 1138/1138/1 1181/1181/1
f 1181/1181/1 1182/1182/1 1139/1139/1
f 1183/1183/1 1184/1184/1 1185/1185/1
f 1140/1140/1 1185/1185/1 1141/1141/1
f 1141/1141/1 1185/1185/1 1184/1184/1
f 1186/1186/1 1142/1142/1 1141/1141/1
f 1141/1141/1 1184/1184/1 1186/1186/1
f 1187/1187/1 1143/1143/1 1142/1142/1
f 1142/1142/1 1186/1186/1 1187/1187/1
f 1188/1188/1 1144/1144/1 1143/1143/1
f 1143/1143/1 1187/1187/1 1188/1188/1
f 1189/1189/1 1145/1145/1 1144/1144/1
f 1144/1144/1 1188/1188/1 1189/1189/1
f 1190/1190/1 1146/1146/1 1145/1145/1
f 1145/1145/1 1189/1189/1 1190/1190/1
f 1191/1191/1 1147/1147/1 1146/1146/1
f 1146/1146/1 1190/1190/1 1191/1191/1
f 1192/1192/1 1148/1148/1 1147/1147/1
f 1147/1147/1 1191/1191/1 1192/1192/1
f 1193/1193/1 1149/1149/1 1148/1148/1
f 1148/1148/1 1192/1192/1 1193/1193/1
f 1194/1194/1 1150/1150/1 1149/1149/1
f 1149/1149/1 1193/1193/1 1194/1194/1
f 1195/1195/1 1151/1151/1 1150/1150/1
f 1150/1150/1 1194/1194/1 1195/1195/1
f 1196/1196/1 1152/1152/1 1151/1151/1
f 1151/1151/1 1195/1195/1 1196/1196/1
f 1197/1197/1 1153/1153/1 1152/1152/1
f 1152/1152/1 1196/1196/1 1197/1197/1
f 1198/1198/1 1154/1154/1 1153/1153/1
f 1153/1153/1 1197/1197/1 1198/1198/1
f 1199/1199/1 1155/1155/1 1154/1154/1
f 1154/1154/1 1198/1198/1 1199/1199/1
f 1200/1200/1 1156/1156/1 1155/1155/1
f 1155/1155/1 1199/1199/1 1200/1200/1
f 1201/1201/1 1157/1157/1 1156/1156/1
f 1156/1156/1 1200/1200/1 1201/1201/1
f 1202/1202/1 1158/1158/1 1157/1157/1
f 1157/1157/1 1201/1201/1 1202/1202/1
f 1203/1203/1 1159/1159/1 1158/1158/1
f 1158/1158/1 1202/1202/1 1203/1203/1
f 1204/1204/1 1160/1160/1 1159/1159/1
f 1159/1159/1 1203/1203/1 1204/1204/1
f 1205/1205/1 1161/1161/1 1160/1160/1
f 1160/1160/1 1204/1204/1 1205/1205/1
f 1206/1206/1 1162/1162/1 1161/1161/1
f 1161/1161/1 1205/1205/1 1206/1206/1
f 1207/1207/1 1163/1163/1 1162/1162/1
f 1162/1162/1 1206/1206/1 1207/1207/1
f 1208/1208/1 1164/1164/1 1163/1163/1
f 1163/1163/1 1207/1207/1 1208/1208/1
f 1209/1209/1 1165/1165/1 1164/1164/1
f 1164/1164/1 1208/1208/1 1209/1209/1
f 1210/1210/1 1166/1166/1 1165/1165/1
f 1165/1165/1 1209/1209/1 1210/1210/1
f 1211/1211/1 1167/1167/1 1166/1166/1
f 1166/1166/1 1210/1210/1 1211/1211/1
f 1212/1212/1 1168/1168/1 1167/1167/1
f 1167/1167/1 1211/1211/1 1212/1212/1
f 1213/1213/1 1169/1169/1 1168/1168/1
f 1168/1168/1 1212/1212/1 1213/1213/1
f 1214/1214/1 1170/1170/1 1169/1169/1
f 1169/1169/1 1213/1213/1 1214/1214/1
f 1215/1215/1 1171/1171/1 1170/1170/1
f 1170/1170/1 1214/1214/1 1215/1215/1
f 1216/1216/1 1172/1172/1 1171/1171/1
f 1171/1171/1 1215/1215/1 1216/1216/1
f 1217/1217/1 1173/1173/1 1172/1172/1
f 1172/1172/1 1216/1216/1 1217/1217/1
f 1218/1218/1 1174/1174/1 1173/1173/1
f 1173/1173/1 1217/1217/1 1218/1218/1
f 1219/1219/1 1175/1175/1 1174/1174/1
f 1174/1174/1 1218/1218/1 1219/1219/1
f 1220/1220/1 1176/1176/1 1175/1175/1
f 1175/1175/1 1219/1219/1 1220/1220/1
f 1221/1221/1 1177/1177/1 1176/1176/1
f 1176/1176/1 1220/1220/1 1221/1221/1
f 1222/1222/1 1178/1178/1 1177/1177/1
f 1177/1177/1 1221/1221/1 1222/1222/1
f 1223/1223/1 1179/1179/1 1178/1178/1
f 1178/1178/1 1222/1222/1 1223/1223/1
f 1224/1224/1 1180/1180/1 1179/1179/1
f 1179/1179/1 1223/1223/1 1224/1224/1
f 1225/1225/1 1181/1181/1 1180/1180/1
f 1180/1180/1 1224/1224/1 1225/1225/1
f 1182/1182/1 1181/1181/1 1225/1225/1
f 1225/1225/1 1226/1226/1 1182/1182/1
f 1227/1227/1 1228/1228/1 1184/1184/1
f 1184/1184/1 1183/1183/1 1227/1227/1
f 1229/1229/1 1186/1186/1 1184/1184/1
f 1184/1184/1 1228/1228/1 1229/1229/1
f 1230/1230/1 1187/1187/1 1186/1186/1
f 1186/1186/1 1229/1229/1 1230/1230/1
f 1231/1231/1 1188/1188/1 1187/1187/1
f 1187/1187/1 1230/1230/1 1231/1231/1
f 1232/1232/1 1189/1189/1 1188/1188/1
f 1188/1188/1 1231/1231/1 1232/1232/1
f 1233/1233/1 1190/1190/1 1189/1189/1
f 1189/1189/1 1232/1232/1 1233/1233/1
f 1234/1234/1 1191/1191/1 1190/1190/1
f 1190/1190/1 1233/1233/1 1234/1234/1
f 1235/1235/1 1192/1192/1 1191/1191/1
f 1191/1191/1 1234/1234/1 1235/1235/1
f 1236/1236/1 1193/1193/1 1192/1192/1
f 1192/1192/1 1235/1235/1 1236/1236/1
f 1237/1237/1 1194/1194/1 1193/1193/1
f 1193/1193/1 1236/1236/1 1237/1237/1
f 1238/1238/1 1195/1195/1 1194/1194/1
f 1194/1194/1 1237/1237/1 1238/1238/1
f 1239/1239/1 1196/1196/1 1195/1195/1
f 1195/1195/1 1238/1238/1 1239/1239/1
f 1240/1240/1 1197/1197/1 1196/1196/1
f 1196/1196/1 1239/1239/1 1240/1240/1
f 1241/1241/1 1198/1198/1 1197/1197/1
f 1197/1197/1 1240/1240/1 1241/1241/1
f 1242/1242/1 1199/1199/1 1198/1198/1
f 1198/1198/1 1241/1241/1 1242/1242/1
f 1243/1243/1 1200/1200/1 1199/1199/1
f 1199/1199/1 1242/1242/1 1243/1243/1
f 1244/1244/1 1201/1201/1 1200/1200/1
f 1200/1200/1 1243/1243/1 1244/1244/1
f 1245/1245/1 1202/1202/1 1201/1201/1
f 1201/1201/1 1244/1244/1 1245/1245/1
f 1246/1246/1 1203/1203/1 1202/1202/1
f 1202/1202/1 1245/1245/1 1246/1246/1
f 1247/1247/1 1204/1204/1 1203/1203/1
f 1203/1203/1 1246/1246/1 1247/1247/1
f 1248/1248/1 1205/1205/1 1204/1204/1
f 1204/1204/1 1247/1247/1 1248/1248/1
f 1249/1249/1 1206/1206/1 1205/1205/1
f 1205/1205/1 1248/1248/1 1249/1249/1
f 1250/1250/1 1207/1207/1 1206/1206/1
f 1206/1206/1 1249/1249/1 1250/1250/1
f 1251/1251/1 1208/1208/1 1207/1207/1
f 1207/1207/1 1250/1250/1 1251/1251/1
f 1252/1252/1 1209/1209/1 1208/1208/1
f 1208/1208/1 1251/1251/1 1252/1252/1
f 1253/1253/1 1210/1210/1 1209/1209/1
f 1209/1209/1 1252/1252/1 1253/1253/1
f 1254/1254/1 1211/1211/1 1210/1210/1
f 1210/1210/1 1253/1253/1 1254/1254/1
f 1255/1255/1 1212/1212/1 1211/1211/1
f 1211/1211/1 1254/1254/1 1255/1255/1
f 1256/1256/1 1213/1213/1 1212/1212/1
f 1212/1212/1 1255/1255/1 1256/1256/1
f 1257/1257/1 1214/1214/1 1213/1213/1
f 1213/1213/1 1256/1256/1 1257/1257/1
f 1258/1258/1 1215/1215/1 1214/1214/1
f 1214/1214/1 1257/1257/1 1258/1258/1
f 1259/1259/1 1216/1216/1 1215/1215/1
f 1215/1215/1 1258/1258/1 1259/1259/1
f 1260/1260/1 1217/1217/1 1216/1216/1
f 1216/1216/1 1259/1259/1 1260/1260/1
f 1261/1261/1 1218/1218/1 1217/1217/1
f 1217/1217/1 1260/1260/1 1261/1261/1
f 1262/1262/1 1219/1219/1 1218/1218/1
f 1218/1218/1 1261/1261/1 1262/1262/1
f 1263/1263/1 1220/1220/1 1219/1219/1
f 1219/1219/1 1262/1262/1 1263/1263/1
f 1264/1264/1 1221/1221/1 1220/1220/1
f 1220/1220/1 1263/1263/1 1264/1264/1
f 1265/1265/1 1222/1222/1 1221/1221/1
f 1221/1221/1 1264/1264/1 1265/1265/1
f 1266/1266/1 1223/1223/1 1222/1222/1
f 1222/1222/1 1265/1265/1 1266/1266/1
f 1267/1267/1 1224/1224/1 1223/1223/1
f 1223/1223/1 1266/1266/1 1267/1267/1
f 1268/1268/1 1225/1225/1 1224/1224/1
f 1224/1224/1 1267/1267/1 1268/1268/1
f 1226/1226/1 1225/1225/1 1269/1269/1
f 1268/1268/1 1270/1270/1 1269/1269/1
f 1268/1268/1 1269/1269/1 1225/1225/1
f 1271/1271/1 1272/1272/1 1228/1228/1
f 1228/1228/1 1227/1227/1 1271/1271/1
f 1273/1273/1 1229/1229/1 1228/1228/1
f 1228/1228/1 1272/1272/1 1273/1273/1
f 1274/1274/1 1230/1230/1 1229/1229/1
f 1229/1229/1 1273/1273/1 1274/1274/1
f 1275/1275/1 1231/1231/1 1230/1230/1
f 1230/1230/1 1274/1274/1 1275/1275/1
f 1276/1276/1 1232/1232/1 1231/1231/1
f 1231/1231/1 1275/1275/1 1276/1276/1
f 1277/1277/1 1233/1233/1 1232/1232/1
f 1232/1232/1 1276/1276/1 1277/1277/1
f 1278/1278/1 1234/1234/1 1233/1233/1
f 1233/1233/1 1277/1277/1 1278/1278/1
f 1279/1279/1 1235/1235/1 1234/1234/1
f 1234/1234/1 1278/1278/1 1279/1279/1
f 1280/1280/1 1236/1236/1 1235/1235/1
f 1235/1235/1 1279/1279/1 1280/1280/1
f 1281/1281/1 1237/1237/1 1236/1236/1
f 1236/1236/1 1280/1280/1 1281/1281/1
f 1282/1282/1 1238/1238/1 1237/1237/1
f 1237/1237/1 1281/1281/1 1282/1282/1
f 1283/1283/1 1239/1239/1 1238/1238/1
f 1238/1238/1 1282/1282/1 1283/1283/1
f 1284/1284/1 1240/1240/1 1239/1239/1
f 1239/1239/1 1283/1283/1 1284/1284/1
f 1285/1285/1 1241/1241/1 1240/1240/1
f 1240/1240/1 1284/1284/1 1285/1285/1
f 1286/1286/1 1242/1242/1 1241/1241/1
f 1241/1241/1 1285/1285/1 1286/1286/1
f 1287/1287/1 1243/1243/1 1242/1242/1
f 1242/1242/1 1286/1286/1 1287/1287/1
f 1288/1288/1 1244/1244/1 1243/1243/1
f 1243/1243/1 1287/1287/1 1288/1288/1
f 1289/1289/1 1245/1245/1 1244/1244/1
f 1244/1244/1 1288/1288/1 1289/1289/1
f 1290/1290/1 1246/1246/1 1245/1245/1
f 1245/1245/1 1289/1289/1 1290/1290/1
f 1291/1291/1 1247/1247/1 1246/1246/1
f 1246/1246/1 1290/1290/1 1291/1291/1
f 1292/1292/1 1248/1248/1 1247/1247/1
f 1247/1247/1 1291/1291/1 1292/1292/1
f 1293/1293/1 1249/1249/1 1248/1248/1
f 1248/1248/1 1292/1292/1 1293/1293/1
f 1294/1294/1 1250/1250/1 1249/1249/1
f 1249/1249/1 1293/1293/1 1294/1294/1
f 1295/1295/1 1251/1251/1 1250/1250/1
f 1250/1250/1 1294/1294/1 1295/1295/1
f 1296/1296/1 1252/1252/1 1251/1251/1
f 1251/1251/1 1295/1295/1 1296/1296/1
f 1297/1297/1 1253/1253/1 1252/1252/1
f 1252/1252/1 1296/1296/1 1297/1297/1
f 1298/1298/1 1254/1254/1 1253/1253/1
f 1253/1253/1 1297/1297/1 1298/1298/1
f 1299/1299/1 1255/1255/1 1254/1254/1
f 1254/1254/1 1298/1298/1 1299/1299/1
f 1300/1300/1 1256/1256/1 1255/1255/1
f 1255/1255/1 1299/1299/1 1300/1300/1
f 1301/1301/1 1257/1257/1 1256/1256/1
f 1256/1256/1 1300/1300/1 1301/1301/1
f 1302/1302/1 1258/1258/1 1257/1257/1
f 1257/1257/1 1301/1301/1 1302/1302/1
f 1303/1303/1 1259/1259/1 1258/1258/1
f 1258/1258/1 1302/1302/1 1303/1303/1
f 1304/1304/1 1260/1260/1 1259/1259/1
f 1259/1259/1 1303/1303/1 1304/1304/1
f 1305/1305/1 1261/1261/1 1260/1260/1
f 1260/1260/1 1304/1304/1 1305/1305/1
f 1306/1306/1 1262/1262/1 1261/1261/1
f 1261/1261/1 1305/1305/1 1306/1306/1
f 1307/1307/1 1263/1263/1 1262/1262/1
f 1262/1262/1 1306/1306/1 1307/1307/1
f 1308/1308/1 1264/1264/1 1263/1263/1
f 1263/1263/1 1307/1307/1 1308/1308/1
f 1309/1309/1 1265/1265/1 1264/1264/1
f 1264/1264/1 1308/1308/1 1309/1309/1
f 1310/1310/1 1266/1266/1 1265/1265/1
f 1265/1265/1 1309/1309/1 1310/1310/1
f 1311/1311/1 1267/1267/1 1266/1266/1
f 1266/1266/1 1310/1310/1 1311/1311/1
f 1312/1312/1 1268/1268/1 1267/1267/1
f 1267/1267/1 1311/1311/1 1312/1312/1
f 1270/1270/1 1268/1268/1 1312/1312/1
f 1312/1312/1 1313/1313/1 1270/1270/1
f 1314/1314/1 1315/1315/1 1272/1272/1
f 1272/1272/1 1271/1271/1 1314/1314/1
f 1316/1316/1 1273/1273/1 1272/1272/1
f 1272/1272/1 1315/1315/1 1316/1316/1
f 1317/1317/1 1274/1274/1 1273/1273/1
f 1273/1273/1 1316/1316/1 1317/1317/1
f 1318/1318/1 1275/1275/1 1274/1274/1
f 1274/1274/1 1317/1317/1 1318/1318/1
f 1319/1319/1 1276/1276/1 1275/1275/1
f 1275/1275/1 1318/1318/1 1319/1319/1
f 1320/1320/1 1277/1277/1 1276/1276/1
f 1276/1276/1 1319/1319/1 1320/1320/1
f 1321/1321/1 1278/1278/1 1277/1277/1
f 1277/1277/1 1320/1320/1 1321/1321/1
f 1322/1322/1 1279/1279/1 1278/1278/1
f 1278/1278/1 1321/1321/1 1322/1322/1
f 1323/1323/1 1280/1280/1 1279/1279/1
f 1279/1279/1 1322/1322/1 1323/1323/1
f 1324/1324/1 1281/1281/1 1280/1280/1
f 1280/1280/1 1323/1323/1 1324/1324/1
f 1325/1325/1 1282/1282/1 1281/1281/1
f 1281/1281/1 1324/1324/1 1325/1325/1
f 1326/1326/1 1283/1283/1 1282/1282/1
f 1282/1282/1 1325/1325/1 1326/1326/1
f 1327/1327/1 1284/1284/1 1283/1283/1
f 1283/1283/1 1326/1326/1 1327/1327/1
f 1328/1328/1 1285/1285/1 1284/1284/1
f 1284/1284/1 1327/1327/1 1328/1328/1
f 1329/1329/1 1286/1286/1 1285/1285/1
f 1285/1285/1 1328/1328/1 1329/1329/1
f 1330/1330/1 1287/1287/1 1286/1286/1
f 1286/1286/1 1329/1329/1 1330/1330/1
f 1331/1331/1 1288/1288/1 1287/1287/1
f 1287/1287/1 1330/1330/1 1331/1331/1
f 1332/1332/1 1289/1289/1 1288/1288/1
f 1288/1288/1 1331/1331/1 1332/1332/1
f 1333/1333/1 1290/1290/1 1289/1289/1
f 1289/1289/1 1332/1332/1 1333/1333/1
f 1334/1334/1 1291/1291/1 1290/1290/1
f 1290/1290/1 1333/1333/1 1334/1334/1
f 1335/1335/1 1292/1292/1 1291/1291/1
f 1291/1291/1 1334/1334/1 1335/1335/1
f 1336/1336/1 1293/1293/1 1292/1292/1
f 1292/1292/1 1335/1335/1 1336/1336/1
f 1337/1337/1 1294/1294/1 1293/1293/1
f 1293/1293/1 1336/1336/1 1337/1337/1
f 1338/1338/1 1295/1295/1 1294/1294/1
f 1294/1294/1 1337/1337/1 1338/1338/1
f 1339/1339/1 1296/1296/1 1295/1295/1
f 1295/1295/1 1338/1338/1 1339/1339/1
f 1340/1340/1 1297/1297/1 1296/1296/1
f 1296/1296/1 1339/1339/1 1340/1340/1
f 1341/1341/1 1298/1298/1 1297/1297/1
f 1297/1297/1 1340/1340/1 1341/1341/1
f 1342/1342/1 1299/1299/1 1298/1298/1
f 1298/1298/1 1341/1341/1 1342/1342/1
f 1343/1343/1 1300/1300/1 1299/1299/1
f 1299/1299/1 1342/1342/1 1343/1343/1
f 1344/1344/1 1301/1301/1 1300/1300/1
f 1300/1300/1 1343/1343/1 1344/1344/1
f 1345/1345/1 1302/1302/1 1301/1301/1
f 1301/1301/1 1344/1344/1 1345/1345/1
f 1346/1346/1 1303/1303/1 1302/1302/1
f 1302/1302/1 1345/1345/1 1346/1346/1
f 1347/1347/1 1304/1304/1 1303/1303/1
f 1303/1303/1 1346/1346/1 1347/1347/1
f 1348/1348/1 1305/1305/1 1304/1304/1
f 1304/1304/1 1347/1347/1 1348/1348/1
f 1349/1349/1 1306/1306/1 1305/1305/1
f 1305/1305/1 1348/1348/1 1349/1349/1
f 1350/1350/1 1307/1307/1 1306/1306/1
f 1306/1306/1 1349/1349/1 1350/1350/1
f 1351/1351/1 1308/1308/1 1307/1307/1
f 1307/1307/1 1350/1350/1 1351/1351/1
f 1352/1352/1 1309/1309/1 1308/1308/1
f 1308/1308/1 1351/1351/1 1352/1352/1
f 1353/1353/1 1310/1310/1 1309/1309/1
f 1309/1309/1 1352/1352/1 1353/1353/1
f 1354/1354/1 1311/1311/1 1310/1310/1
f 1310/1310/1 1353/1353/1 1354/1354/1
f 1355/1355/1 1312/1312/1 1311/1311/1
f 1311/1311/1 1354/1354/1 1355/1355/1
f 1313/1313/1 1312/1312/1 1355/1355/1
f 1355/1355/1 1356/1356/1 1313/1313/1
f 1357/1357/1 1358/1358/1 1359/1359/1
f 1315/1315/1 1314/1314/1 1359/1359/1
f 1315/1315/1 1359/1359/1 1358/1358/1
f 1360/1360/1 1316/1316/1 1315/1315/1
f 1315/1315/1 1358/1358/1 1360/1360/1
f 1361/1361/1 1317/1317/1 1316/1316/1
f 1316/1316/1 1360/1360/1 1361/1361/1
f 1362/1362/1 1318/1318/1 1317/1317/1
f 1317/1317/1 1361/1361/1 1362/1362/1
f 1363/1363/1 1319/1319/1 1318/1318/1
f 1318/1318/1 1362/1362/1 1363/1363/1
f 1364/1364/1 1320/1320/1 1319/1319/1
f 1319/1319/1 1363/1363/1 1364/1364/1
f 1365/1365/1 1321/1321/1 1320/1320/1
f 1320/1320/1 1364/1364/1 1365/1365/1
f 1366/1366/1 1322/1322/1 1321/1321/1
f 1321/1321/1 1365/1365/1 1366/1366/1
f 1367/1367/1 1323/1323/1 1322/1322/1
f 1322/1322/1 1366/1366/1 1367/1367/1
f 1368/1368/1 1324/1324/1 1323/1323/1
f 1323/1323/1 1367/1367/1 1368/1368/1
f 1369/1369/1 1325/1325/1 1324/1324/1
f 1324/1324/1 1368/1368/1 1369/1369/1
f 1370/1370/1 1326/1326/1 1325/1325/1
f 1325/1325/1 1369/1369/1 1370/1370/1
f 1371/1371/1 1327/1327/1 1326/1326/1
f 1326/1326/1 1370/1370/1 1371/1371/1
f 1372/1372/1 1328/1328/1 1327/1327/1
f 1327/1327/1 1371/1371/1 1372/1372/1
f 1373/1373/1 1329/1329/1 1328/1328/1
f 1328/1328/1 1372/1372/1 1373/1373/1
f 1374/1374/1 1330/1330/1 1329/1329/1
f 1329/1329/1 1373/1373/1 1374/1374/1
f 1375/1375/1 1331/1331/1 1330/1330/1
f 1330/1330/1 1374/1374/1 1375/1375/1
f 1376/1376/1 1332/1332/1 1331/1331/1
f 1331/1331/1 1375/1375/1 1376/1376/1
f 1377/1377/1 1333/1333/1 1332/1332/1
f 1332/1332/1 1376/1376/1 1377/1377/1
f 1378/1378/1 1334/1334/1 1333/1333/1
f 1333/1333/1 1377/1377/1 1378/1378/1
f 1379/1379/1 1335/1335/1 1334/1334/1
f 1334/1334/1 1378/1378/1 1379/1379/1
f 1380/1380/1 1336/1336/1 1335/1335/1
f 1335/1335/1 1379/1379/1 1380/1380/1
f 1381/1381/1 1337/1337/1 1336/1336/1
f 1336/1336/1 1380/1380/1 1381/1381/1
f 1382/1382/1 1338/1338/1 1337/1337/1
f 1337/1337/1 1381/1381/1 1382/1382/1
f 1383/1383/1 1339/1339/1 1338/1338/1
f 1338/1338/1 1382/1382/1 1383/1383/1
f 1384/1384/1 1340/1340/1 1339/1339/1
f 1339/1339/1 1383/1383/1 1384/1384/1
f 1385/1385/1 1341/1341/1 1340/1340/1
f 1340/1340/1 1384/1384/1 1385/1385/1
f 1386/1386/1 1342/1342/1 1341/1341/1
f 1341/1341/1 1385/1385/1 1386/1386/1
f 1387/1387/1 1343/1343/1 1342/1342/1
f 1342/1342/1 1386/1386/1 1387/1387/1
f 1388/1388/1 1344/1344/1 1343/1343/1
f 1343/1343/1 1387/1387/1 1388/1388/1
f 1389/1389/1 1345/1345/1 1344/1344/1
f 1344/1344/1 1388/1388/1 1389/1389/1
f 1390/1390/1 1346/1346/1 1345/1345/1
f 1345/1345/1 1389/1389/1 1390/1390/1
f 1391/1391/1 1347/1347/1 1346/1346/1
f 1346/1346/1 1390/1390/1 1391/1391/1
f 1392/1392/1 1348/1348/1 1347/1347/1
f 1347/1347/1 1391/1391/1 1392/1392/1
f 1393/1393/1 1349/1349/1 1348/1348/1
f 1348/1348/1 1392/1392/1 1393/1393/1
f 1394/1394/1 1350/1350/1 1349/1349/1
f 1349/1349/1 1393/1393/1 1394/1394/1
f 1395/1395/1 1351/1351/1 1350/1350/1
f 1350/1350/1 1394/1394/1 1395/1395/1
f 1396/1396/1 1352/1352/1 1351/1351/1
f 1351/1351/1 1395/1395/1 1396/1396/1
f 1397/1397/1 1353/1353/1 1352/1352/1
f 1352/1352/1 1396/1396/1 1397/1397/1
f 1398/1398/1 1354/1354/1 1353/1353/1
f 1353/1353/1 1397/1397/1 1398/1398/1
f 1399/1399/1 1355/1355/1 1354/1354/1
f 1354/1354/1 1398/1398/1 1399/1399/1
f 1356/1356/1 1355/1355/1 1399/1399/1
f 1399/1399/1 1400/1400/1 1356/1356/1
f 1401/1401/1 1402/1402/1 1357/1357/1
f 1358/1358/1 1357/1357/1 1402/1402/1
f 1403/1403/1 1360/1360/1 1358/1358/1
f 1358/1358/1 1402/1402/1 1403/1403/1
f 1404/1404/1 1361/1361/1 1360/1360/1
f 1360/1360/1 1403/1403/1 1404/1404/1
f 1405/1405/1 1362/1362/1 1361/1361/1
f 1361/1361/1 1404/1404/1 1405/1405/1
f 1406/1406/1 1363/1363/1 1362/1362/1
f 1362/1362/1 1405/1405/1 1406/1406/1
f 1407/1407/1 1364/1364/1 1363/1363/1
f 1363/1363/1 1406/1406/1 1407/1407/1
f 1408/1408/1 1365/1365/1 1364/1364/1
f 1364/1364/1 1407/1407/1 1408/1408/1
f 1409/1409/1 1366/1366/1 1365/1365/1
f 1365/1365/1 1408/1408/1 1409/1409/1
f 1410/1410/1 1367/1367/1 1366/1366/1
f 1366/1366/1 1409/1409/1 1410/1410/1
f 1411/1411/1 1368/1368/1 1367/1367/1
f 1367/1367/1 1410/1410/1 1411/1411/1
f 1412/1412/1 1369/1369/1 1368/1368/1
f 1368/1368/1 1411/1411/1 1412/1412/1
f 1413/1413/1 1370/1370/1 1369/1369/1
f 1369/1369/1 1412/1412/1 1413/1413/1
f 1414/1414/1 1371/1371/1 1370/1370/1
f 1370/1370/1 1413/1413/1 1414/1414/1
f 1415/1415/1 1372/1372/1 1371/1371/1
f 1371/1371/1 1414/1414/1 1415/1415/1
f 1416/1416/1 1373/1373/1 1372/1372/1
f 1372/1372/1 1415/1415/1 1416/1416/1
f 1417/1417/1 1374/1374/1 1373/1373/1
f 1373/1373/1 1416/1416/1 1417/1417/1
f 1418/1418/1 1375/1375/1 1374/1374/1
f 1374/1374/1 1417/1417/1 1418/1418/1
f 1419/1419/1 1376/1376/1 1375/1375/1
f 1375/1375/1 1418/1418/1 1419/1419/1
f 1420/1420/1 1377/1377/1 1376/1376/1
f 1376/1376/1 1419/1419/1 1420/1420/1
f 1421/1421/1 1378/1378/1 1377/1377/1
f 1377/1377/1 1420/1420/1 1421/1421/1
f 1422/1422/1 1379/1379/1 1378/1378/1
f 1378/1378/1 1421/1421/1 1422/1422/1
f 1423/1423/1 1380/1380/1 1379/1379/1
f 1379/1379/1 1422/1422/1 1423/1423/1
f 1424/1424/1 1381/1381/1 1380/1380/1
f 1380/1380/1 1423/1423/1 1424/1424/1
f 1425/1425/1 1382/1382/1 1381/1381/1
f 1381/1381/1 1424/1424/1 1425/1425/1
f 1426/1426/1 1383/1383/1 1382/1382/1
f 1382/1382/1 1425/1425/1 1426/1426/1
f 1427/1427/1 1384/1384/1 1383/1383/1
f 1383/1383/1 1426/1426/1 1427/1427/1
f 1428/1428/1 1385/1385/1 1384/1384/1
f 1384/1384/1 1427/1427/1 1428/1428/1
f 1429/1429/1 1386/1386/1 1385/1385/1
f 1385/1385/1 1428/1428/1 1429/1429/1
f 1430/1430/1 1387/1387/1 1386/1386/1
f 1386/1386/1 1429/1429/1 1430/1430/1
f 1431/1431/1 1388/1388/1 1387/1387/1
f 1387/1387/1 1430/1430/1 1431/1431/1
f 1432/1432/1 1389/1389/1 1388/1388/1
f 1388/1388/1 1431/1431/1 1432/1432/1
f 1433/1433/1 1390/1390/1 1389/1389/1
f 1389/1389/1 1432/1432/1 1433/1433/1
f 1434/1434/1 1391/1391/1 1390/1390/1
f 1390/1390/1 1433/1433/1 1434/1434/1
f 1435/1435/1 1392/1392/1 1391/1391/1
f 1391/1391/1 1434/1434/1 1435/1435/1
f 1436/1436/1 1393/1393/1 1392/1392/1
f 1392/1392/1 1435/1435/1 1436/1436/1
f 1437/1437/1 1394/1394/1 1393/1393/1
f 1393/1393/1 1436/1436/1 1437/1437/1
f 1438/1438/1 1395/1395/1 1394/1394/1
f 1394/1394/1 1437/1437/1 1438/1438/1
f 1439/1439/1 1396/1396/1 1395/1395/1
f 1395/1395/1 1438/1438/1 1439/1439/1
f 1440/1440/1 1397/1397/1 1396/1396/1
f 1396/1396/1 1439/1439/1 1440/1440/1
f 1441/1441/1 1398/1398/1 1397/1397/1
f 1397/1397/1 1440/1440/1 1441/1441/1
f 1442/1442/1 1399/1399/1 1398/1398/1
f 1398/1398/1 1441/1441/1 1442/1442/1
f 1443/1443/1 1399/1399/1 1444/1444/1
f 1443/1443/1 1400/1400/1 1399/1399/1
f 1445/1445/1 1444/1444/1 1442/1442/1
f 1442/1442/1 1444/1444/1 1399/1399/1
f 1446/1446/1 1444/1444/1 1445/1445/1
f 1447/1447/1 1448/1448/1 1401/1401/1
f 1402/1402/1 1401/1401/1 1448/1448/1
f 1449/1449/1 1403/1403/1 1402/1402/1
f 1402/1402/1 1448/1448/1 1449/1449/1
f 1450/1450/1 1404/1404/1 1403/1403/1
f 1403/1403/1 1449/1449/1 1450/1450/1
f 1451/1451/1 1405/1405/1 1404/1404/1
f 1404/1404/1 1450/1450/1 1451/1451/1
f 1452/1452/1 1406/1406/1 1405/1405/1
f 1405/1405/1 1451/1451/1 1452/1452/1
f 1453/1453/1 1407/1407/1 1406/1406/1
f 1406/1406/1 1452/1452/1 1453/1453/1
f 1454/1454/1 1408/1408/1 1407/1407/1
f 1407/1407/1 1453/1453/1 1454/1454/1
f 1455/1455/1 1409/1409/1 1408/1408/1
f 1408/1408/1 1454/1454/1 1455/1455/1
f 1456/1456/1 1410/1410/1 1409/1409/1
f 1409/1409/1 1455/1455/1 1456/1456/1
f 1457/1457/1 1411/1411/1 1410/1410/1
f 1410/1410/1 1456/1456/1 1457/1457/1
f 1458/1458/1 1412/1412/1 1411/1411/1
f 1411/1411/1 1457/1457/1 1458/1458/1
f 1459/1459/1 1413/1413/1 1412/1412/1
f 1412/1412/1 1458/1458/1 1459/1459/1
f 1460/1460/1 1414/1414/1 1413/1413/1
f 1413/1413/1 1459/1459/1 1460/1460/1
f 1461/1461/1 1415/1415/1 1414/1414/1
f 1414/1414/1 1460/1460/1 1461/1461/1
f 1462/1462/1 1416/1416/1 1415/1415/1
f 1415/1415/1 1461/1461/1 1462/1462/1
f 1463/1463/1 1417/1417/1 1416/1416/1
f 1416/1416/1 1462/1462/1 1463/1463/1
f 1464/1464/1 1418/1418/1 1417/1417/1
f 1417/1417/1 1463/1463/1 1464/1464/1
f 1465/1465/1 1419/1419/1 1418/1418/1
f 1418/1418/1 1464/1464/1 1465/1465/1
f 1466/1466/1 1420/1420/1 1419/1419/1
f 1419/1419/1 1465/1465/1 1466/1466/1
f 1467/1467/1 1421/1421/1 1420/1420/1
f 1420/1420/1 1466/1466/1 1467/1467/1
f 1468/1468/1 1422/1422/1 1421/1421/1
f 1421/1421/1 1467/1467/1 1468/1468/1
f 1469/1469/1 1423/1423/1 1422/1422/1
f 1422/1422/1 1468/1468/1 1469/1469/1
f 1470/1470/1 1424/1424/1 1423/1423/1
f 1423/1423/1 1469/1469/1 1470/1470/1
f 1471/1471/1 1425/1425/1 1424/1424/1
f 1424/1424/1 1470/1470/1 1471/1471/1
f 1472/1472/1 1426/1426/1 1425/1425/1
f 1425/1425/1 1471/1471/1 1472/1472/1
f 1473/1473/1 1427/1427/1 1426/1426/1
f 1426/1426/1 1472/1472/1 1473/1473/1
f 1474/1474/1 1428/1428/1 1427/1427/1
f 1427/1427/1 1473/1473/1 1474/1474/1
f 1475/1475/1 1429/1429/1 1428/1428/1
f 1428/1428/1 1474/1474/1 1475/1475/1
f 1476/1476/1 1430/1430/1 1429/1429/1
f 1429/1429/1 1475/1475/1 1476/1476/1
f 1477/1477/1 1431/1431/1 1430/1430/1
f 1430/1430/1 1476/1476/1 1477/1477/1
f 1478/1478/1 1432/1432/1 1431/1431/1
f 1431/1431/1 1477/1477/1 1478/1478/1
f 1479/1479/1 1433/1433/1 1432/1432/1
f 1432/1432/1 1478/1478/1 1479/1479/1
f 1480/1480/1 1434/1434/1 1433/1433/1
f 1433/1433/1 1479/1479/1 1480/1480/1
f 1481/1481/1 1435/1435/1 1434/1434/1
f 1434/1434/1 1480/1480/1 1481/1481/1
f 1482/1482/1 1436/1436/1 1435/1435/1
f 1435/1435/1 1481/1481/1 1482/1482/1
f 1483/1483/1 1437/1437/1 1436/1436/1
f 1436/1436/1 1482/1482/1 1483/1483/1
f 1484/1484/1 1438/1438/1 1437/1437/1
f 1437/1437/1 1483/1483/1 1484/1484/1
f 1485/1485/1 1439/1439/1 1438/1438/1
f 1438/1438/1 1484/1484/1 1485/1485/1
f 1486/1486/1 1440/1440/1 1439/1439/1
f 1439/1439/1 1485/1485/1 1486/1486/1
f 1487/1487/1 1441/1441/1 1440/1440/1
f 1440/1440/1 1486/1486/1 1487/1487/1
f 1488/1488/1 1442/1442/1 1441/1441/1
f 1441/1441/1 1487/1487/1 1488/1488/1
f 1489/1489/1 1445/1445/1 1442/1442/1
f 1442/1442/1 1488/1488/1 1489/1489/1
f 1446/1446/1 1445/1445/1 1489/1489/1
f 1489/1489/1 1490/1490/1 1446/1446/1
f 1491/1491/1 1492/1492/1 1447/1447/1
f 1448/1448/1 1447/1447/1 1492/1492/1
f 1493/1493/1 1449/1449/1 1448/1448/1
f 1448/1448/1 1492/1492/1 1493/1493/1
f 1494/1494/1 1450/1450/1 1449/1449/1
f 1449/1449/1 1493/1493/1 1494/1494/1
f 1495/1495/1 1451/1451/1 1450/1450/1
f 1450/1450/1 1494/1494/1 1495/1495/1
f 1496/1496/1 1452/1452/1 1451/1451/1
f 1451/1451/1 1495/1495/1 1496/1496/1
f 1497/1497/1 1453/1453/1 1452/1452/1
f 1452/1452/1 1496/1496/1 1497/1497/1
f 1498/1498/1 1454/1454/1 1453/1453/1
f 1453/1453/1 1497/1497/1 1498/1498/1
f 1499/1499/1 1455/1455/1 1454/1454/1
f 1454/1454/1 1498/1498/1 1499/1499/1
f 1500/1500/1 1456/1456/1 1455/1455/1
f 1455/1455/1 1499/1499/1 1500/1500/1
f 1501/1501/1 1457/1457/1 1456/1456/1
f 1456/1456/1 1500/1500/1 1501/1501/1
f 1502/1502/1 1458/1458/1 1457/1457/1
f 1457/1457/1 1501/1501/1 1502/1502/1
f 1503/1503/1 1459/1459/1 1458/1458/1
f 1458/1458/1 1502/1502/1 1503/1503/1
f 1504/1504/1 1460/1460/1 1459/1459/1
f 1459/1459/1 1503/1503/1 1504/1504/1
f 1505/1505/1 1461/1461/1 1460/1460/1
f 1460/1460/1 1504/1504/1 1505/1505/1
f 1506/1506/1 1462/1462/1 1461/1461/1
f 1461/1461/1 1505/1505/1 1506/1506/1
f 1507/1507/1 1463/1463/1 1462/1462/1
f 1462/1462/1 1506/1506/1 1507/1507/1
f 1508/1508/1 1464/1464/1 1463/1463/1
f 1463/1463/1 1507/1507/1 1508/1508/1
f 1509/1509/1 1465/1465/1 1464/1464/1
f 1464/1464/1 1508/1508/1 1509/1509/1
f 1510/1510/1 1466/1466/1 1465/1465/1
f 1465/1465/1 1509/1509/1 1510/1510/1
f 1511/1511/1 1467/1467/1 1466/1466/1
f 1466/1466/1 1510/1510/1 1511/1511/1
f 1512/1512/1 1468/1468/1 1467/1467/1
f 1467/1467/1 1511/1511/1 1512/1512/1
f 1513/1513/1 1469/1469/1 1468/1468/1
f 1468/1468/1 1512/1512/1 1513/1513/1
f 1514/1514/1 1470/1470/1 1469/1469/1
f 1469/1469/1 1513/1513/1 1514/1514/1
f 1515/1515/1 1471/1471/1 1470/1470/1
f 1470/1470/1 1514/1514/1 1515/1515/1
f 1516/1516/1 1472/1472/1 1471/1471/1
f 1471/1471/1 1515/1515/1 1516/1516/1
f 1517/1517/1 1473/1473/1 1472/1472/1
f 1472/1472/1 1516/1516/1 1517/1517/1
f 1518/1518/1 1474/1474/1 1473/1473/1
f 1473/1473/1 1517/1517/1 1518/1518/1
f 1519/1519/1 1475/1475/1 1474/1474/1
f 1474/1474/1 1518/1518/1 1519/1519/1
f 1520/1520/1 1476/1476/1 1475/1475/1
f 1475/1475/1 1519/1519/1 1520/1520/1
f 1521/1521/1 1477/1477/1 1476/1476/1
f 1476/1476/1 1520/1520/1 1521/1521/1
f 1522/1522/1 1478/1478/1 1477/1477/1
f 1477/1477/1 1521/1521/1 1522/1522/1
f 1523/1523/1 1479/1479/1 1478/1478/1
f 1478/1478/1 1522/1522/1 1523/1523/1
f 1524/1524/1 1480/1480/1 1479/1479/1
f 1479/1479/1 1523/1523/1 1524/1524/1
f 1525/1525/1 1481/1481/1 1480/1480/1
f 1480/1480/1 1524/1524/1 1525/1525/1
f 1526/1526/1 1482/1482/1 1481/1481/1
f 1481/1481/1 1525/1525/1 1526/1526/1
f 1527/1527/1 1483/1483/1 1482/1482/1
f 1482/1482/1 1526/1526/1 1527/1527/1
f 1528/1528/1 1484/1484/1 1483/1483/1
f 1483/1483/1 1527/1527/1 1528/1528/1
f 1529/1529/1 1485/1485/1 1484/1484/1
f 1484/1484/1 1528/1528/1 1529/1529/1
f 1530/1530/1 1486/1486/1 1485/1485/1
f 1485/1485/1 1529/1529/1 1530/1530/1
f 1531/1531/1 1487/1487/1 1486/1486/1
f 1486/1486/1 1530/1530/1 1531/1531/1
f 1532/1532/1 1488/1488/1 1487/1487/1
f 1487/1487/1 1531/1531/1 1532/1532/1
f 1533/1533/1 1489/1489/1 1488/1488/1
f 1488/1488/1 1532/1532/1 1533/1533/1
f 1490/1490/1 1489/1489/1 1533/1533/1
f 1533/1533/1 1534/1534/1 1490/1490/1
f 1535/1535/1 1536/1536/1 1537/1537/1
f 1491/1491/1 1537/1537/1 1492/1492/1
f 1536/1536/1 1492/1492/1 1537/1537/1
f 1538/1538/1 1493/1493/1 1492/1492/1
f 1492/1492/1 1536/1536/1 1538/1538/1
f 1539/1539/1 1494/1494/1 1493/1493/1
f 1493/1493/1 1538/1538/1 1539/1539/1
f 1540/1540/1 1495/1495/1 1494/1494/1
f 1494/1494/1 1539/1539/1 1540/1540/1
f 1541/1541/1 1496/1496/1 1495/1495/1
f 1495/1495/1 1540/1540/1 1541/1541/1
f 1542/1542/1 1497/1497/1 1496/1496/1
f 1496/1496/1 1541/1541/1 1542/1542/1
f 1543/1543/1 1498/1498/1 1497/1497/1
f 1497/1497/1 1542/1542/1 1543/1543/1
f 1544/1544/1 1499/1499/1 1498/1498/1
f 1498/1498/1 1543/1543/1 1544/1544/1
f 1545/1545/1 1500/1500/1 1499/1499/1
f 1499/1499/1 1544/1544/1 1545/1545/1
f 1546/1546/1 1501/1501/1 1500/1500/1
f 1500/1500/1 1545/1545/1 1546/1546/1
f 1547/1547/1 1502/1502/1 1501/1501/1
f 1501/1501/1 1546/1546/1 1547/1547/1
f 1548/1548/1 1503/1503/1 1502/1502/1
f 1502/1502/1 1547/1547/1 1548/1548/1
f 1549/1549/1 1504/1504/1 1503/1503/1
f 1503/1503/1 1548/1548/1 1549/1549/1
f 1550/1550/1 1505/1505/1 1504/1504/1
f 1504/1504/1 1549/1549/1 1550/1550/1
f 1551/1551/1 1506/1506/1 1505/1505/1
f 1505/1505/1 1550/1550/1 1551/1551/1
f 1552/1552/1 1507/1507/1 1506/1506/1
f 1506/1506/1 1551/1551/1 1552/1552/1
f 1553/1553/1 1508/1508/1 1507/1507/1
f 1507/1507/1 1552/1552/1 1553/1553/1
f 1554/1554/1 1509/1509/1 1508/1508/1
f 1508/1508/1 1553/1553/1 1554/1554/1
f 1555/1555/1 1510/1510/1 1509/1509/1
f 1509/1509/1 1554/1554/1 1555/1555/1
f 1556/1556/1 1511/1511/1 1510/1510/1
f 1510/1510/1 1555/1555/1 1556/1556/1
f 1557/1557/1 1512/1512/1 1511/1511/1
f 1511/1511/1 1556/1556/1 1557/1557/1
f 1558/1558/1 1513/1513/1 1512/1512/1
f 1512/1512/1 1557/1557/1 1558/1558/1
f 1559/1559/1 1514/1514/1 1513/1513/1
f 1513/1513/1 1558/1558/1 1559/1559/1
f 1560/1560/1 1515/1515/1 1514/1514/1
f 1514/1514/1 1559/1559/1 1560/1560/1
f 1561/1561/1 1516/1516/1 1515/1515/1
f 1515/1515/1 1560/1560/1 1561/1561/1
f 1562/1562/1 1517/1517/1 1516/1516/1
f 1516/1516/1 1561/1561/1 1562/1562/1
f 1563/1563/1 1518/1518/1 1517/1517/1
f 1517/1517/1 1562/1562/1 1563/1563/1
f 1564/1564/1 1519/1519/1 1518/1518/1
f 1518/1518/1 1563/1563/1 1564/1564/1
f 1565/1565/1 1520/1520/1 1519/1519/1
f 1519/1519/1 1564/1564/1 1565/1565/1
f 1566/1566/1 1521/1521/1 1520/1520/1
f 1520/1520/1 1565/1565/1 1566/1566/1
f 1567/1567/1 1522/1522/1 1521/1521/1
f 1521/1521/1 1566/1566/1 1567/1567/1
f 1568/1568/1 1523/1523/1 1522/1522/1
f 1522/1522/1 1567/1567/1 1568/1568/1
f 1569/1569/1 1524/1524/1 1523/1523/1
f 1523/1523/1 1568/1568/1 1569/1569/1
f 1570/1570/1 1525/1525/1 1524/1524/1
f 1524/1524/1 1569/1569/1 1570/1570/1
f 1571/1571/1 1526/1526/1 1525/1525/1
f 1525/1525/1 1570/1570/1 1571/1571/1
f 1572/1572/1 1527/1527/1 1526/1526/1
f 1526/1526/1 1571/1571/1 1572/1572/1
f 1573/1573/1 1528/1528/1 1527/1527/1
f 1527/1527/1 1572/1572/1 1573/1573/1
f 1574/1574/1 1529/1529/1 1528/1528/1
f 1528/1528/1 1573/1573/1 1574/1574/1
f 1575/1575/1 1530/1530/1 1529/1529/1
f 1529/1529/1 1574/1574/1 1575/1575/1
f 1576/1576/1 1531/1531/1 1530/1530/1
f 1530/1530/1 1575/1575/1 1576/1576/1
f 1577/1577/1 1532/1532/1 1531/1531/1
f 1531/1531/1 1576/1576/1 1577/1577/1
f 1578/1578/1 1533/1533/1 1532/1532/1
f 1532/1532/1 1577/1577/1 1578/1578/1
f 1534/1534/1 1533/1533/1 1579/1579/1
f 1580/1580/1 1579/1579/1 1578/1578/1
f 1578/1578/1 1579/1579/1 1533/1533/1
f 1581/1581/1 1582/1582/1 1536/1536/1
f 1536/1536/1 1535/1535/1 1581/1581/1
f 1583/1583/1 1538/1538/1 1536/1536/1
f 1536/1536/1 1582/1582/1 1583/1583/1
f 1584/1584/1 1539/1539/1 1538/1538/1
f 1538/1538/1 1583/1583/1 1584/1584/1
f 1585/1585/1 1540/1540/1 1539/1539/1
f 1539/1539/1 1584/1584/1 1585/1585/1
f 1586/1586/1 1541/1541/1 1540/1540/1
f 1540/1540/1 1585/1585/1 1586/1586/1
f 1587/1587/1 1542/1542/1 1541/1541/1
f 1541/1541/1 1586/1586/1 1587/1587/1
f 1588/1588/1 1543/1543/1 1542/1542/1
f 1542/1542/1 1587/1587/1 1588/1588/1
f 1589/1589/1 1544/1544/1 1543/1543/1
f 1543/1543/1 1588/1588/1 1589/1589/1
f 1590/1590/1 1545/1545/1 1544/1544/1
f 1544/1544/1 1589/1589/1 1590/1590/1
f 1591/1591/1 1546/1546/1 1545/1545/1
f 1545/1545/1 1590/1590/1 1591/1591/1
f 1592/1592/1 1547/1547/1 1546/1546/1
f 1546/1546/1 1591/1591/1 1592/1592/1
f 1593/1593/1 1548/1548/1 1547/1547/1
f 1547/1547/1 1592/1592/1 1593/1593/1
f 1594/1594/1 1549/1549/1 1548/1548/1
f 1548/1548/1 1593/1593/1 1594/1594/1
f 1595/1595/1 1550/1550/1 1549/1549/1
f 1549/1549/1 1594/1594/1 1595/1595/1
f 1596/1596/1 1551/1551/1 1550/1550/1
f 1550/1550/1 1595/1595/1 1596/1596/1
f 1597/1597/1 1552/1552/1 1551/1551/1
f 1551/1551/1 1596/1596/1 1597/1597/1
f 1598/1598/1 1553/1553/1 1552/1552/1
f 1552/1552/1 1597/1597/1 1598/1598/1
f 1599/1599/1 1554/1554/1 1553/1553/1
f 1553/1553/1 1598/1598/1 1599/1599/1
f 1600/1600/1 1555/1555/1 1554/1554/1
f 1554/1554/1 1599/1599/1 1600/1600/1
f 1601/1601/1 1556/1556/1 1555/1555/1
f 1555/1555/1 1600/1600/1 1601/1601/1
f 1602/1602/1 1557/1557/1 1556/1556/1
f 1556/1556/1 1601/1601/1 1602/1602/1
f 1603/1603/1 1558/1558/1 1557/1557/1
f 1557/1557/1 1602/1602/1 1603/1603/1
f 1604/1604/1 1559/1559/1 1558/1558/1
f 1558/1558/1 1603/1603/1 1604/1604/1
f 1605/1605/1 1560/1560/1 1559/1559/1
f 1559/1559/1 1604/1604/1 1605/1605/1
f 1606/1606/1 1561/1561/1 1560/1560/1
f 1560/1560/1 1605/1605/1 1606/1606/1
f 1607/1607/1 1562/1562/1 1561/1561/1
f 1561/1561/1 1606/1606/1 1607/1607/1
f 1608/1608/1 1563/1563/1 1562/1562/1
f 1562/1562/1 1607/1607/1 1608/1608/1
f 1609/1609/1 1564/1564/1 1563/1563/1
f 1563/1563/1 1608/1608/1 1609/1609/1
f 1610/1610/1 1565/1565/1 1564/1564/1
f 1564/1564/1 1609/1609/1 1610/1610/1
f 1611/1611/1 1566/1566/1 1565/1565/1
f 1565/1565/1 1610/1610/1 1611/1611/1
f 1612/1612/1 1567/1567/1 1566/1566/1
f 1566/1566/1 1611/1611/1 1612/1612/1
f 1613/1613/1 1568/1568/1 1567/1567/1
f 1567/1567/1 1612/1612/1 1613/1613/1
f 1614/1614/1 1569/1569/1 1568/1568/1
f 1568/1568/1 1613/1613/1 1614/1614/1
f 1615/1615/1 1570/1570/1 1569/1569/1
f 1569/1569/1 1614/1614/1 1615/1615/1
f 1616/1616/1 1571/1571/1 1570/1570/1
f 1570/1570/1 1615/1615/1 1616/1616/1
f 1617/1617/1 1572/1572/1 1571/1571/1
f 1571/1571/1 1616/1616/1 1617/1617/1
f 1618/1618/1 1573/1573/1 1572/1572/1
f 1572/1572/1 1617/1617/1 1618/1618/1
f 1619/1619/1 1574/1574/1 1573/1573/1
f 1573/1573/1 1618/1618/1 1619/1619/1
f 1620/1620/1 1575/1575/1 1574/1574/1
f 1574/1574/1 1619/1619/1 1620/1620/1
f 1621/1621/1 1576/1576/1 1575/1575/1
f 1575/1575/1 1620/1620/1 1621/1621/1
f 1622/1622/1 1577/1577/1 1576/1576/1
f 1576/1576/1 1621/1621/1 1622/1622/1
f 1623/1623/1 1578/1578/1 1577/1577/1
f 1577/1577/1 1622/1622/1 1623/1623/1
f 1580/1580/1 1578/1578/1 1624/1624/1
f 1623/1623/1 1624/1624/1 1578/1578/1
f 1625/1625/1 1626/1626/1 1582/1582/1
f 1582/1582/1 1581/1581/1 1625/1625/1
f 1627/1627/1 1583/1583/1 1582/1582/1
f 1582/1582/1 1626/1626/1 1627/1627/1
f 1628/1628/1 1584/1584/1 1583/1583/1
f 1583/1583/1 1627/1627/1 1628/1628/1
f 1629/1629/1 1585/1585/1 1584/1584/1
f 1584/1584/1 1628/1628/1 1629/1629/1
f 1630/1630/1 1586/1586/1 1585/1585/1
f 1585/1585/1 1629/1629/1 1630/1630/1
f 1631/1631/1 1587/1587/1 1586/1586/1
f 1586/1586/1 1630/1630/1 1631/1631/1
f 1632/1632/1 1588/1588/1 1587/1587/1
f 1587/1587/1 1631/1631/1 1632/1632/1
f 1633/1633/1 1589/1589/1 1588/1588/1
f 1588/1588/1 1632/1632/1 1633/1633/1
f 1634/1634/1 1590/1590/1 1589/1589/1
f 1589/1589/1 1633/1633/1 1634/1634/1
f 1635/1635/1 1591/1591/1 1590/1590/1
f 1590/1590/1 1634/1634/1 1635/1635/1
f 1636/1636/1 1592/1592/1 1591/1591/1
f 1591/1591/1 1635/1635/1 1636/1636/1
f 1637/1637/1 1593/1593/1 1592/1592/1
f 1592/1592/1 1636/1636/1 1637/1637/1
f 1638/1638/1 1594/1594/1 1593/1593/1
f 1593/1593/1 1637/1637/1 1638/1638/1
f 1639/1639/1 1595/1595/1 1594/1594/1
f 1594/1594/1 1638/1638/1 1639/1639/1
f 1640/1640/1 1596/1596/1 1595/1595/1
f 1595/1595/1 1639/1639/1 1640/1640/1
f 1641/1641/1 1597/1597/1 1596/1596/1
f 1596/1596/1 1640/1640/1 1641/1641/1
f 1642/1642/1 1598/1598/1 1597/1597/1
f 1597/1597/1 1641/1641/1 1642/1642/1
f 1643/1643/1 1599/1599/1 1598/1598/1
f 1598/1598/1 1642/1642/1 1643/1643/1
f 1644/1644/1 1600/1600/1 1599/1599/1
f 1599/1599/1 1643/1643/1 1644/1644/1
f 1645/1645/1 1601/1601/1 1600/1600/1
f 1600/1600/1 1644/1644/1 1645/1645/1
f 1646/1646/1 1602/1602/1 1601/1601/1
f 1601/1601/1 1645/1645/1 1646/1646/1
f 1647/1647/1 1603/1603/1 1602/1602/1
f 1602/1602/1 1646/1646/1 1647/1647/1
f 1648/1648/1 1604/1604/1 1603/1603/1
f 1603/1603/1 1647/1647/1 1648/1648/1
f 1649/1649/1 1605/1605/1 1604/1604/1
f 1604/1604/1 1648/1648/1 1649/1649/1
f 1650/1650/1 1606/1606/1 1605/1605/1
f 1605/1605/1 1649/1649/1 1650/1650/1
f 1651/1651/1 1607/1607/1 1606/1606/1
f 1606/1606/1 1650/1650/1 1651/1651/1
f 1652/1652/1 1608/1608/1 1607/1607/1
f 1607/1607/1 1651/1651/1 1652/1652/1
f 1653/1653/1 1609/1609/1 1608/1608/1
f 1608/1608/1 1652/1652/1 1653/1653/1
f 1654/1654/1 1610/1610/1 1609/1609/1
f 1609/1609/1 1653/1653/1 1654/1654/1
f 1655/1655/1 1611/1611/1 1610/1610/1
f 1610/1610/1 1654/1654/1 1655/1655/1
f 1656/1656/1 1612/1612/1 1611/1611/1
f 1611/1611/1 1655/1655/1 1656/1656/1
f 1657/1657/1 1613/1613/1 1612/1612/1
f 1612/1612/1 1656/1656/1 1657/1657/1
f 1658/1658/1 1614/1614/1 1613/1613/1
f 1613/1613/1 1657/1657/1 1658/1658/1
f 1659/1659/1 1615/1615/1 1614/1614/1
f 1614/1614/1 1658/1658/1 1659/1659/1
f 1660/1660/1 1616/1616/1 1615/1615/1
f 1615/1615/1 1659/1659/1 1660/1660/1
f 1661/1661/1 1617/1617/1 1616/1616/1
f 1616/1616/1 1660/1660/1 1661/1661/1
f 1662/1662/1 1618/1618/1 1617/1617/1
f 1617/1617/1 1661/1661/1 1662/1662/1
f 1663/1663/1 1619/1619/1 1618/1618/1
f 1618/1618/1 1662/1662/1 1663/1663/1
f 1664/1664/1 1620/1620/1 1619/1619/1
f 1619/1619/1 1663/1663/1 1664/1664/1
f 1665/1665/1 1621/1621/1 1620/1620/1
f 1620/1620/1 1664/1664/1 1665/1665/1
f 1666/1666/1 1622/1622/1 1621/1621/1
f 1621/1621/1 1665/1665/1 1666/1666/1
f 1667/1667/1 1623/1623/1 1622/1622/1
f 1622/1622/1 1666/1666/1 1667/1667/1
f 1624/1624/1 1623/1623/1 1668/1668/1
f 1667/1667/1 1668/1668/1 1623/1623/1
f 1669/1669/1 1670/1670/1 1626/1626/1
f 1626/1626/1 1625/1625/1 1669/1669/1
f 1671/1671/1 1627/1627/1 1626/1626/1
f 1626/1626/1 1670/1670/1 1671/1671/1
f 1672/1672/1 1628/1628/1 1627/1627/1
f 1627/1627/1 1671/1671/1 1672/1672/1
f 1673/1673/1 1629/1629/1 1628/1628/1
f 1628/1628/1 1672/1672/1 1673/1673/1
f 1674/1674/1 1630/1630/1 1629/1629/1
f 1629/1629/1 1673/1673/1 1674/1674/1
f 1675/1675/1 1631/1631/1 1630/1630/1
f 1630/1630/1 1674/1674/1 1675/1675/1
f 1676/1676/1 1632/1632/1 1631/1631/1
f 1631/1631/1 1675/1675/1 1676/1676/1
f 1677/1677/1 1633/1633/1 1632/1632/1
f 1632/1632/1 1676/1676/1 1677/1677/1
f 1678/1678/1 1634/1634/1 1633/1633/1
f 1633/1633/1 1677/1677/1 1678/1678/1
f 1679/1679/1 1635/1635/1 1634/1634/1
f 1634/1634/1 1678/1678/1 1679/1679/1
f 1680/1680/1 1636/1636/1 1635/1635/1
f 1635/1635/1 1679/1679/1 1680/1680/1
f 1681/1681/1 1637/1637/1 1636/1636/1
f 1636/1636/1 1680/1680/1 1681/1681/1
f 1682/1682/1 1638/1638/1 1637/1637/1
f 1637/1637/1 1681/1681/1 1682/1682/1
f 1683/1683/1 1639/1639/1 1638/1638/1
f 1638/1638/1 1682/1682/1 1683/1683/1
f 1684/1684/1 1640/1640/1 1639/1639/1
f 1639/1639/1 1683/1683/1 1684/1684/1
f 1685/1685/1 1641/1641/1 1640/1640/1
f 1640/1640/1 1684/1684/1 1685/1685/1
f 1686/1686/1 1642/1642/1 1641/1641/1
f 1641/1641/1 1685/1685/1 1686/1686/1
f 1687/1687/1 1643/1643/1 1642/1642/1
f 1642/1642/1 1686/1686/1 1687/1687/1
f 1688/1688/1 1644/1644/1 1643/1643/1
f 1643/1643/1 1687/1687/1 1688/1688/1
f 1689/1689/1 1645/1645/1 1644/1644/1
f 1644/1644/1 1688/1688/1 1689/1689/1
f 1690/1690/1 1646/1646/1 1645/1645/1
f 1645/1645/1 1689/1689/1 1690/1690/1
f 1691/1691/1 1647/1647/1 1646/1646/1
f 1646/1646/1 1690/1690/1 1691/1691/1
f 1692/1692/1 1648/1648/1 1647/1647/1
f 1647/1647/1 1691/1691/1 1692/1692/1
f 1693/1693/1 1649/1649/1 1648/1648/1
f 1648/1648/1 1692/1692/1 1693/1693/1
f 1694/1694/1 1650/1650/1 1649/1649/1
f 1649/1649/1 1693/1693/1 1694/1694/1
f 1695/1695/1 1651/1651/1 1650/1650/1
f 1650/1650/1 1694/1694/1 1695/1695/1
f 1696/1696/1 1652/1652/1 1651/1651/1
f 1651/1651/1 1695/1695/1 1696/1696/1
f 1697/1697/1 1653/1653/1 1652/1652/1
f 1652/1652/1 1696/1696/1 1697/1697/1
f 1698/1698/1 1654/1654/1 1653/1653/1
f 1653/1653/1 1697/1697/1 1698/1698/1
f 1699/1699/1 1655/1655/1 1654/1654/1
f 1654/1654/1 1698/1698/1 1699/1699/1
f 1700/1700/1 1656/1656/1 1655/1655/1
f 1655/1655/1 1699/1699/1 1700/1700/1
f 1701/1701/1 1657/1657/1 1656/1656/1
f 1656/1656/1 1700/1700/1 1701/1701/1
f 1702/1702/1 1658/1658/1 1657/1657/1
f 1657/1657/1 1701/1701/1 1702/1702/1
f 1703/1703/1 1659/1659/1 1658/1658/1
f 1658/1658/1 1702/1702/1 1703/1703/1
f 1704/1704/1 1660/1660/1 1659/1659/1
f 1659/1659/1 1703/1703/1 1704/1704/1
f 1705/1705/1 1661/1661/1 1660/1660/1
f 1660/1660/1 1704/1704/1 1705/1705/1
f 1706/1706/1 1662/1662/1 1661/1661/1
f 1661/1661/1 1705/1705/1 1706/1706/1
f 1707/1707/1 1663/1663/1 1662/1662/1
f 1662/1662/1 1706/1706/1 1707/1707/1
f 1708/1708/1 1664/1664/1 1663/1663/1
f 1663/1663/1 1707/1707/1 1708/1708/1
f 1709/1709/1 1665/1665/1 1664/1664/1
f 1664/1664/1 1708/1708/1 1709/1709/1
f 1710/1710/1 1666/1666/1 1665/1665/1
f 1665/1665/1 1709/1709/1 1710/1710/1
f 1711/1711/1 1667/1667/1 1666/1666/1
f 1666/1666/1 1710/1710/1 1711/1711/1
f 1668/1668/1 1667/1667/1 1712/1712/1
f 1711/1711/1 1712/1712/1 1667/1667/1
f 1713/1713/1 1714/1714/1 1715/1715/1
f 1669/1669/1 1715/1715/1 1670/1670/1
f 1670/1670/1 1715/1715/1 1714/1714/1
f 1716/1716/1 1671/1671/1 1670/1670/1
f 1670/1670/1 1714/1714/1 1716/1716/1
f 1717/1717/1 1672/1672/1 1671/1671/1
f 1671/1671/1 1716/1716/1 1717/1717/1
f 1718/1718/1 1673/1673/1 1672/1672/1
f 1672/1672/1 1717/1717/1 1718/1718/1
f 1719/1719/1 1674/1674/1 1673/1673/1
f 1673/1673/1 1718/1718/1 1719/1719/1
f 1720/1720/1 1675/1675/1 1674/1674/1
f 1674/1674/1 1719/1719/1 1720/1720/1
f 1721/1721/1 1676/1676/1 1675/1675/1
f 1675/1675/1 1720/1720/1 1721/1721/1
f 1722/1722/1 1677/1677/1 1676/1676/1
f 1676/1676/1 1721/1721/1 1722/1722/1
f 1723/1723/1 1678/1678/1 1677/1677/1
f 1677/1677/1 1722/1722/1 1723/1723/1
f 1724/1724/1 1679/1679/1 1678/1678/1
f 1678/1678/1 1723/1723/1 1724/1724/1
f 1725/1725/1 1680/1680/1 1679/1679/1
f 1679/1679/1 1724/1724/1 1725/1725/1
f 1726/1726/1 1681/1681/1 1680/1680/1
f 1680/1680/1 1725/1725/1 1726/1726/1
f 1727/1727/1 1682/1682/1 1681/1681/1
f 1681/1681/1 1726/1726/1 1727/1727/1
f 1728/1728/1 1683/1683/1 1682/1682/1
f 1682/1682/1 1727/1727/1 1728/1728/1
f 1729/1729/1 1684/1684/1 1683/1683/1
f 1683/1683/1 1728/1728/1 1729/1729/1
f 1730/1730/1 1685/1685/1 1684/1684/1
f 1684/1684/1 1729/1729/1 1730/1730/1
f 1731/1731/1 1686/1686/1 1685/1685/1
f 1685/1685/1 1730/1730/1 1731/1731/1
f 1732/1732/1 1687/1687/1 1686/1686/1
f 1686/1686/1 1731/1731/1 1732/1732/1
f 1733/1733/1 1688/1688/1 1687/1687/1
f 1687/1687/1 1732/1732/1 1733/1733/1
f 1734/1734/1 1689/1689/1 1688/1688/1
f 1688/1688/1 1733/1733/1 1734/1734/1
f 1735/1735/1 1690/1690/1 1689/1689/1
f 1689/1689/1 1734/1734/1 1735/1735/1
f 1736/1736/1 1691/1691/1 1690/1690/1
f 1690/1690/1 1735/1735/1 1736/1736/1
f 1737/1737/1 1692/1692/1 1691/1691/1
f 1691/1691/1 1736/1736/1 1737/1737/1
f 1738/1738/1 1693/1693/1 1692/1692/1
f 1692/1692/1 1737/1737/1 1738/1738/1
f 1739/1739/1 1694/1694/1 1693/1693/1
f 1693/1693/1 1738/1738/1 1739/1739/1
f 1740/1740/1 1695/1695/1 1694/1694/1
f 1694/1694/1 1739/1739/1 1740/1740/1
f 1741/1741/1 1696/1696/1 1695/1695/1
f 1695/1695/1 1740/1740/1 1741/1741/1
f 1742/1742/1 1697/1697/1 1696/1696/1
f 1696/1696/1 1741/1741/1 1742/1742/1
f 1743/1743/1 1698/1698/1 1697/1697/1
f 1697/1697/1 1742/1742/1 1743/1743/1
f 1744/1744/1 1699/1699/1 1698/1698/1
f 1698/1698/1 1743/1743/1 1744/1744/1
f 1745/1745/1 1700/1700/1 1699/1699/1
f 1699/1699/1 1744/1744/1 1745/1745/1
f 1746/1746/1 1701/1701/1 1700/1700/1
f 1700/1700/1 1745/1745/1 1746/1746/1
f 1747/1747/1 1702/1702/1 1701/1701/1
f 1701/1701/1 1746/1746/1 1747/1747/1
f 1748/1748/1 1703/1703/1 1702/1702/1
f 1702/1702/1 1747/1747/1 1748/1748/1
f 1749/1749/1 1704/1704/1 1703/1703/1
f 1703/1703/1 1748/1748/1 1749/1749/1
f 1750/1750/1 1705/1705/1 1704/1704/1
f 1704/1704/1 1749/1749/1 1750/1750/1
f 1751/1751/1 1706/1706/1 1705/1705/1
f 1705/1705/1 1750/1750/1 1751/1751/1
f 1752/1752/1 1707/1707/1 1706/1706/1
f 1706/1706/1 1751/1751/1 1752/1752/1
f 1753/1753/1 1708/1708/1 1707/1707/1
f 1707/1707/1 1752/1752/1 1753/1753/1
f 1754/1754/1 1709/1709/1 1708/1708/1
f 1708/1708/1 1753/1753/1 1754/1754/1
f 1755/1755/1 1710/1710/1 1709/1709/1
f 1709/1709/1 1754/1754/1 1755/1755/1
f 1756/1756/1 1711/1711/1 1710/1710/1
f 1710/1710/1 1755/1755/1 1756/1756/1
f 1712/1712/1 1711/1711/1 1757/1757/1
f 1756/1756/1 1758/1758/1 1757/1757/1
f 1756/1756/1 1757/1757/1 1711/1711/1
f 1759/1759/1 1760/1760/1 1714/1714/1
f 1714/1714/1 1713/1713/1 1759/1759/1
f 1761/1761/1 1716/1716/1 1714/1714/1
f 1714/1714/1 1760/1760/1 1761/1761/1
f 1762/1762/1 1717/1717/1 1716/1716/1
f 1716/1716/1 1761/1761/1 1762/1762/1
f 1763/1763/1 1718/1718/1 1717/1717/1
f 1717/1717/1 1762/1762/1 1763/1763/1
f 1764/1764/1 1719/1719/1 1718/1718/1
f 1718/1718/1 1763/1763/1 1764/1764/1
f 1765/1765/1 1720/1720/1 1719/1719/1
f 1719/1719/1 1764/1764/1 1765/1765/1
f 1766/1766/1 1721/1721/1 1720/1720/1
f 1720/1720/1 1765/1765/1 1766/1766/1
f 1767/1767/1 1722/1722/1 1721/1721/1
f 1721/1721/1 1766/1766/1 1767/1767/1
f 1768/1768/1 1723/1723/1 1722/1722/1
f 1722/1722/1 1767/1767/1 1768/1768/1
f 1769/1769/1 1724/1724/1 1723/1723/1
f 1723/1723/1 1768/1768/1 1769/1769/1
f 1770/1770/1 1725/1725/1 1724/1724/1
f 1724/1724/1 1769/1769/1 1770/1770/1
f 1771/1771/1 1726/1726/1 1725/1725/1
f 1725/1725/1 1770/1770/1 1771/1771/1
f 1772/1772/1 1727/1727/1 1726/1726/1
f 1726/1726/1 1771/1771/1 1772/1772/1
f 1773/1773/1 1728/1728/1 1727/1727/1
f 1727/1727/1 1772/1772/1 1773/1773/1
f 1774/1774/1 1729/1729/1 1728/1728/1
f 1728/1728/1 1773/1773/1 1774/1774/1
f 1775/1775/1 1730/1730/1 1729/1729/1
f 1729/1729/1 1774/1774/1 1775/1775/1
f 1776/1776/1 1731/1731/1 1730/1730/1
f 1730/1730/1 1775/1775/1 1776/1776/1
f 1777/1777/1 1732/1732/1 1731/1731/1
f 1731/1731/1 1776/1776/1 1777/1777/1
f 1778/1778/1 1733/1733/1 1732/1732/1
f 1732/1732/1 1777/1777/1 1778/1778/1
f 1779/1779/1 1734/1734/1 1733/1733/1
f 1733/1733/1 1778/1778/1 1779/1779/1
f 1780/1780/1 1735/1735/1 1734/1734/1
f 1734/1734/1 1779/1779/1 1780/1780/1
f 1781/1781/1 1736/1736/1 1735/1735/1
f 1735/1735/1 1780/1780/1 1781/1781/1
f 1782/1782/1 1737/1737/1 1736/1736/1
f 1736/1736/1 1781/1781/1 1782/1782/1
f 1783/1783/1 1738/1738/1 1737/1737/1
f 1737/1737/1 1782/1782/1 1783/1783/1
f 1784/1784/1 1739/1739/1 1738/1738/1
f 1738/1738/1 1783/1783/1 1784/1784/1
f 1785/1785/1 1740/1740/1 1739/1739/1
f 1739/1739/1 1784/1784/1 1785/1785/1
f 1786/1786/1 1741/1741/1 1740/1740/1
f 1740/1740/1 1785/1785/1 1786/1786/1
f 1787/1787/1 1742/1742/1 1741/1741/1
f 1741/1741/1 1786/1786/1 1787/1787/1
f 1788/1788/1 1743/1743/1 1742/1742/1
f 1742/1742/1 1787/1787/1 1788/1788/1
f 1789/1789/1 1744/1744/1 1743/1743/1
f 1743/1743/1 1788/1788/1 1789/1789/1
f 1790/1790/1 1745/1745/1 1744/1744/1
f 1744/1744/1 1789/1789/1 1790/1790/1
f 1791/1791/1 1746/1746/1 1745/1745/1
f 1745/1745/1 1790/1790/1 1791/1791/1
f 1792/1792/1 1747/1747/1 1746/1746/1
f 1746/1746/1 1791/1791/1 1792/1792/1
f 1793/1793/1 1748/1748/1 1747/1747/1
f 1747/1747/1 1792/1792/1 1793/1793/1
f 1794/1794/1 1749/1749/1 1748/1748/1
f 1748/1748/1 1793/1793/1 1794/1794/1
f 1795/1795/1 1750/1750/1 1749/1749/1
f 1749/1749/1 1794/1794/1 1795/1795/1
f 1796/1796/1 1751/1751/1 1750/1750/1
f 1750/1750/1 1795/1795/1 1796/1796/1
f 1797/1797/1 1752/1752/1 1751/1751/1
f 1751/1751/1 1796/1796/1 1797/1797/1
f 1798/1798/1 1753/1753/1 1752/1752/1
f 1752/1752/1 1797/1797/1 1798/1798/1
f 1799/1799/1 1754/1754/1 1753/1753/1
f 1753/1753/1 1798/1798/1 1799/1799/1
f 1800/1800/1 1755/1755/1 1754/1754/1
f 1754/1754/1 1799/1799/1 1800/1800/1
f 1801/1801/1 1756/1756/1 1755/1755/1
f 1755/1755/1 1800/1800/1 1801/1801/1
f 1758/1758/1 1756/1756/1 1801/1801/1
f 1801/1801/1 1802/1802/1 1758/1758/1
f 1759/1759/1 1803/1803/1 1760/1760/1
f 1804/1804/1 1761/1761/1 1803/1803/1
f 1803/1803/1 1805/1805/1 1804/1804/1
f 1760/1760/1 1803/1803/1 1761/1761/1
f 1806/1806/1 1762/1762/1 1761/1761/1
f 1761/1761/1 1804/1804/1 1806/1806/1
f 1807/1807/1 1763/1763/1 1762/1762/1
f 1762/1762/1 1806/1806/1 1807/1807/1
f 1808/1808/1 1764/1764/1 1763/1763/1
f 1763/1763/1 1807/1807/1 1808/1808/1
f 1809/1809/1 1765/1765/1 1764/1764/1
f 1764/1764/1 1808/1808/1 1809/1809/1
f 1810/1810/1 1766/1766/1 1765/1765/1
f 1765/1765/1 1809/1809/1 1810/1810/1
f 1811/1811/1 1767/1767/1 1766/1766/1
f 1766/1766/1 1810/1810/1 1811/1811/1
f 1812/1812/1 1768/1768/1 1767/1767/1
f 1767/1767/1 1811/1811/1 1812/1812/1
f 1813/1813/1 1769/1769/1 1768/1768/1
f 1768/1768/1 1812/1812/1 1813/1813/1
f 1814/1814/1 1770/1770/1 1769/1769/1
f 1769/1769/1 1813/1813/1 1814/1814/1
f 1815/1815/1 1771/1771/1 1770/1770/1
f 1770/1770/1 1814/1814/1 1815/1815/1
f 1816/1816/1 1772/1772/1 1771/1771/1
f 1771/1771/1 1815/1815/1 1816/1816/1
f 1817/1817/1 1773/1773/1 1772/1772/1
f 1772/1772/1 1816/1816/1 1817/1817/1
f 1818/1818/1 1774/1774/1 1773/1773/1
f 1773/1773/1 1817/1817/1 1818/1818/1
f 1819/1819/1 1775/1775/1 1774/1774/1
f 1774/1774/1 1818/1818/1 1819/1819/1
f 1820/1820/1 1776/1776/1 1775/1775/1
f 1775/1775/1 1819/1819/1 1820/1820/1
f 1821/1821/1 1777/1777/1 1776/1776/1
f 1776/1776/1 1820/1820/1 1821/1821/1
f 1822/1822/1 1778/1778/1 1777/1777/1
f 1777/1777/1 1821/1821/1 1822/1822/1
f 1823/1823/1 1779/1779/1 1778/1778/1
f 1778/1778/1 1822/1822/1 1823/1823/1
f 1824/1824/1 1780/1780/1 1779/1779/1
f 1779/1779/1 1823/1823/1 1824/1824/1
f 1825/1825/1 1781/1781/1 1780/1780/1
f 1780/1780/1 1824/1824/1 1825/1825/1
f 1826/1826/1 1782/1782/1 1781/1781/1
f 1781/1781/1 1825/1825/1 1826/1826/1
f 1827/1827/1 1783/1783/1 1782/1782/1
f 1782/1782/1 1826/1826/1 1827/1827/1
f 1828/1828/1 1784/1784/1 1783/1783/1
f 1783/1783/1 1827/1827/1 1828/1828/1
f 1829/1829/1 1785/1785/1 1784/1784/1
f 1784/1784/1 1828/1828/1 1829/1829/1
f 1830/1830/1 1786/1786/1 1785/1785/1
f 1785/1785/1 1829/1829/1 1830/1830/1
f 1831/1831/1 1787/1787/1 1786/1786/1
f 1786/1786/1 1830/1830/1 1831/1831/1
f 1832/1832/1 1788/1788/1 1787/1787/1
f 1787/1787/1 1831/1831/1 1832/1832/1
f 1833/1833/1 1789/1789/1 1788/1788/1
f 1788/1788/1 1832/1832/1 1833/1833/1
f 1834/1834/1 1790/1790/1 1789/1789/1
f 1789/1789/1 1833/1833/1 1834/1834/1
f 1835/1835/1 1791/1791/1 1790/1790/1
f 1790/1790/1 1834/1834/1 1835/1835/1
f 1836/1836/1 1792/1792/1 1791/1791/1
f 1791/1791/1 1835/1835/1 1836/1836/1
f 1837/1837/1 1793/1793/1 1792/1792/1
f 1792/1792/1 1836/1836/1 1837/1837/1
f 1838/1838/1 1794/1794/1 1793/1793/1
f 1793/1793/1 1837/1837/1 1838/1838/1
f 1839/1839/1 1795/1795/1 1794/1794/1
f 1794/1794/1 1838/1838/1 1839/1839/1
f 1840/1840/1 1796/1796/1 1795/1795/1
f 1795/1795/1 1839/1839/1 1840/1840/1
f 1841/1841/1 1797/1797/1 1796/1796/1
f 1796/1796/1 1840/1840/1 1841/1841/1
f 1842/1842/1 1798/1798/1 1797/1797/1
f 1797/1797/1 1841/1841/1 1842/1842/1
f 1843/1843/1 1799/1799/1 1798/1798/1
f 1798/1798/1 1842/1842/1 1843/1843/1
f 1844/1844/1 1800/1800/1 1799/1799/1
f 1799/1799/1 1843/1843/1 1844/1844/1
f 1845/1845/1 1801/1801/1 1800/1800/1
f 1800/1800/1 1844/1844/1 1845/1845/1
f 1802/1802/1 1801/1801/1 1845/1845/1
f 1845/1845/1 1846/1846/1 1802/1802/1
f 1847/1847/1 1848/1848/1 1849/1849/1
f 1804/1804/1 1805/1805/1 1849/1849/1
f 1804/1804/1 1849/1849/1 1848/1848/1
f 1850/1850/1 1806/1806/1 1804/1804/1
f 1804/1804/1 1848/1848/1 1850/1850/1
f 1851/1851/1 1807/1807/1 1806/1806/1
f 1806/1806/1 1850/1850/1 1851/1851/1
f 1852/1852/1 1808/1808/1 1807/1807/1
f 1807/1807/1 1851/1851/1 1852/1852/1
f 1853/1853/1 1809/1809/1 1808/1808/1
f 1808/1808/1 1852/1852/1 1853/1853/1
f 1854/1854/1 1810/1810/1 1809/1809/1
f 1809/1809/1 1853/1853/1 1854/1854/1
f 1855/1855/1 1811/1811/1 1810/1810/1
f 1810/1810/1 1854/1854/1 1855/1855/1
f 1856/1856/1 1812/1812/1 1811/1811/1
f 1811/1811/1 1855/1855/1 1856/1856/1
f 1857/1857/1 1813/1813/1 1812/1812/1
f 1812/1812/1 1856/1856/1 1857/1857/1
f 1858/1858/1 1814/1814/1 1813/1813/1
f 1813/1813/1 1857/1857/1 1858/1858/1
f 1859/1859/1 1815/1815/1 1814/1814/1
f 1814/1814/1 1858/1858/1 1859/1859/1
f 1860/1860/1 1816/1816/1 1815/1815/1
f 1815/1815/1 1859/1859/1 1860/1860/1
f 1861/1861/1 1817/1817/1 1816/1816/1
f 1816/1816/1 1860/1860/1 1861/1861/1
f 1862/1862/1 1818/1818/1 1817/1817/1
f 1817/1817/1 1861/1861/1 1862/1862/1
f 1863/1863/1 1819/1819/1 1818/1818/1
f 1818/1818/1 1862/1862/1 1863/1863/1
f 1864/1864/1 1820/1820/1 1819/1819/1
f 1819/1819/1 1863/1863/1 1864/1864/1
f 1865/1865/1 1821/1821/1 1820/1820/1
f 1820/1820/1 1864/1864/1 1865/1865/1
f 1866/1866/1 1822/1822/1 1821/1821/1
f 1821/1821/1 1865/1865/1 1866/1866/1
f 1867/1867/1 1823/1823/1 1822/1822/1
f 1822/1822/1 1866/1866/1 1867/1867/1
f 1868/1868/1 1824/1824/1 1823/1823/1
f 1823/1823/1 1867/1867/1 1868/1868/1
f 1869/1869/1 1825/1825/1 1824/1824/1
f 1824/1824/1 1868/1868/1 1869/1869/1
f 1870/1870/1 1826/1826/1 1825/1825/1
f 1825/1825/1 1869/1869/1 1870/1870/1
f 1871/1871/1 1827/1827/1 1826/1826/1
f 1826/1826/1 1870/1870/1 1871/1871/1
f 1872/1872/1 1828/1828/1 1827/1827/1
f 1827/1827/1 1871/1871/1 1872/1872/1
f 1873/1873/1 1829/1829/1 1828/1828/1
f 1828/1828/1 1872/1872/1 1873/1873/1
f 1874/1874/1 1830/1830/1 1829/1829/1
f 1829/1829/1 1873/1873/1 1874/1874/1
f 1875/1875/1 1831/1831/1 1830/1830/1
f 1830/1830/1 1874/1874/1 1875/1875/1
f 1876/1876/1 1832/1832/1 1831/1831/1
f 1831/1831/1 1875/1875/1 1876/1876/1
f 1877/1877/1 1833/1833/1 1832/1832/1
f 1832/1832/1 1876/1876/1 1877/1877/1
f 1878/1878/1 1834/1834/1 1833/1833/1
f 1833/1833/1 1877/1877/1 1878/1878/1
f 1879/1879/1 1835/1835/1 1834/1834/1
f 1834/1834/1 1878/1878/1 1879/1879/1
f 1880/1880/1 1836/1836/1 1835/1835/1
f 1835/1835/1 1879/1879/1 1880/1880/1
f 1881/1881/1 1837/1837/1 1836/1836/1
f 1836/1836/1 1880/1880/1 1881/1881/1
f 1882/1882/1 1838/1838/1 1837/1837/1
f 1837/1837/1 1881/1881/1 1882/1882/1
f 1883/1883/1 1839/1839/1 1838/1838/1
f 1838/1838/1 1882/1882/1 1883/1883/1
f 1884/1884/1 1840/1840/1 1839/1839/1
f 1839/1839/1 1883/1883/1 1884/1884/1
f 1885/1885/1 1841/1841/1 1840/1840/1
f 1840/1840/1 1884/1884/1 1885/1885/1
f 1886/1886/1 1842/1842/1 1841/1841/1
f 1841/1841/1 1885/1885/1 1886/1886/1
f 1887/1887/1 1843/1843/1 1842/1842/1
f 1842/1842/1 1886/1886/1 1887/1887/1
f 1888/1888/1 1844/1844/1 1843/1843/1
f 1843/1843/1 1887/1887/1 1888/1888/1
f 1889/1889/1 1845/1845/1 1844/1844/1
f 1844/1844/1 1888/1888/1 1889/1889/1
f 1846/1846/1 1845/1845/1 1890/1890/1
f 1891/1891/1 1890/1890/1 1889/1889/1
f 1889/1889/1 1890/1890/1 1845/1845/1
f 1892/1892/1 1893/1893/1 1847/1847/1
f 1848/1848/1 1847/1847/1 1893/1893/1
f 1894/1894/1 1850/1850/1 1848/1848/1
f 1848/1848/1 1893/1893/1 1894/1894/1
f 1895/1895/1 1851/1851/1 1850/1850/1
f 1850/1850/1 1894/1894/1 1895/1895/1
f 1896/1896/1 1852/1852/1 1851/1851/1
f 1851/1851/1 1895/1895/1 1896/1896/1
f 1897/1897/1 1853/1853/1 1852/1852/1
f 1852/1852/1 1896/1896/1 1897/1897/1
f 1898/1898/1 1854/1854/1 1853/1853/1
f 1853/1853/1 1897/1897/1 1898/1898/1
f 1899/1899/1 1855/1855/1 1854/1854/1
f 1854/1854/1 1898/1898/1 1899/1899/1
f 1900/1900/1 1856/1856/1 1855/1855/1
f 1855/1855/1 1899/1899/1 1900/1900/1
f 1901/1901/1 1857/1857/1 1856/1856/1
f 1856/1856/1 1900/1900/1 1901/1901/1
f 1902/1902/1 1858/1858/1 1857/1857/1
f 1857/1857/1 1901/1901/1 1902/1902/1
f 1903/1903/1 1859/1859/1 1858/1858/1
f 1858/1858/1 1902/1902/1 1903/1903/1
f 1904/1904/1 1860/1860/1 1859/1859/1
f 1859/1859/1 1903/1903/1 1904/1904/1
f 1905/1905/1 1861/1861/1 1860/1860/1
f 1860/1860/1 1904/1904/1 1905/1905/1
f 1906/1906/1 1862/1862/1 1861/1861/1
f 1861/1861/1 1905/1905/1 1906/1906/1
f 1907/1907/1 1863/1863/1 1862/1862/1
f 1862/1862/1 1906/1906/1 1907/1907/1
f 1908/1908/1 1864/1864/1 1863/1863/1
f 1863/1863/1 1907/1907/1 1908/1908/1
f 1909/1909/1 1865/1865/1 1864/1864/1
f 1864/1864/1 1908/1908/1 1909/1909/1
f 1910/1910/1 1866/1866/1 1865/1865/1
f 1865/1865/1 1909/1909/1 1910/1910/1
f 1911/1911/1 1867/1867/1 1866/1866/1
f 1866/1866/1 1910/1910/1 1911/1911/1
f 1912/1912/1 1868/1868/1 1867/1867/1
f 1867/1867/1 1911/1911/1 1912/1912/1
f 1913/1913/1 1869/1869/1 1868/1868/1
f 1868/1868/1 1912/1912/1 1913/1913/1
f 1914/1914/1 1870/1870/1 1869/1869/1
f 1869/1869/1 1913/1913/1 1914/1914/1
f 1915/1915/1 1871/1871/1 1870/1870/1
f 1870/1870/1 1914/1914/1 1915/1915/1
f 1916/1916/1 1872/1872/1 1871/1871/1
f 1871/1871/1 1915/1915/1 1916/1916/1
f 1917/1917/1 1873/1873/1 1872/1872/1
f 1872/1872/1 1916/1916/1 1917/1917/1
f 1918/1918/1 1874/1874/1 1873/1873/1
f 1873/1873/1 1917/1917/1 1918/1918/1
f 1919/1919/1 1875/1875/1 1874/1874/1
f 1874/1874/1 1918/1918/1 1919/1919/1
f 1920/1920/1 1876/1876/1 1875/1875/1
f 1875/1875/1 1919/1919/1 1920/1920/1
f 1921/1921/1 1877/1877/1 1876/1876/1
f 1876/1876/1 1920/1920/1 1921/1921/1
f 1922/1922/1 1878/1878/1 1877/1877/1
f 1877/1877/1 1921/1921/1 1922/1922/1
f 1923/1923/1 1879/1879/1 1878/1878/1
f 1878/1878/1 1922/1922/1 1923/1923/1
f 1924/1924/1 1880/1880/1 1879/1879/1
f 1879/1879/1 1923/1923/1 1924/1924/1
f 1925/1925/1 1881/1881/1 1880/1880/1
f 1880/1880/1 1924/1924/1 1925/1925/1
f 1926/1926/1 1882/1882/1 1881/1881/1
f 1881/1881/1 1925/1925/1 1926/1926/1
f 1927/1927/1 1883/1883/1 1882/1882/1
f 1882/1882/1 1926/1926/1 1927/1927/1
f 1928/1928/1 1884/1884/1 1883/1883/1
f 1883/1883/1 1927/1927/1 1928/1928/1
f 1929/1929/1 1885/1885/1 1884/1884/1
f 1884/1884/1 1928/1928/1 1929/1929/1
f 1930/1930/1 1886/1886/1 1885/1885/1
f 1885/1885/1 1929/1929/1 1930/1930/1
f 1931/1931/1 1887/1887/1 1886/1886/1
f 1886/1886/1 1930/1930/1 1931/1931/1
f 1932/1932/1 1888/1888/1 1887/1887/1
f 1887/1887/1 1931/1931/1 1932/1932/1
f 1933/1933/1 1889/1889/1 1888/1888/1
f 1888/1888/1 1932/1932/1 1933/1933/1
f 1891/1891/1 1889/1889/1 1934/1934/1
f 1933/1933/1 1934/1934/1 1889/1889/1
f 1935/1935/1 1936/1936/1 1892/1892/1
f 1893/1893/1 1892/1892/1 1936/1936/1
f 1937/1937/1 1894/1894/1 1893/1893/1
f 1893/1893/1 1936/1936/1 1937/1937/1
f 1938/1938/1 1895/1895/1 1894/1894/1
f 1894/1894/1 1937/1937/1 1938/1938/1
f 1939/1939/1 1896/1896/1 1895/1895/1
f 1895/1895/1 1938/1938/1 1939/1939/1
f 1940/1940/1 1897/1897/1 1896/1896/1
f 1896/1896/1 1939/1939/1 1940/1940/1
f 1941/1941/1 1898/1898/1 1897/1897/1
f 1897/1897/1 1940/1940/1 1941/1941/1
f 1942/1942/1 1899/1899/1 1898/1898/1
f 1898/1898/1 1941/1941/1 1942/1942/1
f 1943/1943/1 1900/1900/1 1899/1899/1
f 1899/1899/1 1942/1942/1 1943/1943/1
f 1944/1944/1 1901/1901/1 1900/1900/1
f 1900/1900/1 1943/1943/1 1944/1944/1
f 1945/1945/1 1902/1902/1 1901/1901/1
f 1901/1901/1 1944/1944/1 1945/1945/1
f 1946/1946/1 1903/1903/1 1902/1902/1
f 1902/1902/1 1945/1945/1 1946/1946/1
f 1947/1947/1 1904/1904/1 1903/1903/1
f 1903/1903/1 1946/1946/1 1947/1947/1
f 1948/1948/1 1905/1905/1 1904/1904/1
f 1904/1904/1 1947/1947/1 1948/1948/1
f 1949/1949/1 1906/1906/1 1905/1905/1
f 1905/1905/1 1948/1948/1 1949/1949/1
f 1950/1950/1 1907/1907/1 1906/1906/1
f 1906/1906/1 1949/1949/1 1950/1950/1
f 1951/1951/1 1908/1908/1 1907/1907/1
f 1907/1907/1 1950/1950/1 1951/1951/1
f 1952/1952/1 1909/1909/1 1908/1908/1
f 1908/1908/1 1951/1951/1 1952/1952/1
f 1953/1953/1 1910/1910/1 1909/1909/1
f 1909/1909/1 1952/1952/1 1953/1953/1
f 1954/1954/1 1911/1911/1 1910/1910/1
f 1910/1910/1 1953/1953/1 1954/1954/1
f 1955/1955/1 1912/1912/1 1911/1911/1
f 1911/1911/1 1954/1954/1 1955/1955/1
f 1956/1956/1 1913/1913/1 1912/1912/1
f 1912/1912/1 1955/1955/1 1956/1956/1
f 1957/1957/1 1914/1914/1 1913/1913/1
f 1913/1913/1 1956/1956/1 1957/1957/1
f 1958/1958/1 1915/1915/1 1914/1914/1
f 1914/1914/1 1957/1957/1 1958/1958/1
f 1959/1959/1 1916/1916/1 1915/1915/1
f 1915/1915/1 1958/1958/1 1959/1959/1
f 1960/1960/1 1917/1917/1 1916/1916/1
f 1916/1916/1 1959/1959/1 1960/1960/1
f 1961/1961/1 1918/1918/1 1917/1917/1
f 1917/1917/1 1960/1960/1 1961/1961/1
f 1962/1962/1 1919/1919/1 1918/1918/1
f 1918/1918/1 1961/1961/1 1962/1962/1
f 1963/1963/1 1920/1920/1 1919/1919/1
f 1919/1919/1 1962/1962/1 1963/1963/1
f 1964/1964/1 1921/1921/1 1920/1920/1
f 1920/1920/1 1963/1963/1 1964/1964/1
f 1965/1965/1 1922/1922/1 1921/1921/1
f 1921/1921/1 1964/1964/1 1965/1965/1
f 1966/1966/1 1923/1923/1 1922/1922/1
f 1922/1922/1 1965/1965/1 1966/1966/1
f 1967/1967/1 1924/1924/1 1923/1923/1
f 1923/1923/1 1966/1966/1 1967/1967/1
f 1968/1968/1 1925/1925/1 1924/1924/1
f 1924/1924/1 1967/1967/1 1968/1968/1
f 1969/1969/1 1926/1926/1 1925/1925/1
f 1925/1925/1 1968/1968/1 1969/1969/1
f 1970/1970/1 1927/1927/1 1926/1926/1
f 1926/1926/1 1969/1969/1 1970/1970/1
f 1971/1971/1 1928/1928/1 1927/1927/1
f 1927/1927/1 1970/1970/1 1971/1971/1
f 1972/1972/1 1929/1929/1 1928/1928/1
f 1928/1928/1 1971/1971/1 1972/1972/1
f 1973/1973/1 1930/1930/1 1929/1929/1
f 1929/1929/1 1972/1972/1 1973/1973/1
f 1974/1974/1 1931/1931/1 1930/1930/1
f 1930/1930/1 1973/1973/1 1974/1974/1
f 1975/1975/1 1932/1932/1 1931/1931/1
f 1931/1931/1 1974/1974/1 1975/1975/1
f 1976/1976/1 1933/1933/1 1932/1932/1
f 1932/1932/1 1975/1975/1 1976/1976/1
f 1934/1934/1 1933/1933/1 1977/1977/1
f 1976/1976/1 1977/1977/1 1933/1933/1
f 1978/1978/1 1979/1979/1 1935/1935/1
f 1936/1936/1 1935/1935/1 1979/1979/1
f 1980/1980/1 1937/1937/1 1936/1936/1
f 1936/1936/1 1979/1979/1 1980/1980/1
f 1981/1981/1 1938/1938/1 1937/1937/1
f 1937/1937/1 1980/1980/1 1981/1981/1
f 1982/1982/1 1939/1939/1 1938/1938/1
f 1938/1938/1 1981/1981/1 1982/1982/1
f 1983/1983/1 1940/1940/1 1939/1939/1
f 1939/1939/1 1982/1982/1 1983/1983/1
f 1984/1984/1 1941/1941/1 1940/1940/1
f 1940/1940/1 1983/1983/1 1984/1984/1
f 1985/1985/1 1942/1942/1 1941/1941/1
f 1941/1941/1 1984/1984/1 1985/1985/1
f 1986/1986/1 1943/1943/1 1942/1942/1
f 1942/1942/1 1985/1985/1 1986/1986/1
f 1987/1987/1 1944/1944/1 1943/1943/1
f 1943/1943/1 1986/1986/1 1987/1987/1
f 1988/1988/1 1945/1945/1 1944/1944/1
f 1944/1944/1 1987/1987/1 1988/1988/1
f 1989/1989/1 1946/1946/1 1945/1945/1
f 1945/1945/1 1988/1988/1 1989/1989/1
f 1990/1990/1 1947/1947/1 1946/1946/1
f 1946/1946/1 1989/1989/1 1990/1990/1
f 1991/1991/1 1948/1948/1 1947/1947/1
f 1947/1947/1 1990/1990/1 1991/1991/1
f 1992/1992/1 1949/1949/1 1948/1948/1
f 1948/1948/1 1991/1991/1 1992/1992/1
f 1993/1993/1 1950/1950/1 1949/1949/1
f 1949/1949/1 1992/1992/1 1993/1993/1
f 1994/1994/1 1951/1951/1 1950/1950/1
f 1950/1950/1 1993/1993/1 1994/1994/1
f 1995/1995/1 1952/1952/1 1951/1951/1
f 1951/1951/1 1994/1994/1 1995/1995/1
f 1996/1996/1 1953/1953/1 1952/1952/1
f 1952/1952/1 1995/1995/1 1996/1996/1
f 1997/1997/1 1954/1954/1 1953/1953/1
f 1953/1953/1 1996/1996/1 1997/1997/1
f 1998/1998/1 1955/1955/1 1954/1954/1
f 1954/1954/1 1997/1997/1 1998/1998/1
f 1999/1999/1 1956/1956/1 1955/1955/1
f 1955/1955/1 1998/1998/1 1999/1999/1
f 2000/2000/1 1957/1957/1 1956/1956/1
f 1956/1956/1 1999/1999/1 2000/2000/1
f 2001/2001/1 1958/1958/1 1957/1957/1
f 1957/1957/1 2000/2000/1 2001/2001/1
f 2002/2002/1 1959/1959/1 1958/1958/1
f 1958/1958/1 2001/2001/1 2002/2002/1
f 2003/2003/1 1960/1960/1 1959/1959/1
f 1959/1959/1 2002/2002/1 2003/2003/1
f 2004/2004/1 1961/1961/1 1960/1960/1
f 1960/1960/1 2003/2003/1 2004/2004/1
f 2005/2005/1 1962/1962/1 1961/1961/1
f 1961/1961/1 2004/2004/1 2005/2005/1
f 2006/2006/1 1963/1963/1 1962/1962/1
f 1962/1962/1 2005/2005/1 2006/2006/1
f 2007/2007/1 1964/1964/1 1963/1963/1
f 1963/1963/1 2006/2006/1 2007/2007/1
f 2008/2008/1 1965/1965/1 1964/1964/1
f 1964/1964/1 2007/2007/1 2008/2008/1
f 2009/2009/1 1966/1966/1 1965/1965/1
f 1965/1965/1 2008/2008/1 2009/2009/1
f 2010/2010/1 1967/1967/1 1966/1966/1
f 1966/1966/1 2009/2009/1 2010/2010/1
f 2011/2011/1 1968/1968/1 1967/1967/1
f 1967/1967/1 2010/2010/1 2011/2011/1
f 2012/2012/1 1969/1969/1 1968/1968/1
f 1968/1968/1 2011/2011/1 2012/2012/1
f 2013/2013/1 1970/1970/1 1969/1969/1
f 1969/1969/1 2012/2012/1 2013/2013/1
f 2014/2014/1 1971/1971/1 1970/1970/1
f 1970/1970/1 2013/2013/1 2014/2014/1
f 2015/2015/1 1972/1972/1 1971/1971/1
f 1971/1971/1 2014/2014/1 2015/2015/1
f 2016/2016/1 1973/1973/1 1972/1972/1
f 1972/1972/1 2015/2015/1 2016/2016/1
f 2017/2017/1 1974/1974/1 1973/1973/1
f 1973/1973/1 2016/2016/1 2017/2017/1
f 2018/2018/1 1975/1975/1 1974/1974/1
f 1974/1974/1 2017/2017/1 2018/2018/1
f 1976/1976/1 1975/1975/1 2019/2019/1
f 2020/2020/1 2019/2019/1 1975/1975/1
f 2018/2018/1 2021/2021/1 2020/2020/1
f 2018/2018/1 2020/2020/1 1975/1975/1
f 2019/2019/1 1977/1977/1 1976/1976/1
f 2022/2022/1 2023/2023/1 2024/2024/1
f 2024/2024/1 2025/2025/1 2022/2022/1
f 2026/2026/1 2022/2022/1 2025/2025/1
f 1979/1979/1 1978/1978/1 2026/2026/1
f 1979/1979/1 2026/2026/1 2025/2025/1
f 2027/2027/1 1980/1980/1 1979/1979/1
f 1979/1979/1 2025/2025/1 2027/2027/1
f 2028/2028/1 1981/1981/1 1980/1980/1
f 1980/1980/1 2027/2027/1 2028/2028/1
f 2029/2029/1 1982/1982/1 1981/1981/1
f 1981/1981/1 2028/2028/1 2029/2029/1
f 2030/2030/1 1983/1983/1 1982/1982/1
f 1982/1982/1 2029/2029/1 2030/2030/1
f 2031/2031/1 1984/1984/1 1983/1983/1
f 1983/1983/1 2030/2030/1 2031/2031/1
f 2032/2032/1 1985/1985/1 1984/1984/1
f 1984/1984/1 2031/2031/1 2032/2032/1
f 2033/2033/1 1986/1986/1 1985/1985/1
f 1985/1985/1 2032/2032/1 2033/2033/1
f 2034/2034/1 1987/1987/1 1986/1986/1
f 1986/1986/1 2033/2033/1 2034/2034/1
f 2035/2035/1 1988/1988/1 1987/1987/1
f 1987/1987/1 2034/2034/1 2035/2035/1
f 2036/2036/1 1989/1989/1 1988/1988/1
f 1988/1988/1 2035/2035/1 2036/2036/1
f 2037/2037/1 1990/1990/1 1989/1989/1
f 1989/1989/1 2036/2036/1 2037/2037/1
f 2038/2038/1 1991/1991/1 1990/1990/1
f 1990/1990/1 2037/2037/1 2038/2038/1
f 2039/2039/1 1992/1992/1 1991/1991/1
f 1991/1991/1 2038/2038/1 2039/2039/1
f 2040/2040/1 1993/1993/1 1992/1992/1
f 1992/1992/1 2039/2039/1 2040/2040/1
f 2041/2041/1 1994/1994/1 1993/1993/1
f 1993/1993/1 2040/2040/1 2041/2041/1
f 2042/2042/1 1995/1995/1 1994/1994/1
f 1994/1994/1 2041/2041/1 2042/2042/1
f 2043/2043/1 1996/1996/1 1995/1995/1
f 1995/1995/1 2042/2042/1 2043/2043/1
f 2044/2044/1 1997/1997/1 1996/1996/1
f 1996/1996/1 2043/2043/1 2044/2044/1
f 2045/2045/1 1998/1998/1 1997/1997/1
f 1997/1997/1 2044/2044/1 2045/2045/1
f 2046/2046/1 1999/1999/1 1998/1998/1
f 1998/1998/1 2045/2045/1 2046/2046/1
f 2047/2047/1 2000/2000/1 1999/1999/1
f 1999/1999/1 2046/2046/1 2047/2047/1
f 2048/2048/1 2001/2001/1 2000/2000/1
f 2000/2000/1 2047/2047/1 2048/2048/1
f 2049/2049/1 2002/2002/1 2001/2001/1
f 2001/2001/1 2048/2048/1 2049/2049/1
f 2050/2050/1 2003/2003/1 2002/2002/1
f 2002/2002/1 2049/2049/1 2050/2050/1
f 2051/2051/1 2004/2004/1 2003/2003/1
f 2003/2003/1 2050/2050/1 2051/2051/1
f 2052/2052/1 2005/2005/1 2004/2004/1
f 2004/2004/1 2051/2051/1 2052/2052/1
f 2053/2053/1 2006/2006/1 2005/2005/1
f 2005/2005/1 2052/2052/1 2053/2053/1
f 2054/2054/1 2007/2007/1 2006/2006/1
f 2006/2006/1 2053/2053/1 2054/2054/1
f 2055/2055/1 2008/2008/1 2007/2007/1
f 2007/2007/1 2054/2054/1 2055/2055/1
f 2056/2056/1 2009/2009/1 2008/2008/1
f 2008/2008/1 2055/2055/1 2056/2056/1
f 2057/2057/1 2010/2010/1 2009/2009/1
f 2009/2009/1 2056/2056/1 2057/2057/1
f 2058/2058/1 2011/2011/1 2010/2010/1
f 2010/2010/1 2057/2057/1 2058/2058/1
f 2059/2059/1 2012/2012/1 2011/2011/1
f 2011/2011/1 2058/2058/1 2059/2059/1
f 2060/2060/1 2013/2013/1 2012/2012/1
f 2012/2012/1 2059/2059/1 2060/2060/1
f 2061/2061/1 2014/2014/1 2013/2013/1
f 2013/2013/1 2060/2060/1 2061/2061/1
f 2062/2062/1 2015/2015/1 2014/2014/1
f 2014/2014/1 2061/2061/1 2062/2062/1
f 2063/2063/1 2016/2016/1 2015/2015/1
f 2015/2015/1 2062/2062/1 2063/2063/1
f 2064/2064/1 2017/2017/1 2016/2016/1
f 2016/2016/1 2063/2063/1 2064/2064/1
f 2065/2065/1 2018/2018/1 2017/2017/1
f 2017/2017/1 2064/2064/1 2065/2065/1
f 2018/2018/1 2065/2065/1 2066/2066/1
f 2066/2066/1 2021/2021/1 2018/2018/1
f 2067/2067/1 2066/2066/1 2065/2065/1
f 2068/2068/1 2066/2066/1 2067/2067/1
f 2069/2069/1 2070/2070/1 2023/2023/1
f 2024/2024/1 2023/2023/1 2070/2070/1
f 2071/2071/1 2025/2025/1 2024/2024/1
f 2024/2024/1 2070/2070/1 2071/2071/1
f 2072/2072/1 2027/2027/1 2025/2025/1
f 2025/2025/1 2071/2071/1 2072/2072/1
f 2073/2073/1 2028/2028/1 2027/2027/1
f 2027/2027/1 2072/2072/1 2073/2073/1
f 2074/2074/1 2029/2029/1 2028/2028/1
f 2028/2028/1 2073/2073/1 2074/2074/1
f 2075/2075/1 2030/2030/1 2029/2029/1
f 2029/2029/1 2074/2074/1 2075/2075/1
f 2076/2076/1 2031/2031/1 2030/2030/1
f 2030/2030/1 2075/2075/1 2076/2076/1
f 2077/2077/1 2032/2032/1 2031/2031/1
f 2031/2031/1 2076/2076/1 2077/2077/1
f 2078/2078/1 2033/2033/1 2032/2032/1
f 2032/2032/1 2077/2077/1 2078/2078/1
f 2079/2079/1 2034/2034/1 2033/2033/1
f 2033/2033/1 2078/2078/1 2079/2079/1
f 2080/2080/1 2035/2035/1 2034/2034/1
f 2034/2034/1 2079/2079/1 2080/2080/1
f 2081/2081/1 2036/2036/1 2035/2035/1
f 2035/2035/1 2080/2080/1 2081/2081/1
f 2082/2082/1 2037/2037/1 2036/2036/1
f 2036/2036/1 2081/2081/1 2082/2082/1
f 2083/2083/1 2038/2038/1 2037/2037/1
f 2037/2037/1 2082/2082/1 2083/2083/1
f 2084/2084/1 2039/2039/1 2038/2038/1
f 2038/2038/1 2083/2083/1 2084/2084/1
f 2085/2085/1 2040/2040/1 2039/2039/1
f 2039/2039/1 2084/2084/1 2085/2085/1
f 2086/2086/1 2041/2041/1 2040/2040/1
f 2040/2040/1 2085/2085/1 2086/2086/1
f 2087/2087/1 2042/2042/1 2041/2041/1
f 2041/2041/1 2086/2086/1 2087/2087/1
f 2088/2088/1 2043/2043/1 2042/2042/1
f 2042/2042/1 2087/2087/1 2088/2088/1
f 2089/2089/1 2044/2044/1 2043/2043/1
f 2043/2043/1 2088/2088/1 2089/2089/1
f 2090/2090/1 2045/2045/1 2044/2044/1
f 2044/2044/1 2089/2089/1 2090/2090/1
f 2091/2091/1 2046/2046/1 2045/2045/1
f 2045/2045/1 2090/2090/1 2091/2091/1
f 2092/2092/1 2047/2047/1 2046/2046/1
f 2046/2046/1 2091/2091/1 2092/2092/1
f 2093/2093/1 2048/2048/1 2047/2047/1
f 2047/2047/1 2092/2092/1 2093/2093/1
f 2094/2094/1 2049/2049/1 2048/2048/1
f 2048/2048/1 2093/2093/1 2094/2094/1
f 2095/2095/1 2050/2050/1 2049/2049/1
f 2049/2049/1 2094/2094/1 2095/2095/1
f 2096/2096/1 2051/2051/1 2050/2050/1
f 2050/2050/1 2095/2095/1 2096/2096/1
f 2097/2097/1 2052/2052/1 2051/2051/1
f 2051/2051/1 2096/2096/1 2097/2097/1
f 2098/2098/1 2053/2053/1 2052/2052/1
f 2052/2052/1 2097/2097/1 2098/2098/1
f 2099/2099/1 2054/2054/1 2053/2053/1
f 2053/2053/1 2098/2098/1 2099/2099/1
f 2100/2100/1 2055/2055/1 2054/2054/1
f 2054/2054/1 2099/2099/1 2100/2100/1
f 2101/2101/1 2056/2056/1 2055/2055/1
f 2055/2055/1 2100/2100/1 2101/2101/1
f 2102/2102/1 2057/2057/1 2056/2056/1
f 2056/2056/1 2101/2101/1 2102/2102/1
f 2103/2103/1 2058/2058/1 2057/2057/1
f 2057/2057/1 2102/2102/1 2103/2103/1
f 2104/2104/1 2059/2059/1 2058/2058/1
f 2058/2058/1 2103/2103/1 2104/2104/1
f 2105/2105/1 2060/2060/1 2059/2059/1
f 2059/2059/1 2104/2104/1 2105/2105/1
f 2106/2106/1 2061/2061/1 2060/2060/1
f 2060/2060/1 2105/2105/1 2106/2106/1
f 2107/2107/1 2062/2062/1 2061/2061/1
f 2061/2061/1 2106/2106/1 2107/2107/1
f 2108/2108/1 2063/2063/1 2062/2062/1
f 2062/2062/1 2107/2107/1 2108/2108/1
f 2109/2109/1 2064/2064/1 2063/2063/1
f 2063/2063/1 2108/2108/1 2109/2109/1
f 2110/2110/1 2065/2065/1 2064/2064/1
f 2064/2064/1 2109/2109/1 2110/2110/1
f 2111/2111/1 2067/2067/1 2065/2065/1
f 2065/2065/1 2110/2110/1 2111/2111/1
f 2068/2068/1 2067/2067/1 2111/2111/1
f 2111/2111/1 2112/2112/1 2068/2068/1
f 2113/2113/1 2114/2114/1 2069/2069/1
f 2070/2070/1 2069/2069/1 2114/2114/1
f 2115/2115/1 2071/2071/1 2070/2070/1
f 2070/2070/1 2114/2114/1 2115/2115/1
f 2116/2116/1 2072/2072/1 2071/2071/1
f 2071/2071/1 2115/2115/1 2116/2116/1
f 2117/2117/1 2073/2073/1 2072/2072/1
f 2072/2072/1 2116/2116/1 2117/2117/1
f 2118/2118/1 2074/2074/1 2073/2073/1
f 2073/2073/1 2117/2117/1 2118/2118/1
f 2119/2119/1 2075/2075/1 2074/2074/1
f 2074/2074/1 2118/2118/1 2119/2119/1
f 2120/2120/1 2076/2076/1 2075/2075/1
f 2075/2075/1 2119/2119/1 2120/2120/1
f 2121/2121/1 2077/2077/1 2076/2076/1
f 2076/2076/1 2120/2120/1 2121/2121/1
f 2122/2122/1 2078/2078/1 2077/2077/1
f 2077/2077/1 2121/2121/1 2122/2122/1
f 2123/2123/1 2079/2079/1 2078/2078/1
f 2078/2078/1 2122/2122/1 2123/2123/1
f 2124/2124/1 2080/2080/1 2079/2079/1
f 2079/2079/1 2123/2123/1 2124/2124/1
f 2125/2125/1 2081/2081/1 2080/2080/1
f 2080/2080/1 2124/2124/1 2125/2125/1
f 2126/2126/1 2082/2082/1 2081/2081/1
f 2081/2081/1 2125/2125/1 2126/2126/1
f 2127/2127/1 2083/2083/1 2082/2082/1
f 2082/2082/1 2126/2126/1 2127/2127/1
f 2128/2128/1 2084/2084/1 2083/2083/1
f 2083/2083/1 2127/2127/1 2128/2128/1
f 2129/2129/1 2085/2085/1 2084/2084/1
f 2084/2084/1 2128/2128/1 2129/2129/1
f 2130/2130/1 2086/2086/1 2085/2085/1
f 2085/2085/1 2129/2129/1 2130/2130/1
f 2131/2131/1 2087/2087/1 2086/2086/1
f 2086/2086/1 2130/2130/1 2131/2131/1
f 2132/2132/1 2088/2088/1 2087/2087/1
f 2087/2087/1 2131/2131/1 2132/2132/1
f 2133/2133/1 2089/2089/1 2088/2088/1
f 2088/2088/1 2132/2132/1 2133/2133/1
f 2134/2134/1 2090/2090/1 2089/2089/1
f 2089/2089/1 2133/2133/1 2134/2134/1
f 2135/2135/1 2091/2091/1 2090/2090/1
f 2090/2090/1 2134/2134/1 2135/2135/1
f 2136/2136/1 2092/2092/1 2091/2091/1
f 2091/2091/1 2135/2135/1 2136/2136/1
f 2137/2137/1 2093/2093/1 2092/2092/1
f 2092/2092/1 2136/2136/1 2137/2137/1
f 2138/2138/1 2094/2094/1 2093/2093/1
f 2093/2093/1 2137/2137/1 2138/2138/1
f 2139/2139/1 2095/2095/1 2094/2094/1
f 2094/2094/1 2138/2138/1 2139/2139/1
f 2140/2140/1 2096/2096/1 2095/2095/1
f 2095/2095/1 2139/2139/1 2140/2140/1
f 2141/2141/1 2097/2097/1 2096/2096/1
f 2096/2096/1 2140/2140/1 2141/2141/1
f 2142/2142/1 2098/2098/1 2097/2097/1
f 2097/2097/1 2141/2141/1 2142/2142/1
f 2143/2143/1 2099/2099/1 2098/2098/1
f 2098/2098/1 2142/2142/1 2143/2143/1
f 2144/2144/1 2100/2100/1 2099/2099/1
f 2099/2099/1 2143/2143/1 2144/2144/1
f 2145/2145/1 2101/2101/1 2100/2100/1
f 2100/2100/1 2144/2144/1 2145/2145/1
f 2146/2146/1 2102/2102/1 2101/2101/1
f 2101/2101/1 2145/2145/1 2146/2146/1
f 2147/2147/1 2103/2103/1 2102/2102/1
f 2102/2102/1 2146/2146/1 2147/2147/1
f 2148/2148/1 2104/2104/1 2103/2103/1
f 2103/2103/1 2147/2147/1 2148/2148/1
f 2149/2149/1 2105/2105/1 2104/2104/1
f 2104/2104/1 2148/2148/1 2149/2149/1
f 2150/2150/1 2106/2106/1 2105/2105/1
f 2105/2105/1 2149/2149/1 2150/2150/1
f 2151/2151/1 2107/2107/1 2106/2106/1
f 2106/2106/1 2150/2150/1 2151/2151/1
f 2152/2152/1 2108/2108/1 2107/2107/1
f 2107/2107/1 2151/2151/1 2152/2152/1
f 2153/2153/1 2109/2109/1 2108/2108/1
f 2108/2108/1 2152/2152/1 2153/2153/1
f 2154/2154/1 2110/2110/1 2109/2109/1
f 2109/2109/1 2153/2153/1 2154/2154/1
f 2155/2155/1 2111/2111/1 2110/2110/1
f 2110/2110/1 2154/2154/1 2155/2155/1
f 2112/2112/1 2111/2111/1 2155/2155/1
f 2155/2155/1 2156/2156/1 2112/2112/1
f 2157/2157/1 2158/2158/1 2159/2159/1
f 2113/2113/1 2159/2159/1 2114/2114/1
f 2114/2114/1 2159/2159/1 2158/2158/1
f 2160/2160/1 2115/2115/1 2114/2114/1
f 2114/2114/1 2158/2158/1 2160/2160/1
f 2161/2161/1 2116/2116/1 2115/2115/1
f 2115/2115/1 2160/2160/1 2161/2161/1
f 2162/2162/1 2117/2117/1 2116/2116/1
f 2116/2116/1 2161/2161/1 2162/2162/1
f 2163/2163/1 2118/2118/1 2117/2117/1
f 2117/2117/1 2162/2162/1 2163/2163/1
f 2164/2164/1 2119/2119/1 2118/2118/1
f 2118/2118/1 2163/2163/1 2164/2164/1
f 2165/2165/1 2120/2120/1 2119/2119/1
f 2119/2119/1 2164/2164/1 2165/2165/1
f 2166/2166/1 2121/2121/1 2120/2120/1
f 2120/2120/1 2165/2165/1 2166/2166/1
f 2167/2167/1 2122/2122/1 2121/2121/1
f 2121/2121/1 2166/2166/1 2167/2167/1
f 2168/2168/1 2123/2123/1 2122/2122/1
f 2122/2122/1 2167/2167/1 2168/2168/1
f 2169/2169/1 2124/2124/1 2123/2123/1
f 2123/2123/1 2168/2168/1 2169/2169/1
f 2170/2170/1 2125/2125/1 2124/2124/1
f 2124/2124/1 2169/2169/1 2170/2170/1
f 2171/2171/1 2126/2126/1 2125/2125/1
f 2125/2125/1 2170/2170/1 2171/2171/1
f 2172/2172/1 2127/2127/1 2126/2126/1
f 2126/2126/1 2171/2171/1 2172/2172/1
f 2173/2173/1 2128/2128/1 2127/2127/1
f 2127/2127/1 2172/2172/1 2173/2173/1
f 2174/2174/1 2129/2129/1 2128/2128/1
f 2128/2128/1 2173/2173/1 2174/2174/1
f 2175/2175/1 2130/2130/1 2129/2129/1
f 2129/2129/1 2174/2174/1 2175/2175/1
f 2176/2176/1 2131/2131/1 2130/2130/1
f 2130/2130/1 2175/2175/1 2176/2176/1
f 2177/2177/1 2132/2132/1 2131/2131/1
f 2131/2131/1 2176/2176/1 2177/2177/1
f 2178/2178/1 2133/2133/1 2132/2132/1
f 2132/2132/1 2177/2177/1 2178/2178/1
f 2179/2179/1 2134/2134/1 2133/2133/1
f 2133/2133/1 2178/2178/1 2179/2179/1
f 2180/2180/1 2135/2135/1 2134/2134/1
f 2134/2134/1 2179/2179/1 2180/2180/1
f 2181/2181/1 2136/2136/1 2135/2135/1
f 2135/2135/1 2180/2180/1 2181/2181/1
f 2182/2182/1 2137/2137/1 2136/2136/1
f 2136/2136/1 2181/2181/1 2182/2182/1
f 2183/2183/1 2138/2138/1 2137/2137/1
f 2137/2137/1 2182/2182/1 2183/2183/1
f 2184/2184/1 2139/2139/1 2138/2138/1
f 2138/2138/1 2183/2183/1 2184/2184/1
f 2185/2185/1 2140/2140/1 2139/2139/1
f 2139/2139/1 2184/2184/1 2185/2185/1
f 2186/2186/1 2141/2141/1 2140/2140/1
f 2140/2140/1 2185/2185/1 2186/2186/1
f 2187/2187/1 2142/2142/1 2141/2141/1
f 2141/2141/1 2186/2186/1 2187/2187/1
f 2188/2188/1 2143/2143/1 2142/2142/1
f 2142/2142/1 2187/2187/1 2188/2188/1
f 2189/2189/1 2144/2144/1 2143/2143/1
f 2143/2143/1 2188/2188/1 2189/2189/1
f 2190/2190/1 2145/2145/1 2144/2144/1
f 2144/2144/1 2189/2189/1 2190/2190/1
f 2191/2191/1 2146/2146/1 2145/2145/1
f 2145/2145/1 2190/2190/1 2191/2191/1
f 2192/2192/1 2147/2147/1 2146/2146/1
f 2146/2146/1 2191/2191/1 2192/2192/1
f 2193/2193/1 2148/2148/1 2147/2147/1
f 2147/2147/1 2192/2192/1 2193/2193/1
f 2194/2194/1 2149/2149/1 2148/2148/1
f 2148/2148/1 2193/2193/1 2194/2194/1
f 2195/2195/1 2150/2150/1 2149/2149/1
f 2149/2149/1 2194/2194/1 2195/2195/1
f 2196/2196/1 2151/2151/1 2150/2150/1
f 2150/2150/1 2195/2195/1 2196/2196/1
f 2197/2197/1 2152/2152/1 2151/2151/1
f 2151/2151/1 2196/2196/1 2197/2197/1
f 2198/2198/1 2153/2153/1 2152/2152/1
f 2152/2152/1 2197/2197/1 2198/2198/1
f 2199/2199/1 2154/2154/1 2153/2153/1
f 2153/2153/1 2198/2198/1 2199/2199/1
f 2200/2200/1 2155/2155/1 2154/2154/1
f 2154/2154/1 2199/2199/1 2200/2200/1
f 2156/2156/1 2155/2155/1 2201/2201/1
f 2202/2202/1 2201/2201/1 2200/2200/1
f 2155/2155/1 2200/2200/1 2201/2201/1
f 2157/2157/1 2203/2203/1 2158/2158/1
f 2204/2204/1 2160/2160/1 2203/2203/1
f 2203/2203/1 2205/2205/1 2204/2204/1
f 2158/2158/1 2203/2203/1 2160/2160/1
f 2206/2206/1 2161/2161/1 2160/2160/1
f 2160/2160/1 2204/2204/1 2206/2206/1
f 2207/2207/1 2162/2162/1 2161/2161/1
f 2161/2161/1 2206/2206/1 2207/2207/1
f 2208/2208/1 2163/2163/1 2162/2162/1
f 2162/2162/1 2207/2207/1 2208/2208/1
f 2209/2209/1 2164/2164/1 2163/2163/1
f 2163/2163/1 2208/2208/1 2209/2209/1
f 2210/2210/1 2165/2165/1 2164/2164/1
f 2164/2164/1 2209/2209/1 2210/2210/1
f 2211/2211/1 2166/2166/1 2165/2165/1
f 2165/2165/1 2210/2210/1 2211/2211/1
f 2212/2212/1 2167/2167/1 2166/2166/1
f 2166/2166/1 2211/2211/1 2212/2212/1
f 2213/2213/1 2168/2168/1 2167/2167/1
f 2167/2167/1 2212/2212/1 2213/2213/1
f 2214/2214/1 2169/2169/1 2168/2168/1
f 2168/2168/1 2213/2213/1 2214/2214/1
f 2215/2215/1 2170/2170/1 2169/2169/1
f 2169/2169/1 2214/2214/1 2215/2215/1
f 2216/2216/1 2171/2171/1 2170/2170/1
f 2170/2170/1 2215/2215/1 2216/2216/1
f 2217/2217/1 2172/2172/1 2171/2171/1
f 2171/2171/1 2216/2216/1 2217/2217/1
f 2218/2218/1 2173/2173/1 2172/2172/1
f 2172/2172/1 2217/2217/1 2218/2218/1
f 2219/2219/1 2174/2174/1 2173/2173/1
f 2173/2173/1 2218/2218/1 2219/2219/1
f 2220/2220/1 2175/2175/1 2174/2174/1
f 2174/2174/1 2219/2219/1 2220/2220/1
f 2221/2221/1 2176/2176/1 2175/2175/1
f 2175/2175/1 2220/2220/1 2221/2221/1
f 2222/2222/1 2177/2177/1 2176/2176/1
f 2176/2176/1 2221/2221/1 2222/2222/1
f 2223/2223/1 2178/2178/1 2177/2177/1
f 2177/2177/1 2222/2222/1 2223/2223/1
f 2224/2224/1 2179/2179/1 2178/2178/1
f 2178/2178/1 2223/2223/1 2224/2224/1
f 2225/2225/1 2180/2180/1 2179/2179/1
f 2179/2179/1 2224/2224/1 2225/2225/1
f 2226/2226/1 2181/2181/1 2180/2180/1
f 2180/2180/1 2225/2225/1 2226/2226/1
f 2227/2227/1 2182/2182/1 2181/2181/1
f 2181/2181/1 2226/2226/1 2227/2227/1
f 2228/2228/1 2183/2183/1 2182/2182/1
f 2182/2182/1 2227/2227/1 2228/2228/1
f 2229/2229/1 2184/2184/1 2183/2183/1
f 2183/2183/1 2228/2228/1 2229/2229/1
f 2230/2230/1 2185/2185/1 2184/2184/1
f 2184/2184/1 2229/2229/1 2230/2230/1
f 2231/2231/1 2186/2186/1 2185/2185/1
f 2185/2185/1 2230/2230/1 2231/2231/1
f 2232/2232/1 2187/2187/1 2186/2186/1
f 2186/2186/1 2231/2231/1 2232/2232/1
f 2233/2233/1 2188/2188/1 2187/2187/1
f 2187/2187/1 2232/2232/1 2233/2233/1
f 2234/2234/1 2189/2189/1 2188/2188/1
f 2188/2188/1 2233/2233/1 2234/2234/1
f 2235/2235/1 2190/2190/1 2189/2189/1
f 2189/2189/1 2234/2234/1 2235/2235/1
f 2236/2236/1 2191/2191/1 2190/2190/1
f 2190/2190/1 2235/2235/1 2236/2236/1
f 2237/2237/1 2192/2192/1 2191/2191/1
f 2191/2191/1 2236/2236/1 2237/2237/1
f 2238/2238/1 2193/2193/1 2192/2192/1
f 2192/2192/1 2237/2237/1 2238/2238/1
f 2239/2239/1 2194/2194/1 2193/2193/1
f 2193/2193/1 2238/2238/1 2239/2239/1
f 2240/2240/1 2195/2195/1 2194/2194/1
f 2194/2194/1 2239/2239/1 2240/2240/1
f 2241/2241/1 2196/2196/1 2195/2195/1
f 2195/2195/1 2240/2240/1 2241/2241/1
f 2242/2242/1 2197/2197/1 2196/2196/1
f 2196/2196/1 2241/2241/1 2242/2242/1
f 2243/2243/1 2198/2198/1 2197/2197/1
f 2197/2197/1 2242/2242/1 2243/2243/1
f 2244/2244/1 2199/2199/1 2198/2198/1
f 2198/2198/1 2243/2243/1 2244/2244/1
f 2245/2245/1 2200/2200/1 2199/2199/1
f 2199/2199/1 2244/2244/1 2245/2245/1
f 2202/2202/1 2200/2200/1 2246/2246/1
f 2245/2245/1 2246/2246/1 2200/2200/1
f 2247/2247/1 2248/2248/1 2204/2204/1
f 2204/2204/1 2205/2205/1 2247/2247/1
f 2249/2249/1 2206/2206/1 2204/2204/1
f 2204/2204/1 2248/2248/1 2249/2249/1
f 2250/2250/1 2207/2207/1 2206/2206/1
f 2206/2206/1 2249/2249/1 2250/2250/1
f 2251/2251/1 2208/2208/1 2207/2207/1
f 2207/2207/1 2250/2250/1 2251/2251/1
f 2252/2252/1 2209/2209/1 2208/2208/1
f 2208/2208/1 2251/2251/1 2252/2252/1
f 2253/2253/1 2210/2210/1 2209/2209/1
f 2209/2209/1 2252/2252/1 2253/2253/1
f 2254/2254/1 2211/2211/1 2210/2210/1
f 2210/2210/1 2253/2253/1 2254/2254/1
f 2255/2255/1 2212/2212/1 2211/2211/1
f 2211/2211/1 2254/2254/1 2255/2255/1
f 2256/2256/1 2213/2213/1 2212/2212/1
f 2212/2212/1 2255/2255/1 2256/2256/1
f 2257/2257/1 2214/2214/1 2213/2213/1
f 2213/2213/1 2256/2256/1 2257/2257/1
f 2258/2258/1 2215/2215/1 2214/2214/1
f 2214/2214/1 2257/2257/1 2258/2258/1
f 2259/2259/1 2216/2216/1 2215/2215/1
f 2215/2215/1 2258/2258/1 2259/2259/1
f 2260/2260/1 2217/2217/1 2216/2216/1
f 2216/2216/1 2259/2259/1 2260/2260/1
f 2261/2261/1 2218/2218/1 2217/2217/1
f 2217/2217/1 2260/2260/1 2261/2261/1
f 2262/2262/1 2219/2219/1 2218/2218/1
f 2218/2218/1 2261/2261/1 2262/2262/1
f 2263/2263/1 2220/2220/1 2219/2219/1
f 2219/2219/1 2262/2262/1 2263/2263/1
f 2264/2264/1 2221/2221/1 2220/2220/1
f 2220/2220/1 2263/2263/1 2264/2264/1
f 2265/2265/1 2222/2222/1 2221/2221/1
f 2221/2221/1 2264/2264/1 2265/2265/1
f 2266/2266/1 2223/2223/1 2222/2222/1
f 2222/2222/1 2265/2265/1 2266/2266/1
f 2267/2267/1 2224/2224/1 2223/2223/1
f 2223/2223/1 2266/2266/1 2267/2267/1
f 2268/2268/1 2225/2225/1 2224/2224/1
f 2224/2224/1 2267/2267/1 2268/2268/1
f 2269/2269/1 2226/2226/1 2225/2225/1
f 2225/2225/1 2268/2268/1 2269/2269/1
f 2270/2270/1 2227/2227/1 2226/2226/1
f 2226/2226/1 2269/2269/1 2270/2270/1
f 2271/2271/1 2228/2228/1 2227/2227/1
f 2227/2227/1 2270/2270/1 2271/2271/1
f 2272/2272/1 2229/2229/1 2228/2228/1
f 2228/2228/1 2271/2271/1 2272/2272/1
f 2273/2273/1 2230/2230/1 2229/2229/1
f 2229/2229/1 2272/2272/1 2273/2273/1
f 2274/2274/1 2231/2231/1 2230/2230/1
f 2230/2230/1 2273/2273/1 2274/2274/1
f 2275/2275/1 2232/2232/1 2231/2231/1
f 2231/2231/1 2274/2274/1 2275/2275/1
f 2276/2276/1 2233/2233/1 2232/2232/1
f 2232/2232/1 2275/2275/1 2276/2276/1
f 2277/2277/1 2234/2234/1 2233/2233/1
f 2233/2233/1 2276/2276/1 2277/2277/1
f 2278/2278/1 2235/2235/1 2234/2234/1
f 2234/2234/1 2277/2277/1 2278/2278/1
f 2279/2279/1 2236/2236/1 2235/2235/1
f 2235/2235/1 2278/2278/1 2279/2279/1
f 2280/2280/1 2237/2237/1 2236/2236/1
f 2236/2236/1 2279/2279/1 2280/2280/1
f 2281/2281/1 2238/2238/1 2237/2237/1
f 2237/2237/1 2280/2280/1 2281/2281/1
f 2282/2282/1 2239/2239/1 2238/2238/1
f 2238/2238/1 2281/2281/1 2282/2282/1
f 2283/2283/1 2240/2240/1 2239/2239/1
f 2239/2239/1 2282/2282/1 2283/2283/1
f 2284/2284/1 2241/2241/1 2240/2240/1
f 2240/2240/1 2283/2283/1 2284/2284/1
f 2285/2285/1 2242/2242/1 2241/2241/1
f 2241/2241/1 2284/2284/1 2285/2285/1
f 2286/2286/1 2243/2243/1 2242/2242/1
f 2242/2242/1 2285/2285/1 2286/2286/1
f 2287/2287/1 2244/2244/1 2243/2243/1
f 2243/2243/1 2286/2286/1 2287/2287/1
f 2245/2245/1 2244/2244/1 2288/2288/1
f 2289/2289/1 2288/2288/1 2287/2287/1
f 2244/2244/1 2287/2287/1 2288/2288/1
f 2288/2288/1 2246/2246/1 2245/2245/1
f 2290/2290/1 2291/2291/1 2292/2292/1
f 2248/2248/1 2247/2247/1 2292/2292/1
f 2248/2248/1 2292/2292/1 2291/2291/1
f 2293/2293/1 2249/2249/1 2248/2248/1
f 2248/2248/1 2291/2291/1 2293/2293/1
f 2294/2294/1 2250/2250/1 2249/2249/1
f 2249/2249/1 2293/2293/1 2294/2294/1
f 2295/2295/1 2251/2251/1 2250/2250/1
f 2250/2250/1 2294/2294/1 2295/2295/1
f 2296/2296/1 2252/2252/1 2251/2251/1
f 2251/2251/1 2295/2295/1 2296/2296/1
f 2297/2297/1 2253/2253/1 2252/2252/1
f 2252/2252/1 2296/2296/1 2297/2297/1
f 2298/2298/1 2254/2254/1 2253/2253/1
f 2253/2253/1 2297/2297/1 2298/2298/1
f 2299/2299/1 2255/2255/1 2254/2254/1
f 2254/2254/1 2298/2298/1 2299/2299/1
f 2300/2300/1 2256/2256/1 2255/2255/1
f 2255/2255/1 2299/2299/1 2300/2300/1
f 2301/2301/1 2257/2257/1 2256/2256/1
f 2256/2256/1 2300/2300/1 2301/2301/1
f 2302/2302/1 2258/2258/1 2257/2257/1
f 2257/2257/1 2301/2301/1 2302/2302/1
f 2303/2303/1 2259/2259/1 2258/2258/1
f 2258/2258/1 2302/2302/1 2303/2303/1
f 2304/2304/1 2260/2260/1 2259/2259/1
f 2259/2259/1 2303/2303/1 2304/2304/1
f 2305/2305/1 2261/2261/1 2260/2260/1
f 2260/2260/1 2304/2304/1 2305/2305/1
f 2306/2306/1 2262/2262/1 2261/2261/1
f 2261/2261/1 2305/2305/1 2306/2306/1
f 2307/2307/1 2263/2263/1 2262/2262/1
f 2262/2262/1 2306/2306/1 2307/2307/1
f 2308/2308/1 2264/2264/1 2263/2263/1
f 2263/2263/1 2307/2307/1 2308/2308/1
f 2309/2309/1 2265/2265/1 2264/2264/1
f 2264/2264/1 2308/2308/1 2309/2309/1
f 2310/2310/1 2266/2266/1 2265/2265/1
f 2265/2265/1 2309/2309/1 2310/2310/1
f 2311/2311/1 2267/2267/1 2266/2266/1
f 2266/2266/1 2310/2310/1 2311/2311/1
f 2312/2312/1 2268/2268/1 2267/2267/1
f 2267/2267/1 2311/2311/1 2312/2312/1
f 2313/2313/1 2269/2269/1 2268/2268/1
f 2268/2268/1 2312/2312/1 2313/2313/1
f 2314/2314/1 2270/2270/1 2269/2269/1
f 2269/2269/1 2313/2313/1 2314/2314/1
f 2315/2315/1 2271/2271/1 2270/2270/1
f 2270/2270/1 2314/2314/1 2315/2315/1
f 2316/2316/1 2272/2272/1 2271/2271/1
f 2271/2271/1 2315/2315/1 2316/2316/1
f 2317/2317/1 2273/2273/1 2272/2272/1
f 2272/2272/1 2316/2316/1 2317/2317/1
f 2318/2318/1 2274/2274/1 2273/2273/1
f 2273/2273/1 2317/2317/1 2318/2318/1
f 2319/2319/1 2275/2275/1 2274/2274/1
f 2274/2274/1 2318/2318/1 2319/2319/1
f 2320/2320/1 2276/2276/1 2275/2275/1
f 2275/2275/1 2319/2319/1 2320/2320/1
f 2321/2321/1 2277/2277/1 2276/2276/1
f 2276/2276/1 2320/2320/1 2321/2321/1
f 2322/2322/1 2278/2278/1 2277/2277/1
f 2277/2277/1 2321/2321/1 2322/2322/1
f 2323/2323/1 2279/2279/1 2278/2278/1
f 2278/2278/1 2322/2322/1 2323/2323/1
f 2324/2324/1 2280/2280/1 2279/2279/1
f 2279/2279/1 2323/2323/1 2324/2324/1
f 2325/2325/1 2281/2281/1 2280/2280/1
f 2280/2280/1 2324/2324/1 2325/2325/1
f 2326/2326/1 2282/2282/1 2281/2281/1
f 2281/2281/1 2325/2325/1 2326/2326/1
f 2327/2327/1 2283/2283/1 2282/2282/1
f 2282/2282/1 2326/2326/1 2327/2327/1
f 2328/2328/1 2284/2284/1 2283/2283/1
f 2283/2283/1 2327/2327/1 2328/2328/1
f 2329/2329/1 2285/2285/1 2284/2284/1
f 2284/2284/1 2328/2328/1 2329/2329/1
f 2330/2330/1 2286/2286/1 2285/2285/1
f 2285/2285/1 2329/2329/1 2330/2330/1
f 2331/2331/1 2287/2287/1 2286/2286/1
f 2286/2286/1 2330/2330/1 2331/2331/1
f 2289/2289/1 2287/2287/1 2332/2332/1
f 2331/2331/1 2333/2333/1 2332/2332/1
f 2331/2331/1 2332/2332/1 2287/2287/1
f 2334/2334/1 2335/2335/1 2290/2290/1
f 2291/2291/1 2290/2290/1 2335/2335/1
f 2336/2336/1 2293/2293/1 2291/2291/1
f 2291/2291/1 2335/2335/1 2336/2336/1
f 2337/2337/1 2294/2294/1 2293/2293/1
f 2293/2293/1 2336/2336/1 2337/2337/1
f 2338/2338/1 2295/2295/1 2294/2294/1
f 2294/2294/1 2337/2337/1 2338/2338/1
f 2339/2339/1 2296/2296/1 2295/2295/1
f 2295/2295/1 2338/2338/1 2339/2339/1
f 2340/2340/1 2297/2297/1 2296/2296/1
f 2296/2296/1 2339/2339/1 2340/2340/1
f 2341/2341/1 2298/2298/1 2297/2297/1
f 2297/2297/1 2340/2340/1 2341/2341/1
f 2342/2342/1 2299/2299/1 2298/2298/1
f 2298/2298/1 2341/2341/1 2342/2342/1
f 2343/2343/1 2300/2300/1 2299/2299/1
f 2299/2299/1 2342/2342/1 2343/2343/1
f 2344/2344/1 2301/2301/1 2300/2300/1
f 2300/2300/1 2343/2343/1 2344/2344/1
f 2345/2345/1 2302/2302/1 2301/2301/1
f 2301/2301/1 2344/2344/1 2345/2345/1
f 2346/2346/1 2303/2303/1 2302/2302/1
f 2302/2302/1 2345/2345/1 2346/2346/1
f 2347/2347/1 2304/2304/1 2303/2303/1
f 2303/2303/1 2346/2346/1 2347/2347/1
f 2348/2348/1 2305/2305/1 2304/2304/1
f 2304/2304/1 2347/2347/1 2348/2348/1
f 2349/2349/1 2306/2306/1 2305/2305/1
f 2305/2305/1 2348/2348/1 2349/2349/1
f 2350/2350/1 2307/2307/1 2306/2306/1
f 2306/2306/1 2349/2349/1 2350/2350/1
f 2351/2351/1 2308/2308/1 2307/2307/1
f 2307/2307/1 2350/2350/1 2351/2351/1
f 2352/2352/1 2309/2309/1 2308/2308/1
f 2308/2308/1 2351/2351/1 2352/2352/1
f 2353/2353/1 2310/2310/1 2309/2309/1
f 2309/2309/1 2352/2352/1 2353/2353/1
f 2354/2354/1 2311/2311/1 2310/2310/1
f 2310/2310/1 2353/2353/1 2354/2354/1
f 2355/2355/1 2312/2312/1 2311/2311/1
f 2311/2311/1 2354/2354/1 2355/2355/1
f 2356/2356/1 2313/2313/1 2312/2312/1
f 2312/2312/1 2355/2355/1 2356/2356/1
f 2357/2357/1 2314/2314/1 2313/2313/1
f 2313/2313/1 2356/2356/1 2357/2357/1
f 2358/2358/1 2315/2315/1 2314/2314/1
f 2314/2314/1 2357/2357/1 2358/2358/1
f 2359/2359/1 2316/2316/1 2315/2315/1
f 2315/2315/1 2358/2358/1 2359/2359/1
f 2360/2360/1 2317/2317/1 2316/2316/1
f 2316/2316/1 2359/2359/1 2360/2360/1
f 2361/2361/1 2318/2318/1 2317/2317/1
f 2317/2317/1 2360/2360/1 2361/2361/1
f 2362/2362/1 2319/2319/1 2318/2318/1
f 2318/2318/1 2361/2361/1 2362/2362/1
f 2363/2363/1 2320/2320/1 2319/2319/1
f 2319/2319/1 2362/2362/1 2363/2363/1
f 2364/2364/1 2321/2321/1 2320/2320/1
f 2320/2320/1 2363/2363/1 2364/2364/1
f 2365/2365/1 2322/2322/1 2321/2321/1
f 2321/2321/1 2364/2364/1 2365/2365/1
f 2366/2366/1 2323/2323/1 2322/2322/1
f 2322/2322/1 2365/2365/1 2366/2366/1
f 2367/2367/1 2324/2324/1 2323/2323/1
f 2323/2323/1 2366/2366/1 2367/2367/1
f 2368/2368/1 2325/2325/1 2324/2324/1
f 2324/2324/1 2367/2367/1 2368/2368/1
f 2369/2369/1 2326/2326/1 2325/2325/1
f 2325/2325/1 2368/2368/1 2369/2369/1
f 2370/2370/1 2327/2327/1 2326/2326/1
f 2326/2326/1 2369/2369/1 2370/2370/1
f 2371/2371/1 2328/2328/1 2327/2327/1
f 2327/2327/1 2370/2370/1 2371/2371/1
f 2372/2372/1 2329/2329/1 2328/2328/1
f 2328/2328/1 2371/2371/1 2372/2372/1
f 2373/2373/1 2330/2330/1 2329/2329/1
f 2329/2329/1 2372/2372/1 2373/2373/1
f 2374/2374/1 2331/2331/1 2330/2330/1
f 2330/2330/1 2373/2373/1 2374/2374/1
f 2333/2333/1 2331/2331/1 2374/2374/1
f 2374/2374/1 2375/2375/1 2333/2333/1
f 2376/2376/1 2377/2377/1 2334/2334/1
f 2335/2335/1 2334/2334/1 2377/2377/1
f 2378/2378/1 2336/2336/1 2335/2335/1
f 2335/2335/1 2377/2377/1 2378/2378/1
f 2379/2379/1 2337/2337/1 2336/2336/1
f 2336/2336/1 2378/2378/1 2379/2379/1
f 2380/2380/1 2338/2338/1 2337/2337/1
f 2337/2337/1 2379/2379/1 2380/2380/1
f 2381/2381/1 2339/2339/1 2338/2338/1
f 2338/2338/1 2380/2380/1 2381/2381/1
f 2382/2382/1 2340/2340/1 2339/2339/1
f 2339/2339/1 2381/2381/1 2382/2382/1
f 2383/2383/1 2341/2341/1 2340/2340/1
f 2340/2340/1 2382/2382/1 2383/2383/1
f 2384/2384/1 2342/2342/1 2341/2341/1
f 2341/2341/1 2383/2383/1 2384/2384/1
f 2385/2385/1 2343/2343/1 2342/2342/1
f 2342/2342/1 2384/2384/1 2385/2385/1
f 2386/2386/1 2344/2344/1 2343/2343/1
f 2343/2343/1 2385/2385/1 2386/2386/1
f 2387/2387/1 2345/2345/1 2344/2344/1
f 2344/2344/1 2386/2386/1 2387/2387/1
f 2388/2388/1 2346/2346/1 2345/2345/1
f 2345/2345/1 2387/2387/1 2388/2388/1
f 2389/2389/1 2347/2347/1 2346/2346/1
f 2346/2346/1 2388/2388/1 2389/2389/1
f 2390/2390/1 2348/2348/1 2347/2347/1
f 2347/2347/1 2389/2389/1 2390/2390/1
f 2391/2391/1 2349/2349/1 2348/2348/1
f 2348/2348/1 2390/2390/1 2391/2391/1
f 2392/2392/1 2350/2350/1 2349/2349/1
f 2349/2349/1 2391/2391/1 2392/2392/1
f 2393/2393/1 2351/2351/1 2350/2350/1
f 2350/2350/1 2392/2392/1 2393/2393/1
f 2394/2394/1 2352/2352/1 2351/2351/1
f 2351/2351/1 2393/2393/1 2394/2394/1
f 2395/2395/1 2353/2353/1 2352/2352/1
f 2352/2352/1 2394/2394/1 2395/2395/1
f 2396/2396/1 2354/2354/1 2353/2353/1
f 2353/2353/1 2395/2395/1 2396/2396/1
f 2397/2397/1 2355/2355/1 2354/2354/1
f 2354/2354/1 2396/2396/1 2397/2397/1
f 2398/2398/1 2356/2356/1 2355/2355/1
f 2355/2355/1 2397/2397/1 2398/2398/1
f 2399/2399/1 2357/2357/1 2356/2356/1
f 2356/2356/1 2398/2398/1 2399/2399/1
f 2400/2400/1 2358/2358/1 2357/2357/1
f 2357/2357/1 2399/2399/1 2400/2400/1
f 2401/2401/1 2359/2359/1 2358/2358/1
f 2358/2358/1 2400/2400/1 2401/2401/1
f 2402/2402/1 2360/2360/1 2359/2359/1
f 2359/2359/1 2401/2401/1 2402/2402/1
f 2403/2403/1 2361/2361/1 2360/2360/1
f 2360/2360/1 2402/2402/1 2403/2403/1
f 2404/2404/1 2362/2362/1 2361/2361/1
f 2361/2361/1 2403/2403/1 2404/2404/1
f 2405/2405/1 2363/2363/1 2362/2362/1
f 2362/2362/1 2404/2404/1 2405/2405/1
f 2406/2406/1 2364/2364/1 2363/2363/1
f 2363/2363/1 2405/2405/1 2406/2406/1
f 2407/2407/1 2365/2365/1 2364/2364/1
f 2364/2364/1 2406/2406/1 2407/2407/1
f 2408/2408/1 2366/2366/1 2365/2365/1
f 2365/2365/1 2407/2407/1 2408/2408/1
f 2409/2409/1 2367/2367/1 2366/2366/1
f 2366/2366/1 2408/2408/1 2409/2409/1
f 2410/2410/1 2368/2368/1 2367/2367/1
f 2367/2367/1 2409/2409/1 2410/2410/1
f 2411/2411/1 2369/2369/1 2368/2368/1
f 2368/2368/1 2410/2410/1 2411/2411/1
f 2412/2412/1 2370/2370/1 2369/2369/1
f 2369/2369/1 2411/2411/1 2412/2412/1
f 2413/2413/1 2371/2371/1 2370/2370/1
f 2370/2370/1 2412/2412/1 2413/2413/1
f 2414/2414/1 2372/2372/1 2371/2371/1
f 2371/2371/1 2413/2413/1 2414/2414/1
f 2415/2415/1 2373/2373/1 2372/2372/1
f 2372/2372/1 2414/2414/1 2415/2415/1
f 2416/2416/1 2374/2374/1 2373/2373/1
f 2373/2373/1 2415/2415/1 2416/2416/1
f 2375/2375/1 2374/2374/1 2416/2416/1
f 2416/2416/1 2417/2417/1 2375/2375/1
f 2418/2418/1 2419/2419/1 2420/2420/1
f 2376/2376/1 2420/2420/1 2377/2377/1
f 2377/2377/1 2420/2420/1 2419/2419/1
f 2421/2421/1 2378/2378/1 2377/2377/1
f 2377/2377/1 2419/2419/1 2421/2421/1
f 2422/2422/1 2379/2379/1 2378/2378/1
f 2378/2378/1 2421/2421/1 2422/2422/1
f 2423/2423/1 2380/2380/1 2379/2379/1
f 2379/2379/1 2422/2422/1 2423/2423/1
f 2424/2424/1 2381/2381/1 2380/2380/1
f 2380/2380/1 2423/2423/1 2424/2424/1
f 2425/2425/1 2382/2382/1 2381/2381/1
f 2381/2381/1 2424/2424/1 2425/2425/1
f 2426/2426/1 2383/2383/1 2382/2382/1
f 2382/2382/1 2425/2425/1 2426/2426/1
f 2427/2427/1 2384/2384/1 2383/2383/1
f 2383/2383/1 2426/2426/1 2427/2427/1
f 2428/2428/1 2385/2385/1 2384/2384/1
f 2384/2384/1 2427/2427/1 2428/2428/1
f 2429/2429/1 2386/2386/1 2385/2385/1
f 2385/2385/1 2428/2428/1 2429/2429/1
f 2430/2430/1 2387/2387/1 2386/2386/1
f 2386/2386/1 2429/2429/1 2430/2430/1
f 2431/2431/1 2388/2388/1 2387/2387/1
f 2387/2387/1 2430/2430/1 2431/2431/1
f 2432/2432/1 2389/2389/1 2388/2388/1
f 2388/2388/1 2431/2431/1 2432/2432/1
f 2433/2433/1 2390/2390/1 2389/2389/1
f 2389/2389/1 2432/2432/1 2433/2433/1
f 2434/2434/1 2391/2391/1 2390/2390/1
f 2390/2390/1 2433/2433/1 2434/2434/1
f 2435/2435/1 2392/2392/1 2391/2391/1
f 2391/2391/1 2434/2434/1 2435/2435/1
f 2436/2436/1 2393/2393/1 2392/2392/1
f 2392/2392/1 2435/2435/1 2436/2436/1
f 2437/2437/1 2394/2394/1 2393/2393/1
f 2393/2393/1 2436/2436/1 2437/2437/1
f 2438/2438/1 2395/2395/1 2394/2394/1
f 2394/2394/1 2437/2437/1 2438/2438/1
f 2439/2439/1 2396/2396/1 2395/2395/1
f 2395/2395/1 2438/2438/1 2439/2439/1
f 2440/2440/1 2397/2397/1 2396/2396/1
f 2396/2396/1 2439/2439/1 2440/2440/1
f 2441/2441/1 2398/2398/1 2397/2397/1
f 2397/2397/1 2440/2440/1 2441/2441/1
f 2442/2442/1 2399/2399/1 2398/2398/1
f 2398/2398/1 2441/2441/1 2442/2442/1
f 2443/2443/1 2400/2400/1 2399/2399/1
f 2399/2399/1 2442/2442/1 2443/2443/1
f 2444/2444/1 2401/2401/1 2400/2400/1
f 2400/2400/1 2443/2443/1 2444/2444/1
f 2445/2445/1 2402/2402/1 2401/2401/1
f 2401/2401/1 2444/2444/1 2445/2445/1
f 2446/2446/1 2403/2403/1 2402/2402/1
f 2402/2402/1 2445/2445/1 2446/2446/1
f 2447/2447/1 2404/2404/1 2403/2403/1
f 2403/2403/1 2446/2446/1 2447/2447/1
f 2448/2448/1 2405/2405/1 2404/2404/1
f 2404/2404/1 2447/2447/1 2448/2448/1
f 2449/2449/1 2406/2406/1 2405/2405/1
f 2405/2405/1 2448/2448/1 2449/2449/1
f 2450/2450/1 2407/2407/1 2406/2406/1
f 2406/2406/1 2449/2449/1 2450/2450/1
f 2451/2451/1 2408/2408/1 2407/2407/1
f 2407/2407/1 2450/2450/1 2451/2451/1
f 2452/2452/1 2409/2409/1 2408/2408/1
f 2408/2408/1 2451/2451/1 2452/2452/1
f 2453/2453/1 2410/2410/1 2409/2409/1
f 2409/2409/1 2452/2452/1 2453/2453/1
f 2454/2454/1 2411/2411/1 2410/2410/1
f 2410/2410/1 2453/2453/1 2454/2454/1
f 2455/2455/1 2412/2412/1 2411/2411/1
f 2411/2411/1 2454/2454/1 2455/2455/1
f 2456/2456/1 2413/2413/1 2412/2412/1
f 2412/2412/1 2455/2455/1 2456/2456/1
f 2457/2457/1 2414/2414/1 2413/2413/1
f 2413/2413/1 2456/2456/1 2457/2457/1
f 2458/2458/1 2415/2415/1 2414/2414/1
f 2414/2414/1 2457/2457/1 2458/2458/1
f 2459/2459/1 2416/2416/1 2415/2415/1
f 2415/2415/1 2458/2458/1 2459/2459/1
f 2417/2417/1 2416/2416/1 2460/2460/1
f 2461/2461/1 2460/2460/1 2459/2459/1
f 2416/2416/1 2459/2459/1 2460/2460/1
f 2462/2462/1 2463/2463/1 2419/2419/1
f 2419/2419/1 2418/2418/1 2462/2462/1
f 2464/2464/1 2421/2421/1 2419/2419/1
f 2419/2419/1 2463/2463/1 2464/2464/1
f 2465/2465/1 2422/2422/1 2421/2421/1
f 2421/2421/1 2464/2464/1 2465/2465/1
f 2466/2466/1 2423/2423/1 2422/2422/1
f 2422/2422/1 2465/2465/1 2466/2466/1
f 2467/2467/1 2424/2424/1 2423/2423/1
f 2423/2423/1 2466/2466/1 2467/2467/1
f 2468/2468/1 2425/2425/1 2424/2424/1
f 2424/2424/1 2467/2467/1 2468/2468/1
f 2469/2469/1 2426/2426/1 2425/2425/1
f 2425/2425/1 2468/2468/1 2469/2469/1
f 2470/2470/1 2427/2427/1 2426/2426/1
f 2426/2426/1 2469/2469/1 2470/2470/1
f 2471/2471/1 2428/2428/1 2427/2427/1
f 2427/2427/1 2470/2470/1 2471/2471/1
f 2472/2472/1 2429/2429/1 2428/2428/1
f 2428/2428/1 2471/2471/1 2472/2472/1
f 2473/2473/1 2430/2430/1 2429/2429/1
f 2429/2429/1 2472/2472/1 2473/2473/1
f 2474/2474/1 2431/2431/1 2430/2430/1
f 2430/2430/1 2473/2473/1 2474/2474/1
f 2475/2475/1 2432/2432/1 2431/2431/1
f 2431/2431/1 2474/2474/1 2475/2475/1
f 2476/2476/1 2433/2433/1 2432/2432/1
f 2432/2432/1 2475/2475/1 2476/2476/1
f 2477/2477/1 2434/2434/1 2433/2433/1
f 2433/2433/1 2476/2476/1 2477/2477/1
f 2478/2478/1 2435/2435/1 2434/2434/1
f 2434/2434/1 2477/2477/1 2478/2478/1
f 2479/2479/1 2436/2436/1 2435/2435/1
f 2435/2435/1 2478/2478/1 2479/2479/1
f 2480/2480/1 2437/2437/1 2436/2436/1
f 2436/2436/1 2479/2479/1 2480/2480/1
f 2481/2481/1 2438/2438/1 2437/2437/1
f 2437/2437/1 2480/2480/1 2481/2481/1
f 2482/2482/1 2439/2439/1 2438/2438/1
f 2438/2438/1 2481/2481/1 2482/2482/1
f 2483/2483/1 2440/2440/1 2439/2439/1
f 2439/2439/1 2482/2482/1 2483/2483/1
f 2484/2484/1 2441/2441/1 2440/2440/1
f 2440/2440/1 2483/2483/1 2484/2484/1
f 2485/2485/1 2442/2442/1 2441/2441/1
f 2441/2441/1 2484/2484/1 2485/2485/1
f 2486/2486/1 2443/2443/1 2442/2442/1
f 2442/2442/1 2485/2485/1 2486/2486/1
f 2487/2487/1 2444/2444/1 2443/2443/1
f 2443/2443/1 2486/2486/1 2487/2487/1
f 2488/2488/1 2445/2445/1 2444/2444/1
f 2444/2444/1 2487/2487/1 2488/2488/1
f 2489/2489/1 2446/2446/1 2445/2445/1
f 2445/2445/1 2488/2488/1 2489/2489/1
f 2490/2490/1 2447/2447/1 2446/2446/1
f 2446/2446/1 2489/2489/1 2490/2490/1
f 2491/2491/1 2448/2448/1 2447/2447/1
f 2447/2447/1 2490/2490/1 2491/2491/1
f 2492/2492/1 2449/2449/1 2448/2448/1
f 2448/2448/1 2491/2491/1 2492/2492/1
f 2493/2493/1 2450/2450/1 2449/2449/1
f 2449/2449/1 2492/2492/1 2493/2493/1
f 2494/2494/1 2451/2451/1 2450/2450/1
f 2450/2450/1 2493/2493/1 2494/2494/1
f 2495/2495/1 2452/2452/1 2451/2451/1
f 2451/2451/1 2494/2494/1 2495/2495/1
f 2496/2496/1 2453/2453/1 2452/2452/1
f 2452/2452/1 2495/2495/1 2496/2496/1
f 2497/2497/1 2454/2454/1 2453/2453/1
f 2453/2453/1 2496/2496/1 2497/2497/1
f 2498/2498/1 2455/2455/1 2454/2454/1
f 2454/2454/1 2497/2497/1 2498/2498/1
f 2499/2499/1 2456/2456/1 2455/2455/1
f 2455/2455/1 2498/2498/1 2499/2499/1
f 2500/2500/1 2457/2457/1 2456/2456/1
f 2456/2456/1 2499/2499/1 2500/2500/1
f 2501/2501/1 2458/2458/1 2457/2457/1
f 2457/2457/1 2500/2500/1 2501/2501/1
f 2502/2502/1 2459/2459/1 2458/2458/1
f 2458/2458/1 2501/2501/1 2502/2502/1
f 2461/2461/1 2459/2459/1 2503/2503/1
f 2502/2502/1 2503/2503/1 2459/2459/1
f 2504/2504/1 2505/2505/1 2463/2463/1
f 2463/2463/1 2462/2462/1 2504/2504/1
f 2506/2506/1 2464/2464/1 2463/2463/1
f 2463/2463/1 2505/2505/1 2506/2506/1
f 2507/2507/1 2465/2465/1 2464/2464/1
f 2464/2464/1 2506/2506/1 2507/2507/1
f 2508/2508/1 2466/2466/1 2465/2465/1
f 2465/2465/1 2507/2507/1 2508/2508/1
f 2509/2509/1 2467/2467/1 2466/2466/1
f 2466/2466/1 2508/2508/1 2509/2509/1
f 2510/2510/1 2468/2468/1 2467/2467/1
f 2467/2467/1 2509/2509/1 2510/2510/1
f 2511/2511/1 2469/2469/1 2468/2468/1
f 2468/2468/1 2510/2510/1 2511/2511/1
f 2512/2512/1 2470/2470/1 2469/2469/1
f 2469/2469/1 2511/2511/1 2512/2512/1
f 2513/2513/1 2471/2471/1 2470/2470/1
f 2470/2470/1 2512/2512/1 2513/2513/1
f 2514/2514/1 2472/2472/1 2471/2471/1
f 2471/2471/1 2513/2513/1 2514/2514/1
f 2515/2515/1 2473/2473/1 2472/2472/1
f 2472/2472/1 2514/2514/1 2515/2515/1
f 2516/2516/1 2474/2474/1 2473/2473/1
f 2473/2473/1 2515/2515/1 2516/2516/1
f 2517/2517/1 2475/2475/1 2474/2474/1
f 2474/2474/1 2516/2516/1 2517/2517/1
f 2518/2518/1 2476/2476/1 2475/2475/1
f 2475/2475/1 2517/2517/1 2518/2518/1
f 2519/2519/1 2477/2477/1 2476/2476/1
f 2476/2476/1 2518/2518/1 2519/2519/1
f 2520/2520/1 2478/2478/1 2477/2477/1
f 2477/2477/1 2519/2519/1 2520/2520/1
f 2521/2521/1 2479/2479/1 2478/2478/1
f 2478/2478/1 2520/2520/1 2521/2521/1
f 2522/2522/1 2480/2480/1 2479/2479/1
f 2479/2479/1 2521/2521/1 2522/2522/1
f 2523/2523/1 2481/2481/1 2480/2480/1
f 2480/2480/1 2522/2522/1 2523/2523/1
f 2524/2524/1 2482/2482/1 2481/2481/1
f 2481/2481/1 2523/2523/1 2524/2524/1
f 2525/2525/1 2483/2483/1 2482/2482/1
f 2482/2482/1 2524/2524/1 2525/2525/1
f 2526/2526/1 2484/2484/1 2483/2483/1
f 2483/2483/1 2525/2525/1 2526/2526/1
f 2527/2527/1 2485/2485/1 2484/2484/1
f 2484/2484/1 2526/2526/1 2527/2527/1
f 2528/2528/1 2486/2486/1 2485/2485/1
f 2485/2485/1 2527/2527/1 2528/2528/1
f 2529/2529/1 2487/2487/1 2486/2486/1
f 2486/2486/1 2528/2528/1 2529/2529/1
f 2530/2530/1 2488/2488/1 2487/2487/1
f 2487/2487/1 2529/2529/1 2530/2530/1
f 2531/2531/1 2489/2489/1 2488/2488/1
f 2488/2488/1 2530/2530/1 2531/2531/1
f 2532/2532/1 2490/2490/1 2489/2489/1
f 2489/2489/1 2531/2531/1 2532/2532/1
f 2533/2533/1 2491/2491/1 2490/2490/1
f 2490/2490/1 2532/2532/1 2533/2533/1
f 2534/2534/1 2492/2492/1 2491/2491/1
f 2491/2491/1 2533/2533/1 2534/2534/1
f 2535/2535/1 2493/2493/1 2492/2492/1
f 2492/2492/1 2534/2534/1 2535/2535/1
f 2536/2536/1 2494/2494/1 2493/2493/1
f 2493/2493/1 2535/2535/1 2536/2536/1
f 2537/2537/1 2495/2495/1 2494/2494/1
f 2494/2494/1 2536/2536/1 2537/2537/1
f 2538/2538/1 2496/2496/1 2495/2495/1
f 2495/2495/1 2537/2537/1 2538/2538/1
f 2539/2539/1 2497/2497/1 2496/2496/1
f 2496/2496/1 2538/2538/1 2539/2539/1
f 2540/2540/1 2498/2498/1 2497/2497/1
f 2497/2497/1 2539/2539/1 2540/2540/1
f 2541/2541/1 2499/2499/1 2498/2498/1
f 2498/2498/1 2540/2540/1 2541/2541/1
f 2542/2542/1 2500/2500/1 2499/2499/1
f 2499/2499/1 2541/2541/1 2542/2542/1
f 2543/2543/1 2501/2501/1 2500/2500/1
f 2500/2500/1 2542/2542/1 2543/2543/1
f 2544/2544/1 2502/2502/1 2501/2501/1
f 2501/2501/1 2543/2543/1 2544/2544/1
f 2503/2503/1 2502/2502/1 2545/2545/1
f 2544/2544/1 2545/2545/1 2502/2502/1
f 2546/2546/1 2547/2547/1 2548/2548/1
f 2505/2505/1 2504/2504/1 2548/2548/1
f 2505/2505/1 2548/2548/1 2547/2547/1
f 2549/2549/1 2506/2506/1 2505/2505/1
f 2505/2505/1 2547/2547/1 2549/2549/1
f 2550/2550/1 2507/2507/1 2506/2506/1
f 2506/2506/1 2549/2549/1 2550/2550/1
f 2551/2551/1 2508/2508/1 2507/2507/1
f 2507/2507/1 2550/2550/1 2551/2551/1
f 2552/2552/1 2509/2509/1 2508/2508/1
f 2508/2508/1 2551/2551/1 2552/2552/1
f 2553/2553/1 2510/2510/1 2509/2509/1
f 2509/2509/1 2552/2552/1 2553/2553/1
f 2554/2554/1 2511/2511/1 2510/2510/1
f 2510/2510/1 2553/2553/1 2554/2554/1
f 2555/2555/1 2512/2512/1 2511/2511/1
f 2511/2511/1 2554/2554/1 2555/2555/1
f 2556/2556/1 2513/2513/1 2512/2512/1
f 2512/2512/1 2555/2555/1 2556/2556/1
f 2557/2557/1 2514/2514/1 2513/2513/1
f 2513/2513/1 2556/2556/1 2557/2557/1
f 2558/2558/1 2515/2515/1 2514/2514/1
f 2514/2514/1 2557/2557/1 2558/2558/1
f 2559/2559/1 2516/2516/1 2515/2515/1
f 2515/2515/1 2558/2558/1 2559/2559/1
f 2560/2560/1 2517/2517/1 2516/2516/1
f 2516/2516/1 2559/2559/1 2560/2560/1
f 2561/2561/1 2518/2518/1 2517/2517/1
f 2517/2517/1 2560/2560/1 2561/2561/1
f 2562/2562/1 2519/2519/1 2518/2518/1
f 2518/2518/1 2561/2561/1 2562/2562/1
f 2563/2563/1 2520/2520/1 2519/2519/1
f 2519/2519/1 2562/2562/1 2563/2563/1
f 2564/2564/1 2521/2521/1 2520/2520/1
f 2520/2520/1 2563/2563/1 2564/2564/1
f 2565/2565/1 2522/2522/1 2521/2521/1
f 2521/2521/1 2564/2564/1 2565/2565/1
f 2566/2566/1 2523/2523/1 2522/2522/1
f 2522/2522/1 2565/2565/1 2566/2566/1
f 2567/2567/1 2524/2524/1 2523/2523/1
f 2523/2523/1 2566/2566/1 2567/2567/1
f 2568/2568/1 2525/2525/1 2524/2524/1
f 2524/2524/1 2567/2567/1 2568/2568/1
f 2569/2569/1 2526/2526/1 2525/2525/1
f 2525/2525/1 2568/2568/1 2569/2569/1
f 2570/2570/1 2527/2527/1 2526/2526/1
f 2526/2526/1 2569/2569/1 2570/2570/1
f 2571/2571/1 2528/2528/1 2527/2527/1
f 2527/2527/1 2570/2570/1 2571/2571/1
f 2572/2572/1 2529/2529/1 2528/2528/1
f 2528/2528/1 2571/2571/1 2572/2572/1
f 2573/2573/1 2530/2530/1 2529/2529/1
f 2529/2529/1 2572/2572/1 2573/2573/1
f 2574/2574/1 2531/2531/1 2530/2530/1
f 2530/2530/1 2573/2573/1 2574/2574/1
f 2575/2575/1 2532/2532/1 2531/2531/1
f 2531/2531/1 2574/2574/1 2575/2575/1
f 2576/2576/1 2533/2533/1 2532/2532/1
f 2532/2532/1 2575/2575/1 2576/2576/1
f 2577/2577/1 2534/2534/1 2533/2533/1
f 2533/2533/1 2576/2576/1 2577/2577/1
f 2578/2578/1 2535/2535/1 2534/2534/1
f 2534/2534/1 2577/2577/1 2578/2578/1
f 2579/2579/1 2536/2536/1 2535/2535/1
f 2535/2535/1 2578/2578/1 2579/2579/1
f 2580/2580/1 2537/2537/1 2536/2536/1
f 2536/2536/1 2579/2579/1 2580/2580/1
f 2581/2581/1 2538/2538/1 2537/2537/1
f 2537/2537/1 2580/2580/1 2581/2581/1
f 2582/2582/1 2539/2539/1 2538/2538/1
f 2538/2538/1 2581/2581/1 2582/2582/1
f 2583/2583/1 2540/2540/1 2539/2539/1
f 2539/2539/1 2582/2582/1 2583/2583/1
f 2584/2584/1 2541/2541/1 2540/2540/1
f 2540/2540/1 2583/2583/1 2584/2584/1
f 2585/2585/1 2542/2542/1 2541/2541/1
f 2541/2541/1 2584/2584/1 2585/2585/1
f 2586/2586/1 2543/2543/1 2542/2542/1
f 2542/2542/1 2585/2585/1 2586/2586/1
f 2544/2544/1 2543/2543/1 2587/2587/1
f 2588/2588/1 2587/2587/1 2586/2586/1
f 2543/2543/1 2586/2586/1 2587/2587/1
f 2589/2589/1 2545/2545/1 2544/2544/1
f 2544/2544/1 2587/2587/1 2589/2589/1
f 2546/2546/1 2590/2590/1 2547/2547/1
f 2591/2591/1 2549/2549/1 2590/2590/1
f 2590/2590/1 2592/2592/1 2591/2591/1
f 2547/2547/1 2590/2590/1 2549/2549/1
f 2593/2593/1 2550/2550/1 2549/2549/1
f 2549/2549/1 2591/2591/1 2593/2593/1
f 2594/2594/1 2551/2551/1 2550/2550/1
f 2550/2550/1 2593/2593/1 2594/2594/1
f 2595/2595/1 2552/2552/1 2551/2551/1
f 2551/2551/1 2594/2594/1 2595/2595/1
f 2596/2596/1 2553/2553/1 2552/2552/1
f 2552/2552/1 2595/2595/1 2596/2596/1
f 2597/2597/1 2554/2554/1 2553/2553/1
f 2553/2553/1 2596/2596/1 2597/2597/1
f 2598/2598/1 2555/2555/1 2554/2554/1
f 2554/2554/1 2597/2597/1 2598/2598/1
f 2599/2599/1 2556/2556/1 2555/2555/1
f 2555/2555/1 2598/2598/1 2599/2599/1
f 2600/2600/1 2557/2557/1 2556/2556/1
f 2556/2556/1 2599/2599/1 2600/2600/1
f 2601/2601/1 2558/2558/1 2557/2557/1
f 2557/2557/1 2600/2600/1 2601/2601/1
f 2602/2602/1 2559/2559/1 2558/2558/1
f 2558/2558/1 2601/2601/1 2602/2602/1
f 2603/2603/1 2560/2560/1 2559/2559/1
f 2559/2559/1 2602/2602/1 2603/2603/1
f 2604/2604/1 2561/2561/1 2560/2560/1
f 2560/2560/1 2603/2603/1 2604/2604/1
f 2605/2605/1 2562/2562/1 2561/2561/1
f 2561/2561/1 2604/2604/1 2605/2605/1
f 2606/2606/1 2563/2563/1 2562/2562/1
f 2562/2562/1 2605/2605/1 2606/2606/1
f 2607/2607/1 2564/2564/1 2563/2563/1
f 2563/2563/1 2606/2606/1 2607/2607/1
f 2608/2608/1 2565/2565/1 2564/2564/1
f 2564/2564/1 2607/2607/1 2608/2608/1
f 2609/2609/1 2566/2566/1 2565/2565/1
f 2565/2565/1 2608/2608/1 2609/2609/1
f 2610/2610/1 2567/2567/1 2566/2566/1
f 2566/2566/1 2609/2609/1 2610/2610/1
f 2611/2611/1 2568/2568/1 2567/2567/1
f 2567/2567/1 2610/2610/1 2611/2611/1
f 2612/2612/1 2569/2569/1 2568/2568/1
f 2568/2568/1 2611/2611/1 2612/2612/1
f 2613/2613/1 2570/2570/1 2569/2569/1
f 2569/2569/1 2612/2612/1 2613/2613/1
f 2614/2614/1 2571/2571/1 2570/2570/1
f 2570/2570/1 2613/2613/1 2614/2614/1
f 2615/2615/1 2572/2572/1 2571/2571/1
f 2571/2571/1 2614/2614/1 2615/2615/1
f 2616/2616/1 2573/2573/1 2572/2572/1
f 2572/2572/1 2615/2615/1 2616/2616/1
f 2617/2617/1 2574/2574/1 2573/2573/1
f 2573/2573/1 2616/2616/1 2617/2617/1
f 2618/2618/1 2575/2575/1 2574/2574/1
f 2574/2574/1 2617/2617/1 2618/2618/1
f 2619/2619/1 2576/2576/1 2575/2575/1
f 2575/2575/1 2618/2618/1 2619/2619/1
f 2620/2620/1 2577/2577/1 2576/2576/1
f 2576/2576/1 2619/2619/1 2620/2620/1
f 2621/2621/1 2578/2578/1 2577/2577/1
f 2577/2577/1 2620/2620/1 2621/2621/1
f 2622/2622/1 2579/2579/1 2578/2578/1
f 2578/2578/1 2621/2621/1 2622/2622/1
f 2623/2623/1 2580/2580/1 2579/2579/1
f 2579/2579/1 2622/2622/1 2623/2623/1
f 2624/2624/1 2581/2581/1 2580/2580/1
f 2580/2580/1 2623/2623/1 2624/2624/1
f 2625/2625/1 2582/2582/1 2581/2581/1
f 2581/2581/1 2624/2624/1 2625/2625/1
f 2626/2626/1 2583/2583/1 2582/2582/1
f 2582/2582/1 2625/2625/1 2626/2626/1
f 2627/2627/1 2584/2584/1 2583/2583/1
f 2583/2583/1 2626/2626/1 2627/2627/1
f 2628/2628/1 2585/2585/1 2584/2584/1
f 2584/2584/1 2627/2627/1 2628/2628/1
f 2629/2629/1 2586/2586/1 2585/2585/1
f 2585/2585/1 2628/2628/1 2629/2629/1
f 2588/2588/1 2586/2586/1 2630/2630/1
f 2629/2629/1 2630/2630/1 2586/2586/1
f 2631/2631/1 2632/2632/1 2591/2591/1
f 2591/2591/1 2592/2592/1 2631/2631/1
f 2633/2633/1 2593/2593/1 2591/2591/1
f 2591/2591/1 2632/2632/1 2633/2633/1
f 2634/2634/1 2594/2594/1 2593/2593/1
f 2593/2593/1 2633/2633/1 2634/2634/1
f 2635/2635/1 2595/2595/1 2594/2594/1
f 2594/2594/1 2634/2634/1 2635/2635/1
f 2636/2636/1 2596/2596/1 2595/2595/1
f 2595/2595/1 2635/2635/1 2636/2636/1
f 2637/2637/1 2597/2597/1 2596/2596/1
f 2596/2596/1 2636/2636/1 2637/2637/1
f 2638/2638/1 2598/2598/1 2597/2597/1
f 2597/2597/1 2637/2637/1 2638/2638/1
f 2639/2639/1 2599/2599/1 2598/2598/1
f 2598/2598/1 2638/2638/1 2639/2639/1
f 2640/2640/1 2600/2600/1 2599/2599/1
f 2599/2599/1 2639/2639/1 2640/2640/1
f 2641/2641/1 2601/2601/1 2600/2600/1
f 2600/2600/1 2640/2640/1 2641/2641/1
f 2642/2642/1 2602/2602/1 2601/2601/1
f 2601/2601/1 2641/2641/1 2642/2642/1
f 2643/2643/1 2603/2603/1 2602/2602/1
f 2602/2602/1 2642/2642/1 2643/2643/1
f 2644/2644/1 2604/2604/1 2603/2603/1
f 2603/2603/1 2643/2643/1 2644/2644/1
f 2645/2645/1 2605/2605/1 2604/2604/1
f 2604/2604/1 2644/2644/1 2645/2645/1
f 2646/2646/1 2606/2606/1 2605/2605/1
f 2605/2605/1 2645/2645/1 2646/2646/1
f 2647/2647/1 2607/2607/1 2606/2606/1
f 2606/2606/1 2646/2646/1 2647/2647/1
f 2648/2648/1 2608/2608/1 2607/2607/1
f 2607/2607/1 2647/2647/1 2648/2648/1
f 2649/2649/1 2609/2609/1 2608/2608/1
f 2608/2608/1 2648/2648/1 2649/2649/1
f 2650/2650/1 2610/2610/1 2609/2609/1
f 2609/2609/1 2649/2649/1 2650/2650/1
f 2651/2651/1 2611/2611/1 2610/2610/1
f 2610/2610/1 2650/2650/1 2651/2651/1
f 2652/2652/1 2612/2612/1 2611/2611/1
f 2611/2611/1 2651/2651/1 2652/2652/1
f 2653/2653/1 2613/2613/1 2612/2612/1
f 2612/2612/1 2652/2652/1 2653/2653/1
f 2654/2654/1 2614/2614/1 2613/2613/1
f 2613/2613/1 2653/2653/1 2654/2654/1
f 2655/2655/1 2615/2615/1 2614/2614/1
f 2614/2614/1 2654/2654/1 2655/2655/1
f 2656/2656/1 2616/2616/1 2615/2615/1
f 2615/2615/1 2655/2655/1 2656/2656/1
f 2657/2657/1 2617/2617/1 2616/2616/1
f 2616/2616/1 2656/2656/1 2657/2657/1
f 2658/2658/1 2618/2618/1 2617/2617/1
f 2617/2617/1 2657/2657/1 2658/2658/1
f 2659/2659/1 2619/2619/1 2618/2618/1
f 2618/2618/1 2658/2658/1 2659/2659/1
f 2660/2660/1 2620/2620/1 2619/2619/1
f 2619/2619/1 2659/2659/1 2660/2660/1
f 2661/2661/1 2621/2621/1 2620/2620/1
f 2620/2620/1 2660/2660/1 2661/2661/1
f 2662/2662/1 2622/2622/1 2621/2621/1
f 2621/2621/1 2661/2661/1 2662/2662/1
f 2663/2663/1 2623/2623/1 2622/2622/1
f 2622/2622/1 2662/2662/1 2663/2663/1
f 2664/2664/1 2624/2624/1 2623/2623/1
f 2623/2623/1 2663/2663/1 2664/2664/1
f 2665/2665/1 2625/2625/1 2624/2624/1
f 2624/2624/1 2664/2664/1 2665/2665/1
f 2666/2666/1 2626/2626/1 2625/2625/1
f 2625/2625/1 2665/2665/1 2666/2666/1
f 2667/2667/1 2627/2627/1 2626/2626/1
f 2626/2626/1 2666/2666/1 2667/2667/1
f 2668/2668/1 2628/2628/1 2627/2627/1
f 2627/2627/1 2667/2667/1 2668/2668/1
f 2629/2629/1 2628/2628/1 2669/2669/1
f 2670/2670/1 2669/2669/1 2668/2668/1
f 2628/2628/1 2668/2668/1 2669/2669/1
f 2671/2671/1 2630/2630/1 2629/2629/1
f 2629/2629/1 2669/2669/1 2671/2671/1
f 2672/2672/1 2673/2673/1 2674/2674/1
f 2631/2631/1 2674/2674/1 2632/2632/1
f 2632/2632/1 2674/2674/1 2673/2673/1
f 2675/2675/1 2633/2633/1 2632/2632/1
f 2632/2632/1 2673/2673/1 2675/2675/1
f 2676/2676/1 2634/2634/1 2633/2633/1
f 2633/2633/1 2675/2675/1 2676/2676/1
f 2677/2677/1 2635/2635/1 2634/2634/1
f 2634/2634/1 2676/2676/1 2677/2677/1
f 2678/2678/1 2636/2636/1 2635/2635/1
f 2635/2635/1 2677/2677/1 2678/2678/1
f 2679/2679/1 2637/2637/1 2636/2636/1
f 2636/2636/1 2678/2678/1 2679/2679/1
f 2680/2680/1 2638/2638/1 2637/2637/1
f 2637/2637/1 2679/2679/1 2680/2680/1
f 2681/2681/1 2639/2639/1 2638/2638/1
f 2638/2638/1 2680/2680/1 2681/2681/1
f 2682/2682/1 2640/2640/1 2639/2639/1
f 2639/2639/1 2681/2681/1 2682/2682/1
f 2683/2683/1 2641/2641/1 2640/2640/1
f 2640/2640/1 2682/2682/1 2683/2683/1
f 2684/2684/1 2642/2642/1 2641/2641/1
f 2641/2641/1 2683/2683/1 2684/2684/1
f 2685/2685/1 2643/2643/1 2642/2642/1
f 2642/2642/1 2684/2684/1 2685/2685/1
f 2686/2686/1 2644/2644/1 2643/2643/1
f 2643/2643/1 2685/2685/1 2686/2686/1
f 2687/2687/1 2645/2645/1 2644/2644/1
f 2644/2644/1 2686/2686/1 2687/2687/1
f 2688/2688/1 2646/2646/1 2645/2645/1
f 2645/2645/1 2687/2687/1 2688/2688/1
f 2689/2689/1 2647/2647/1 2646/2646/1
f 2646/2646/1 2688/2688/1 2689/2689/1
f 2690/2690/1 2648/2648/1 2647/2647/1
f 2647/2647/1 2689/2689/1 2690/2690/1
f 2691/2691/1 2649/2649/1 2648/2648/1
f 2648/2648/1 2690/2690/1 2691/2691/1
f 2692/2692/1 2650/2650/1 2649/2649/1
f 2649/2649/1 2691/2691/1 2692/2692/1
f 2693/2693/1 2651/2651/1 2650/2650/1
f 2650/2650/1 2692/2692/1 2693/2693/1
f 2694/2694/1 2652/2652/1 2651/2651/1
f 2651/2651/1 2693/2693/1 2694/2694/1
f 2695/2695/1 2653/2653/1 2652/2652/1
f 2652/2652/1 2694/2694/1 2695/2695/1
f 2696/2696/1 2654/2654/1 2653/2653/1
f 2653/2653/1 2695/2695/1 2696/2696/1
f 2697/2697/1 2655/2655/1 2654/2654/1
f 2654/2654/1 2696/2696/1 2697/2697/1
f 2698/2698/1 2656/2656/1 2655/2655/1
f 2655/2655/1 2697/2697/1 2698/2698/1
f 2699/2699/1 2657/2657/1 2656/2656/1
f 2656/2656/1 2698/2698/1 2699/2699/1
f 2700/2700/1 2658/2658/1 2657/2657/1
f 2657/2657/1 2699/2699/1 2700/2700/1
f 2701/2701/1 2659/2659/1 2658/2658/1
f 2658/2658/1 2700/2700/1 2701/2701/1
f 2702/2702/1 2660/2660/1 2659/2659/1
f 2659/2659/1 2701/2701/1 2702/2702/1
f 2703/2703/1 2661/2661/1 2660/2660/1
f 2660/2660/1 2702/2702/1 2703/2703/1
f 2704/2704/1 2662/2662/1 2661/2661/1
f 2661/2661/1 2703/2703/1 2704/2704/1
f 2705/2705/1 2663/2663/1 2662/2662/1
f 2662/2662/1 2704/2704/1 2705/2705/1
f 2706/2706/1 2664/2664/1 2663/2663/1
f 2663/2663/1 2705/2705/1 2706/2706/1
f 2707/2707/1 2665/2665/1 2664/2664/1
f 2664/2664/1 2706/2706/1 2707/2707/1
f 2708/2708/1 2666/2666/1 2665/2665/1
f 2665/2665/1 2707/2707/1 2708/2708/1
f 2709/2709/1 2667/2667/1 2666/2666/1
f 2666/2666/1 2708/2708/1 2709/2709/1
f 2710/2710/1 2668/2668/1 2667/2667/1
f 2667/2667/1 2709/2709/1 2710/2710/1
f 2670/2670/1 2668/2668/1 2711/2711/1
f 2710/2710/1 2711/2711/1 2668/2668/1
f 2672/2672/1 2712/2712/1 2673/2673/1
f 2713/2713/1 2675/2675/1 2712/2712/1
f 2712/2712/1 2714/2714/1 2713/2713/1
f 2673/2673/1 2712/2712/1 2675/2675/1
f 2715/2715/1 2676/2676/1 2675/2675/1
f 2675/2675/1 2713/2713/1 2715/2715/1
f 2716/2716/1 2677/2677/1 2676/2676/1
f 2676/2676/1 2715/2715/1 2716/2716/1
f 2717/2717/1 2678/2678/1 2677/2677/1
f 2677/2677/1 2716/2716/1 2717/2717/1
f 2718/2718/1 2679/2679/1 2678/2678/1
f 2678/2678/1 2717/2717/1 2718/2718/1
f 2719/2719/1 2680/2680/1 2679/2679/1
f 2679/2679/1 2718/2718/1 2719/2719/1
f 2720/2720/1 2681/2681/1 2680/2680/1
f 2680/2680/1 2719/2719/1 2720/2720/1
f 2721/2721/1 2682/2682/1 2681/2681/1
f 2681/2681/1 2720/2720/1 2721/2721/1
f 2722/2722/1 2683/2683/1 2682/2682/1
f 2682/2682/1 2721/2721/1 2722/2722/1
f 2723/2723/1 2684/2684/1 2683/2683/1
f 2683/2683/1 2722/2722/1 2723/2723/1
f 2724/2724/1 2685/2685/1 2684/2684/1
f 2684/2684/1 2723/2723/1 2724/2724/1
f 2725/2725/1 2686/2686/1 2685/2685/1
f 2685/2685/1 2724/2724/1 2725/2725/1
f 2726/2726/1 2687/2687/1 2686/2686/1
f 2686/2686/1 2725/2725/1 2726/2726/1
f 2727/2727/1 2688/2688/1 2687/2687/1
f 2687/2687/1 2726/2726/1 2727/2727/1
f 2728/2728/1 2689/2689/1 2688/2688/1
f 2688/2688/1 2727/2727/1 2728/2728/1
f 2729/2729/1 2690/2690/1 2689/2689/1
f 2689/2689/1 2728/2728/1 2729/2729/1
f 2730/2730/1 2691/2691/1 2690/2690/1
f 2690/2690/1 2729/2729/1 2730/2730/1
f 2731/2731/1 2692/2692/1 2691/2691/1
f 2691/2691/1 2730/2730/1 2731/2731/1
f 2732/2732/1 2693/2693/1 2692/2692/1
f 2692/2692/1 2731/2731/1 2732/2732/1
f 2733/2733/1 2694/2694/1 2693/2693/1
f 2693/2693/1 2732/2732/1 2733/2733/1
f 2734/2734/1 2695/2695/1 2694/2694/1
f 2694/2694/1 2733/2733/1 2734/2734/1
f 2735/2735/1 2696/2696/1 2695/2695/1
f 2695/2695/1 2734/2734/1 2735/2735/1
f 2736/2736/1 2697/2697/1 2696/2696/1
f 2696/2696/1 2735/2735/1 2736/2736/1
f 2737/2737/1 2698/2698/1 2697/2697/1
f 2697/2697/1 2736/2736/1 2737/2737/1
f 2738/2738/1 2699/2699/1 2698/2698/1
f 2698/2698/1 2737/2737/1 2738/2738/1
f 2739/2739/1 2700/2700/1 2699/2699/1
f 2699/2699/1 2738/2738/1 2739/2739/1
f 2740/2740/1 2701/2701/1 2700/2700/1
f 2700/2700/1 2739/2739/1 2740/2740/1
f 2741/2741/1 2702/2702/1 2701/2701/1
f 2701/2701/1 2740/2740/1 2741/2741/1
f 2742/2742/1 2703/2703/1 2702/2702/1
f 2702/2702/1 2741/2741/1 2742/2742/1
f 2743/2743/1 2704/2704/1 2703/2703/1
f 2703/2703/1 2742/2742/1 2743/2743/1
f 2744/2744/1 2705/2705/1 2704/2704/1
f 2704/2704/1 2743/2743/1 2744/2744/1
f 2745/2745/1 2706/2706/1 2705/2705/1
f 2705/2705/1 2744/2744/1 2745/2745/1
f 2746/2746/1 2707/2707/1 2706/2706/1
f 2706/2706/1 2745/2745/1 2746/2746/1
f 2747/2747/1 2708/2708/1 2707/2707/1
f 2707/2707/1 2746/2746/1 2747/2747/1
f 2748/2748/1 2709/2709/1 2708/2708/1
f 2708/2708/1 2747/2747/1 2748/2748/1
f 2710/2710/1 2709/2709/1 2749/2749/1
f 2750/2750/1 2749/2749/1 2709/2709/1
f 2748/2748/1 2751/2751/1 2750/2750/1
f 2748/2748/1 2750/2750/1 2709/2709/1
f 2749/2749/1 2711/2711/1 2710/2710/1
f 2752/2752/1 2753/2753/1 2754/2754/1
f 2713/2713/1 2714/2714/1 2754/2754/1
f 2713/2713/1 2754/2754/1 2753/2753/1
f 2755/2755/1 2715/2715/1 2713/2713/1
f 2713/2713/1 2753/2753/1 2755/2755/1
f 2756/2756/1 2716/2716/1 2715/2715/1
f 2715/2715/1 2755/2755/1 2756/2756/1
f 2757/2757/1 2717/2717/1 2716/2716/1
f 2716/2716/1 2756/2756/1 2757/2757/1
f 2758/2758/1 2718/2718/1 2717/2717/1
f 2717/2717/1 2757/2757/1 2758/2758/1
f 2759/2759/1 2719/2719/1 2718/2718/1
f 2718/2718/1 2758/2758/1 2759/2759/1
f 2760/2760/1 2720/2720/1 2719/2719/1
f 2719/2719/1 2759/2759/1 2760/2760/1
f 2761/2761/1 2721/2721/1 2720/2720/1
f 2720/2720/1 2760/2760/1 2761/2761/1
f 2762/2762/1 2722/2722/1 2721/2721/1
f 2721/2721/1 2761/2761/1 2762/2762/1
f 2763/2763/1 2723/2723/1 2722/2722/1
f 2722/2722/1 2762/2762/1 2763/2763/1
f 2764/2764/1 2724/2724/1 2723/2723/1
f 2723/2723/1 2763/2763/1 2764/2764/1
f 2765/2765/1 2725/2725/1 2724/2724/1
f 2724/2724/1 2764/2764/1 2765/2765/1
f 2766/2766/1 2726/2726/1 2725/2725/1
f 2725/2725/1 2765/2765/1 2766/2766/1
f 2767/2767/1 2727/2727/1 2726/2726/1
f 2726/2726/1 2766/2766/1 2767/2767/1
f 2768/2768/1 2728/2728/1 2727/2727/1
f 2727/2727/1 2767/2767/1 2768/2768/1
f 2769/2769/1 2729/2729/1 2728/2728/1
f 2728/2728/1 2768/2768/1 2769/2769/1
f 2770/2770/1 2730/2730/1 2729/2729/1
f 2729/2729/1 2769/2769/1 2770/2770/1
f 2771/2771/1 2731/2731/1 2730/2730/1
f 2730/2730/1 2770/2770/1 2771/2771/1
f 2772/2772/1 2732/2732/1 2731/2731/1
f 2731/2731/1 2771/2771/1 2772/2772/1
f 2773/2773/1 2733/2733/1 2732/2732/1
f 2732/2732/1 2772/2772/1 2773/2773/1
f 2774/2774/1 2734/2734/1 2733/2733/1
f 2733/2733/1 2773/2773/1 2774/2774/1
f 2775/2775/1 2735/2735/1 2734/2734/1
f 2734/2734/1 2774/2774/1 2775/2775/1
f 2776/2776/1 2736/2736/1 2735/2735/1
f 2735/2735/1 2775/2775/1 2776/2776/1
f 2777/2777/1 2737/2737/1 2736/2736/1
f 2736/2736/1 2776/2776/1 2777/2777/1
f 2778/2778/1 2738/2738/1 2737/2737/1
f 2737/2737/1 2777/2777/1 2778/2778/1
f 2779/2779/1 2739/2739/1 2738/2738/1
f 2738/2738/1 2778/2778/1 2779/2779/1
f 2780/2780/1 2740/2740/1 2739/2739/1
f 2739/2739/1 2779/2779/1 2780/2780/1
f 2781/2781/1 2741/2741/1 2740/2740/1
f 2740/2740/1 2780/2780/1 2781/2781/1
f 2782/2782/1 2742/2742/1 2741/2741/1
f 2741/2741/1 2781/2781/1 2782/2782/1
f 2783/2783/1 2743/2743/1 2742/2742/1
f 2742/2742/1 2782/2782/1 2783/2783/1
f 2784/2784/1 2744/2744/1 2743/2743/1
f 2743/2743/1 2783/2783/1 2784/2784/1
f 2785/2785/1 2745/2745/1 2744/2744/1
f 2744/2744/1 2784/2784/1 2785/2785/1
f 2786/2786/1 2746/2746/1 2745/2745/1
f 2745/2745/1 2785/2785/1 2786/2786/1
f 2787/2787/1 2747/2747/1 2746/2746/1
f 2746/2746/1 2786/2786/1 2787/2787/1
f 2788/2788/1 2748/2748/1 2747/2747/1
f 2747/2747/1 2787/2787/1 2788/2788/1
f 2751/2751/1 2748/2748/1 2789/2789/1
f 2788/2788/1 2789/2789/1 2748/2748/1
f 2752/2752/1 2790/2790/1 2753/2753/1
f 2791/2791/1 2755/2755/1 2790/2790/1
f 2790/2790/1 2792/2792/1 2791/2791/1
f 2753/2753/1 2790/2790/1 2755/2755/1
f 2793/2793/1 2756/2756/1 2755/2755/1
f 2755/2755/1 2791/2791/1 2793/2793/1
f 2794/2794/1 2757/2757/1 2756/2756/1
f 2756/2756/1 2793/2793/1 2794/2794/1
f 2795/2795/1 2758/2758/1 2757/2757/1
f 2757/2757/1 2794/2794/1 2795/2795/1
f 2796/2796/1 2759/2759/1 2758/2758/1
f 2758/2758/1 2795/2795/1 2796/2796/1
f 2797/2797/1 2760/2760/1 2759/2759/1
f 2759/2759/1 2796/2796/1 2797/2797/1
f 2798/2798/1 2761/2761/1 2760/2760/1
f 2760/2760/1 2797/2797/1 2798/2798/1
f 2799/2799/1 2762/2762/1 2761/2761/1
f 2761/2761/1 2798/2798/1 2799/2799/1
f 2800/2800/1 2763/2763/1 2762/2762/1
f 2762/2762/1 2799/2799/1 2800/2800/1
f 2801/2801/1 2764/2764/1 2763/2763/1
f 2763/2763/1 2800/2800/1 2801/2801/1
f 2802/2802/1 2765/2765/1 2764/2764/1
f 2764/2764/1 2801/2801/1 2802/2802/1
f 2803/2803/1 2766/2766/1 2765/2765/1
f 2765/2765/1 2802/2802/1 2803/2803/1
f 2804/2804/1 2767/2767/1 2766/2766/1
f 2766/2766/1 2803/2803/1 2804/2804/1
f 2805/2805/1 2768/2768/1 2767/2767/1
f 2767/2767/1 2804/2804/1 2805/2805/1
f 2806/2806/1 2769/2769/1 2768/2768/1
f 2768/2768/1 2805/2805/1 2806/2806/1
f 2807/2807/1 2770/2770/1 2769/2769/1
f 2769/2769/1 2806/2806/1 2807/2807/1
f 2808/2808/1 2771/2771/1 2770/2770/1
f 2770/2770/1 2807/2807/1 2808/2808/1
f 2809/2809/1 2772/2772/1 2771/2771/1
f 2771/2771/1 2808/2808/1 2809/2809/1
f 2810/2810/1 2773/2773/1 2772/2772/1
f 2772/2772/1 2809/2809/1 2810/2810/1
f 2811/2811/1 2774/2774/1 2773/2773/1
f 2773/2773/1 2810/2810/1 2811/2811/1
f 2812/2812/1 2775/2775/1 2774/2774/1
f 2774/2774/1 2811/2811/1 2812/2812/1
f 2813/2813/1 2776/2776/1 2775/2775/1
f 2775/2775/1 2812/2812/1 2813/2813/1
f 2814/2814/1 2777/2777/1 2776/2776/1
f 2776/2776/1 2813/2813/1 2814/2814/1
f 2815/2815/1 2778/2778/1 2777/2777/1
f 2777/2777/1 2814/2814/1 2815/2815/1
f 2816/2816/1 2779/2779/1 2778/2778/1
f 2778/2778/1 2815/2815/1 2816/2816/1
f 2817/2817/1 2780/2780/1 2779/2779/1
f 2779/2779/1 2816/2816/1 2817/2817/1
f 2818/2818/1 2781/2781/1 2780/2780/1
f 2780/2780/1 2817/2817/1 2818/2818/1
f 2819/2819/1 2782/2782/1 2781/2781/1
f 2781/2781/1 2818/2818/1 2819/2819/1
f 2820/2820/1 2783/2783/1 2782/2782/1
f 2782/2782/1 2819/2819/1 2820/2820/1
f 2821/2821/1 2784/2784/1 2783/2783/1
f 2783/2783/1 2820/2820/1 2821/2821/1
f 2822/2822/1 2785/2785/1 2784/2784/1
f 2784/2784/1 2821/2821/1 2822/2822/1
f 2823/2823/1 2786/2786/1 2785/2785/1
f 2785/2785/1 2822/2822/1 2823/2823/1
f 2824/2824/1 2787/2787/1 2786/2786/1
f 2786/2786/1 2823/2823/1 2824/2824/1
f 2825/2825/1 2788/2788/1 2787/2787/1
f 2787/2787/1 2824/2824/1 2825/2825/1
f 2789/2789/1 2788/2788/1 2826/2826/1
f 2825/2825/1 2826/2826/1 2788/2788/1
f 2827/2827/1 2828/2828/1 2829/2829/1
f 2791/2791/1 2792/2792/1 2829/2829/1
f 2791/2791/1 2829/2829/1 2828/2828/1
f 2830/2830/1 2793/2793/1 2791/2791/1
f 2791/2791/1 2828/2828/1 2830/2830/1
f 2831/2831/1 2794/2794/1 2793/2793/1
f 2793/2793/1 2830/2830/1 2831/2831/1
f 2832/2832/1 2795/2795/1 2794/2794/1
f 2794/2794/1 2831/2831/1 2832/2832/1
f 2833/2833/1 2796/2796/1 2795/2795/1
f 2795/2795/1 2832/2832/1 2833/2833/1
f 2834/2834/1 2797/2797/1 2796/2796/1
f 2796/2796/1 2833/2833/1 2834/2834/1
f 2835/2835/1 2798/2798/1 2797/2797/1
f 2797/2797/1 2834/2834/1 2835/2835/1
f 2836/2836/1 2799/2799/1 2798/2798/1
f 2798/2798/1 2835/2835/1 2836/2836/1
f 2837/2837/1 2800/2800/1 2799/2799/1
f 2799/2799/1 2836/2836/1 2837/2837/1
f 2838/2838/1 2801/2801/1 2800/2800/1
f 2800/2800/1 2837/2837/1 2838/2838/1
f 2839/2839/1 2802/2802/1 2801/2801/1
f 2801/2801/1 2838/2838/1 2839/2839/1
f 2840/2840/1 2803/2803/1 2802/2802/1
f 2802/2802/1 2839/2839/1 2840/2840/1
f 2841/2841/1 2804/2804/1 2803/2803/1
f 2803/2803/1 2840/2840/1 2841/2841/1
f 2842/2842/1 2805/2805/1 2804/2804/1
f 2804/2804/1 2841/2841/1 2842/2842/1
f 2843/2843/1 2806/2806/1 2805/2805/1
f 2805/2805/1 2842/2842/1 2843/2843/1
f 2844/2844/1 2807/2807/1 2806/2806/1
f 2806/2806/1 2843/2843/1 2844/2844/1
f 2845/2845/1 2808/2808/1 2807/2807/1
f 2807/2807/1 2844/2844/1 2845/2845/1
f 2846/2846/1 2809/2809/1 2808/2808/1
f 2808/2808/1 2845/2845/1 2846/2846/1
f 2847/2847/1 2810/2810/1 2809/2809/1
f 2809/2809/1 2846/2846/1 2847/2847/1
f 2848/2848/1 2811/2811/1 2810/2810/1
f 2810/2810/1 2847/2847/1 2848/2848/1
f 2849/2849/1 2812/2812/1 2811/2811/1
f 2811/2811/1 2848/2848/1 2849/2849/1
f 2850/2850/1 2813/2813/1 2812/2812/1
f 2812/2812/1 2849/2849/1 2850/2850/1
f 2851/2851/1 2814/2814/1 2813/2813/1
f 2813/2813/1 2850/2850/1 2851/2851/1
f 2852/2852/1 2815/2815/1 2814/2814/1
f 2814/2814/1 2851/2851/1 2852/2852/1
f 2853/2853/1 2816/2816/1 2815/2815/1
f 2815/2815/1 2852/2852/1 2853/2853/1
f 2854/2854/1 2817/2817/1 2816/2816/1
f 2816/2816/1 2853/2853/1 2854/2854/1
f 2855/2855/1 2818/2818/1 2817/2817/1
f 2817/2817/1 2854/2854/1 2855/2855/1
f 2856/2856/1 2819/2819/1 2818/2818/1
f 2818/2818/1 2855/2855/1 2856/2856/1
f 2857/2857/1 2820/2820/1 2819/2819/1
f 2819/2819/1 2856/2856/1 2857/2857/1
f 2858/2858/1 2821/2821/1 2820/2820/1
f 2820/2820/1 2857/2857/1 2858/2858/1
f 2859/2859/1 2822/2822/1 2821/2821/1
f 2821/2821/1 2858/2858/1 2859/2859/1
f 2860/2860/1 2823/2823/1 2822/2822/1
f 2822/2822/1 2859/2859/1 2860/2860/1
f 2861/2861/1 2824/2824/1 2823/2823/1
f 2823/2823/1 2860/2860/1 2861/2861/1
f 2862/2862/1 2825/2825/1 2824/2824/1
f 2824/2824/1 2861/2861/1 2862/2862/1
f 2826/2826/1 2825/2825/1 2863/2863/1
f 2862/2862/1 2864/2864/1 2863/2863/1
f 2862/2862/1 2863/2863/1 2825/2825/1
f 2865/2865/1 2866/2866/1 2828/2828/1
f 2828/2828/1 2827/2827/1 2865/2865/1
f 2867/2867/1 2830/2830/1 2828/2828/1
f 2828/2828/1 2866/2866/1 2867/2867/1
f 2868/2868/1 2831/2831/1 2830/2830/1
f 2830/2830/1 2867/2867/1 2868/2868/1
f 2869/2869/1 2832/2832/1 2831/2831/1
f 2831/2831/1 2868/2868/1 2869/2869/1
f 2870/2870/1 2833/2833/1 2832/2832/1
f 2832/2832/1 2869/2869/1 2870/2870/1
f 2871/2871/1 2834/2834/1 2833/2833/1
f 2833/2833/1 2870/2870/1 2871/2871/1
f 2872/2872/1 2835/2835/1 2834/2834/1
f 2834/2834/1 2871/2871/1 2872/2872/1
f 2873/2873/1 2836/2836/1 2835/2835/1
f 2835/2835/1 2872/2872/1 2873/2873/1
f 2874/2874/1 2837/2837/1 2836/2836/1
f 2836/2836/1 2873/2873/1 2874/2874/1
f 2875/2875/1 2838/2838/1 2837/2837/1
f 2837/2837/1 2874/2874/1 2875/2875/1
f 2876/2876/1 2839/2839/1 2838/2838/1
f 2838/2838/1 2875/2875/1 2876/2876/1
f 2877/2877/1 2840/2840/1 2839/2839/1
f 2839/2839/1 2876/2876/1 2877/2877/1
f 2878/2878/1 2841/2841/1 2840/2840/1
f 2840/2840/1 2877/2877/1 2878/2878/1
f 2879/2879/1 2842/2842/1 2841/2841/1
f 2841/2841/1 2878/2878/1 2879/2879/1
f 2880/2880/1 2843/2843/1 2842/2842/1
f 2842/2842/1 2879/2879/1 2880/2880/1
f 2881/2881/1 2844/2844/1 2843/2843/1
f 2843/2843/1 2880/2880/1 2881/2881/1
f 2882/2882/1 2845/2845/1 2844/2844/1
f 2844/2844/1 2881/2881/1 2882/2882/1
f 2883/2883/1 2846/2846/1 2845/2845/1
f 2845/2845/1 2882/2882/1 2883/2883/1
f 2884/2884/1 2847/2847/1 2846/2846/1
f 2846/2846/1 2883/2883/1 2884/2884/1
f 2885/2885/1 2848/2848/1 2847/2847/1
f 2847/2847/1 2884/2884/1 2885/2885/1
f 2886/2886/1 2849/2849/1 2848/2848/1
f 2848/2848/1 2885/2885/1 2886/2886/1
f 2887/2887/1 2850/2850/1 2849/2849/1
f 2849/2849/1 2886/2886/1 2887/2887/1
f 2888/2888/1 2851/2851/1 2850/2850/1
f 2850/2850/1 2887/2887/1 2888/2888/1
f 2889/2889/1 2852/2852/1 2851/2851/1
f 2851/2851/1 2888/2888/1 2889/2889/1
f 2890/2890/1 2853/2853/1 2852/2852/1
f 2852/2852/1 2889/2889/1 2890/2890/1
f 2891/2891/1 2854/2854/1 2853/2853/1
f 2853/2853/1 2890/2890/1 2891/2891/1
f 2892/2892/1 2855/2855/1 2854/2854/1
f 2854/2854/1 2891/2891/1 2892/2892/1
f 2893/2893/1 2856/2856/1 2855/2855/1
f 2855/2855/1 2892/2892/1 2893/2893/1
f 2894/2894/1 2857/2857/1 2856/2856/1
f 2856/2856/1 2893/2893/1 2894/2894/1
f 2895/2895/1 2858/2858/1 2857/2857/1
f 2857/2857/1 2894/2894/1 2895/2895/1
f 2896/2896/1 2859/2859/1 2858/2858/1
f 2858/2858/1 2895/2895/1 2896/2896/1
f 2897/2897/1 2860/2860/1 2859/2859/1
f 2859/2859/1 2896/2896/1 2897/2897/1
f 2898/2898/1 2861/2861/1 2860/2860/1
f 2860/2860/1 2897/2897/1 2898/2898/1
f 2899/2899/1 2862/2862/1 2861/2861/1
f 2861/2861/1 2898/2898/1 2899/2899/1
f 2864/2864/1 2862/2862/1 2899/2899/1
f 2899/2899/1 2900/2900/1 2864/2864/1
f 2865/2865/1 2901/2901/1 2866/2866/1
f 2902/2902/1 2867/2867/1 2903/2903/1
f 2901/2901/1 2903/2903/1 2867/2867/1
f 2866/2866/1 2901/2901/1 2867/2867/1
f 2904/2904/1 2868/2868/1 2867/2867/1
f 2867/2867/1 2902/2902/1 2904/2904/1
f 2905/2905/1 2869/2869/1 2868/2868/1
f 2868/2868/1 2904/2904/1 2905/2905/1
f 2906/2906/1 2870/2870/1 2869/2869/1
f 2869/2869/1 2905/2905/1 2906/2906/1
f 2907/2907/1 2871/2871/1 2870/2870/1
f 2870/2870/1 2906/2906/1 2907/2907/1
f 2908/2908/1 2872/2872/1 2871/2871/1
f 2871/2871/1 2907/2907/1 2908/2908/1
f 2909/2909/1 2873/2873/1 2872/2872/1
f 2872/2872/1 2908/2908/1 2909/2909/1
f 2910/2910/1 2874/2874/1 2873/2873/1
f 2873/2873/1 2909/2909/1 2910/2910/1
f 2911/2911/1 2875/2875/1 2874/2874/1
f 2874/2874/1 2910/2910/1 2911/2911/1
f 2912/2912/1 2876/2876/1 2875/2875/1
f 2875/2875/1 2911/2911/1 2912/2912/1
f 2913/2913/1 2877/2877/1 2876/2876/1
f 2876/2876/1 2912/2912/1 2913/2913/1
f 2914/2914/1 2878/2878/1 2877/2877/1
f 2877/2877/1 2913/2913/1 2914/2914/1
f 2915/2915/1 2879/2879/1 2878/2878/1
f 2878/2878/1 2914/2914/1 2915/2915/1
f 2916/2916/1 2880/2880/1 2879/2879/1
f 2879/2879/1 2915/2915/1 2916/2916/1
f 2917/2917/1 2881/2881/1 2880/2880/1
f 2880/2880/1 2916/2916/1 2917/2917/1
f 2918/2918/1 2882/2882/1 2881/2881/1
f 2881/2881/1 2917/2917/1 2918/2918/1
f 2919/2919/1 2883/2883/1 2882/2882/1
f 2882/2882/1 2918/2918/1 2919/2919/1
f 2920/2920/1 2884/2884/1 2883/2883/1
f 2883/2883/1 2919/2919/1 2920/2920/1
f 2921/2921/1 2885/2885/1 2884/2884/1
f 2884/2884/1 2920/2920/1 2921/2921/1
f 2922/2922/1 2886/2886/1 2885/2885/1
f 2885/2885/1 2921/2921/1 2922/2922/1
f 2923/2923/1 2887/2887/1 2886/2886/1
f 2886/2886/1 2922/2922/1 2923/2923/1
f 2924/2924/1 2888/2888/1 2887/2887/1
f 2887/2887/1 2923/2923/1 2924/2924/1
f 2925/2925/1 2889/2889/1 2888/2888/1
f 2888/2888/1 2924/2924/1 2925/2925/1
f 2926/2926/1 2890/2890/1 2889/2889/1
f 2889/2889/1 2925/2925/1 2926/2926/1
f 2927/2927/1 2891/2891/1 2890/2890/1
f 2890/2890/1 2926/2926/1 2927/2927/1
f 2928/2928/1 2892/2892/1 2891/2891/1
f 2891/2891/1 2927/2927/1 2928/2928/1
f 2929/2929/1 2893/2893/1 2892/2892/1
f 2892/2892/1 2928/2928/1 2929/2929/1
f 2930/2930/1 2894/2894/1 2893/2893/1
f 2893/2893/1 2929/2929/1 2930/2930/1
f 2931/2931/1 2895/2895/1 2894/2894/1
f 2894/2894/1 2930/2930/1 2931/2931/1
f 2932/2932/1 2896/2896/1 2895/2895/1
f 2895/2895/1 2931/2931/1 2932/2932/1
f 2933/2933/1 2897/2897/1 2896/2896/1
f 2896/2896/1 2932/2932/1 2933/2933/1
f 2934/2934/1 2898/2898/1 2897/2897/1
f 2897/2897/1 2933/2933/1 2934/2934/1
f 2935/2935/1 2899/2899/1 2898/2898/1
f 2898/2898/1 2934/2934/1 2935/2935/1
f 2900/2900/1 2899/2899/1 2935/2935/1
f 2935/2935/1 2936/2936/1 2900/2900/1
f 2937/2937/1 2938/2938/1 2902/2902/1
f 2902/2902/1 2903/2903/1 2937/2937/1
f 2939/2939/1 2904/2904/1 2940/2940/1
f 2938/2938/1 2940/2940/1 2904/2904/1
f 2902/2902/1 2938/2938/1 2904/2904/1
f 2941/2941/1 2905/2905/1 2904/2904/1
f 2904/2904/1 2939/2939/1 2941/2941/1
f 2942/2942/1 2906/2906/1 2905/2905/1
f 2905/2905/1 2941/2941/1 2942/2942/1
f 2943/2943/1 2907/2907/1 2906/2906/1
f 2906/2906/1 2942/2942/1 2943/2943/1
f 2944/2944/1 2908/2908/1 2907/2907/1
f 2907/2907/1 2943/2943/1 2944/2944/1
f 2945/2945/1 2909/2909/1 2908/2908/1
f 2908/2908/1 2944/2944/1 2945/2945/1
f 2946/2946/1 2910/2910/1 2909/2909/1
f 2909/2909/1 2945/2945/1 2946/2946/1
f 2947/2947/1 2911/2911/1 2910/2910/1
f 2910/2910/1 2946/2946/1 2947/2947/1
f 2948/2948/1 2912/2912/1 2911/2911/1
f 2911/2911/1 2947/2947/1 2948/2948/1
f 2949/2949/1 2913/2913/1 2912/2912/1
f 2912/2912/1 2948/2948/1 2949/2949/1
f 2950/2950/1 2914/2914/1 2913/2913/1
f 2913/2913/1 2949/2949/1 2950/2950/1
f 2951/2951/1 2915/2915/1 2914/2914/1
f 2914/2914/1 2950/2950/1 2951/2951/1
f 2952/2952/1 2916/2916/1 2915/2915/1
f 2915/2915/1 2951/2951/1 2952/2952/1
f 2953/2953/1 2917/2917/1 2916/2916/1
f 2916/2916/1 2952/2952/1 2953/2953/1
f 2954/2954/1 2918/2918/1 2917/2917/1
f 2917/2917/1 2953/2953/1 2954/2954/1
f 2955/2955/1 2919/2919/1 2918/2918/1
f 2918/2918/1 2954/2954/1 2955/2955/1
f 2956/2956/1 2920/2920/1 2919/2919/1
f 2919/2919/1 2955/2955/1 2956/2956/1
f 2957/2957/1 2921/2921/1 2920/2920/1
f 2920/2920/1 2956/2956/1 2957/2957/1
f 2958/2958/1 2922/2922/1 2921/2921/1
f 2921/2921/1 2957/2957/1 2958/2958/1
f 2959/2959/1 2923/2923/1 2922/2922/1
f 2922/2922/1 2958/2958/1 2959/2959/1
f 2960/2960/1 2924/2924/1 2923/2923/1
f 2923/2923/1 2959/2959/1 2960/2960/1
f 2961/2961/1 2925/2925/1 2924/2924/1
f 2924/2924/1 2960/2960/1 2961/2961/1
f 2962/2962/1 2926/2926/1 2925/2925/1
f 2925/2925/1 2961/2961/1 2962/2962/1
f 2963/2963/1 2927/2927/1 2926/2926/1
f 2926/2926/1 2962/2962/1 2963/2963/1
f 2964/2964/1 2928/2928/1 2927/2927/1
f 2927/2927/1 2963/2963/1 2964/2964/1
f 2965/2965/1 2929/2929/1 2928/2928/1
f 2928/2928/1 2964/2964/1 2965/2965/1
f 2966/2966/1 2930/2930/1 2929/2929/1
f 2929/2929/1 2965/2965/1 2966/2966/1
f 2967/2967/1 2931/2931/1 2930/2930/1
f 2930/2930/1 2966/2966/1 2967/2967/1
f 2968/2968/1 2932/2932/1 2931/2931/1
f 2931/2931/1 2967/2967/1 2968/2968/1
f 2969/2969/1 2933/2933/1 2932/2932/1
f 2932/2932/1 2968/2968/1 2969/2969/1
f 2970/2970/1 2934/2934/1 2933/2933/1
f 2933/2933/1 2969/2969/1 2970/2970/1
f 2971/2971/1 2935/2935/1 2934/2934/1
f 2934/2934/1 2970/2970/1 2971/2971/1
f 2936/2936/1 2935/2935/1 2971/2971/1
f 2971/2971/1 2972/2972/1 2936/2936/1
f 2973/2973/1 2974/2974/1 2939/2939/1
f 2939/2939/1 2940/2940/1 2973/2973/1
f 2975/2975/1 2941/2941/1 2974/2974/1
f 2974/2974/1 2976/2976/1 2975/2975/1
f 2939/2939/1 2974/2974/1 2941/2941/1
f 2977/2977/1 2942/2942/1 2941/2941/1
f 2941/2941/1 2975/2975/1 2977/2977/1
f 2978/2978/1 2943/2943/1 2942/2942/1
f 2942/2942/1 2977/2977/1 2978/2978/1
f 2979/2979/1 2944/2944/1 2943/2943/1
f 2943/2943/1 2978/2978/1 2979/2979/1
f 2980/2980/1 2945/2945/1 2944/2944/1
f 2944/2944/1 2979/2979/1 2980/2980/1
f 2981/2981/1 2946/2946/1 2945/2945/1
f 2945/2945/1 2980/2980/1 2981/2981/1
f 2982/2982/1 2947/2947/1 2946/2946/1
f 2946/2946/1 2981/2981/1 2982/2982/1
f 2983/2983/1 2948/2948/1 2947/2947/1
f 2947/2947/1 2982/2982/1 2983/2983/1
f 2984/2984/1 2949/2949/1 2948/2948/1
f 2948/2948/1 2983/2983/1 2984/2984/1
f 2985/2985/1 2950/2950/1 2949/2949/1
f 2949/2949/1 2984/2984/1 2985/2985/1
f 2986/2986/1 2951/2951/1 2950/2950/1
f 2950/2950/1 2985/2985/1 2986/2986/1
f 2987/2987/1 2952/2952/1 2951/2951/1
f 2951/2951/1 2986/2986/1 2987/2987/1
f 2988/2988/1 2953/2953/1 2952/2952/1
f 2952/2952/1 2987/2987/1 2988/2988/1
f 2989/2989/1 2954/2954/1 2953/2953/1
f 2953/2953/1 2988/2988/1 2989/2989/1
f 2990/2990/1 2955/2955/1 2954/2954/1
f 2954/2954/1 2989/2989/1 2990/2990/1
f 2991/2991/1 2956/2956/1 2955/2955/1
f 2955/2955/1 2990/2990/1 2991/2991/1
f 2992/2992/1 2957/2957/1 2956/2956/1
f 2956/2956/1 2991/2991/1 2992/2992/1
f 2993/2993/1 2958/2958/1 2957/2957/1
f 2957/2957/1 2992/2992/1 2993/2993/1
f 2994/2994/1 2959/2959/1 2958/2958/1
f 2958/2958/1 2993/2993/1 2994/2994/1
f 2995/2995/1 2960/2960/1 2959/2959/1
f 2959/2959/1 2994/2994/1 2995/2995/1
f 2996/2996/1 2961/2961/1 2960/2960/1
f 2960/2960/1 2995/2995/1 2996/2996/1
f 2997/2997/1 2962/2962/1 2961/2961/1
f 2961/2961/1 2996/2996/1 2997/2997/1
f 2998/2998/1 2963/2963/1 2962/2962/1
f 2962/2962/1 2997/2997/1 2998/2998/1
f 2999/2999/1 2964/2964/1 2963/2963/1
f 2963/2963/1 2998/2998/1 2999/2999/1
f 3000/3000/1 2965/2965/1 2964/2964/1
f 2964/2964/1 2999/2999/1 3000/3000/1
f 3001/3001/1 2966/2966/1 2965/2965/1
f 2965/2965/1 3000/3000/1 3001/3001/1
f 3002/3002/1 2967/2967/1 2966/2966/1
f 2966/2966/1 3001/3001/1 3002/3002/1
f 3003/3003/1 2968/2968/1 2967/2967/1
f 2967/2967/1 3002/3002/1 3003/3003/1
f 3004/3004/1 2969/2969/1 2968/2968/1
f 2968/2968/1 3003/3003/1 3004/3004/1
f 3005/3005/1 2970/2970/1 2969/2969/1
f 2969/2969/1 3004/3004/1 3005/3005/1
f 3006/3006/1 2971/2971/1 2970/2970/1
f 2970/2970/1 3005/3005/1 3006/3006/1
f 2972/2972/1 2971/2971/1 3007/3007/1
f 3008/3008/1 3007/3007/1 3006/3006/1
f 2971/2971/1 3006/3006/1 3007/3007/1
f 3009/3009/1 3010/3010/1 2975/2975/1
f 2975/2975/1 2976/2976/1 3009/3009/1
f 3011/3011/1 2977/2977/1 2975/2975/1
f 2975/2975/1 3010/3010/1 3011/3011/1
f 3012/3012/1 2978/2978/1 2977/2977/1
f 2977/2977/1 3011/3011/1 3012/3012/1
f 3013/3013/1 2979/2979/1 2978/2978/1
f 2978/2978/1 3012/3012/1 3013/3013/1
f 3014/3014/1 2980/2980/1 2979/2979/1
f 2979/2979/1 3013/3013/1 3014/3014/1
f 3015/3015/1 2981/2981/1 2980/2980/1
f 2980/2980/1 3014/3014/1 3015/3015/1
f 3016/3016/1 2982/2982/1 2981/2981/1
f 2981/2981/1 3015/3015/1 3016/3016/1
f 3017/3017/1 2983/2983/1 2982/2982/1
f 2982/2982/1 3016/3016/1 3017/3017/1
f 3018/3018/1 2984/2984/1 2983/2983/1
f 2983/2983/1 3017/3017/1 3018/3018/1
f 3019/3019/1 2985/2985/1 2984/2984/1
f 2984/2984/1 3018/3018/1 3019/3019/1
f 3020/3020/1 2986/2986/1 2985/2985/1
f 2985/2985/1 3019/3019/1 3020/3020/1
f 3021/3021/1 2987/2987/1 2986/2986/1
f 2986/2986/1 3020/3020/1 3021/3021/1
f 3022/3022/1 2988/2988/1 2987/2987/1
f 2987/2987/1 3021/3021/1 3022/3022/1
f 3023/3023/1 2989/2989/1 2988/2988/1
f 2988/2988/1 3022/3022/1 3023/3023/1
f 3024/3024/1 2990/2990/1 2989/2989/1
f 2989/2989/1 3023/3023/1 3024/3024/1
f 3025/3025/1 2991/2991/1 2990/2990/1
f 2990/2990/1 3024/3024/1 3025/3025/1
f 3026/3026/1 2992/2992/1 2991/2991/1
f 2991/2991/1 3025/3025/1 3026/3026/1
f 3027/3027/1 2993/2993/1 2992/2992/1
f 2992/2992/1 3026/3026/1 3027/3027/1
f 3028/3028/1 2994/2994/1 2993/2993/1
f 2993/2993/1 3027/3027/1 3028/3028/1
f 3029/3029/1 2995/2995/1 2994/2994/1
f 2994/2994/1 3028/3028/1 3029/3029/1
f 3030/3030/1 2996/2996/1 2995/2995/1
f 2995/2995/1 3029/3029/1 3030/3030/1
f 3031/3031/1 2997/2997/1 2996/2996/1
f 2996/2996/1 3030/3030/1 3031/3031/1
f 3032/3032/1 2998/2998/1 2997/2997/1
f 2997/2997/1 3031/3031/1 3032/3032/1
f 3033/3033/1 2999/2999/1 2998/2998/1
f 2998/2998/1 3032/3032/1 3033/3033/1
f 3034/3034/1 3000/3000/1 2999/2999/1
f 2999/2999/1 3033/3033/1 3034/3034/1
f 3035/3035/1 3001/3001/1 3000/3000/1
f 3000/3000/1 3034/3034/1 3035/3035/1
f 3036/3036/1 3002/3002/1 3001/3001/1
f 3001/3001/1 3035/3035/1 3036/3036/1
f 3037/3037/1 3003/3003/1 3002/3002/1
f 3002/3002/1 3036/3036/1 3037/3037/1
f 3038/3038/1 3004/3004/1 3003/3003/1
f 3003/3003/1 3037/3037/1 3038/3038/1
f 3039/3039/1 3005/3005/1 3004/3004/1
f 3004/3004/1 3038/3038/1 3039/3039/1
f 3006/3006/1 3005/3005/1 3040/3040/1
f 3041/3041/1 3040/3040/1 3005/3005/1
f 3039/3039/1 3041/3041/1 3005/3005/1
f 3040/3040/1 3008/3008/1 3006/3006/1
f 3042/3042/1 3043/3043/1 3044/3044/1
f 3010/3010/1 3009/3009/1 3044/3044/1
f 3010/3010/1 3044/3044/1 3043/3043/1
f 3045/3045/1 3011/3011/1 3010/3010/1
f 3010/3010/1 3043/3043/1 3045/3045/1
f 3046/3046/1 3012/3012/1 3011/3011/1
f 3011/3011/1 3045/3045/1 3046/3046/1
f 3047/3047/1 3013/3013/1 3012/3012/1
f 3012/3012/1 3046/3046/1 3047/3047/1
f 3048/3048/1 3014/3014/1 3013/3013/1
f 3013/3013/1 3047/3047/1 3048/3048/1
f 3049/3049/1 3015/3015/1 3014/3014/1
f 3014/3014/1 3048/3048/1 3049/3049/1
f 3050/3050/1 3016/3016/1 3015/3015/1
f 3015/3015/1 3049/3049/1 3050/3050/1
f 3051/3051/1 3017/3017/1 3016/3016/1
f 3016/3016/1 3050/3050/1 3051/3051/1
f 3052/3052/1 3018/3018/1 3017/3017/1
f 3017/3017/1 3051/3051/1 3052/3052/1
f 3053/3053/1 3019/3019/1 3018/3018/1
f 3018/3018/1 3052/3052/1 3053/3053/1
f 3054/3054/1 3020/3020/1 3019/3019/1
f 3019/3019/1 3053/3053/1 3054/3054/1
f 3055/3055/1 3021/3021/1 3020/3020/1
f 3020/3020/1 3054/3054/1 3055/3055/1
f 3056/3056/1 3022/3022/1 3021/3021/1
f 3021/3021/1 3055/3055/1 3056/3056/1
f 3057/3057/1 3023/3023/1 3022/3022/1
f 3022/3022/1 3056/3056/1 3057/3057/1
f 3058/3058/1 3024/3024/1 3023/3023/1
f 3023/3023/1 3057/3057/1 3058/3058/1
f 3059/3059/1 3025/3025/1 3024/3024/1
f 3024/3024/1 3058/3058/1 3059/3059/1
f 3060/3060/1 3026/3026/1 3025/3025/1
f 3025/3025/1 3059/3059/1 3060/3060/1
f 3061/3061/1 3027/3027/1 3026/3026/1
f 3026/3026/1 3060/3060/1 3061/3061/1
f 3062/3062/1 3028/3028/1 3027/3027/1
f 3027/3027/1 3061/3061/1 3062/3062/1
f 3063/3063/1 3029/3029/1 3028/3028/1
f 3028/3028/1 3062/3062/1 3063/3063/1
f 3064/3064/1 3030/3030/1 3029/3029/1
f 3029/3029/1 3063/3063/1 3064/3064/1
f 3065/3065/1 3031/3031/1 3030/3030/1
f 3030/3030/1 3064/3064/1 3065/3065/1
f 3066/3066/1 3032/3032/1 3031/3031/1
f 3031/3031/1 3065/3065/1 3066/3066/1
f 3067/3067/1 3033/3033/1 3032/3032/1
f 3032/3032/1 3066/3066/1 3067/3067/1
f 3068/3068/1 3034/3034/1 3033/3033/1
f 3033/3033/1 3067/3067/1 3068/3068/1
f 3069/3069/1 3035/3035/1 3034/3034/1
f 3034/3034/1 3068/3068/1 3069/3069/1
f 3070/3070/1 3036/3036/1 3035/3035/1
f 3035/3035/1 3069/3069/1 3070/3070/1
f 3071/3071/1 3037/3037/1 3036/3036/1
f 3036/3036/1 3070/3070/1 3071/3071/1
f 3072/3072/1 3038/3038/1 3037/3037/1
f 3037/3037/1 3071/3071/1 3072/3072/1
f 3073/3073/1 3039/3039/1 3038/3038/1
f 3038/3038/1 3072/3072/1 3073/3073/1
f 3074/3074/1 3041/3041/1 3039/3039/1
f 3073/3073/1 3075/3075/1 3074/3074/1
f 3074/3074/1 3039/3039/1 3073/3073/1
f 3042/3042/1 3076/3076/1 3043/3043/1
f 3077/3077/1 3045/3045/1 3076/3076/1
f 3076/3076/1 3078/3078/1 3077/3077/1
f 3043/3043/1 3076/3076/1 3045/3045/1
f 3079/3079/1 3046/3046/1 3045/3045/1
f 3045/3045/1 3077/3077/1 3079/3079/1
f 3080/3080/1 3047/3047/1 3046/3046/1
f 3046/3046/1 3079/3079/1 3080/3080/1
f 3081/3081/1 3048/3048/1 3047/3047/1
f 3047/3047/1 3080/3080/1 3081/3081/1
f 3082/3082/1 3049/3049/1 3048/3048/1
f 3048/3048/1 3081/3081/1 3082/3082/1
f 3083/3083/1 3050/3050/1 3049/3049/1
f 3049/3049/1 3082/3082/1 3083/3083/1
f 3084/3084/1 3051/3051/1 3050/3050/1
f 3050/3050/1 3083/3083/1 3084/3084/1
f 3085/3085/1 3052/3052/1 3051/3051/1
f 3051/3051/1 3084/3084/1 3085/3085/1
f 3086/3086/1 3053/3053/1 3052/3052/1
f 3052/3052/1 3085/3085/1 3086/3086/1
f 3087/3087/1 3054/3054/1 3053/3053/1
f 3053/3053/1 3086/3086/1 3087/3087/1
f 3088/3088/1 3055/3055/1 3054/3054/1
f 3054/3054/1 3087/3087/1 3088/3088/1
f 3089/3089/1 3056/3056/1 3055/3055/1
f 3055/3055/1 3088/3088/1 3089/3089/1
f 3090/3090/1 3057/3057/1 3056/3056/1
f 3056/3056/1 3089/3089/1 3090/3090/1
f 3091/3091/1 3058/3058/1 3057/3057/1
f 3057/3057/1 3090/3090/1 3091/3091/1
f 3092/3092/1 3059/3059/1 3058/3058/1
f 3058/3058/1 3091/3091/1 3092/3092/1
f 3093/3093/1 3060/3060/1 3059/3059/1
f 3059/3059/1 3092/3092/1 3093/3093/1
f 3094/3094/1 3061/3061/1 3060/3060/1
f 3060/3060/1 3093/3093/1 3094/3094/1
f 3095/3095/1 3062/3062/1 3061/3061/1
f 3061/3061/1 3094/3094/1 3095/3095/1
f 3096/3096/1 3063/3063/1 3062/3062/1
f 3062/3062/1 3095/3095/1 3096/3096/1
f 3097/3097/1 3064/3064/1 3063/3063/1
f 3063/3063/1 3096/3096/1 3097/3097/1
f 3098/3098/1 3065/3065/1 3064/3064/1
f 3064/3064/1 3097/3097/1 3098/3098/1
f 3099/3099/1 3066/3066/1 3065/3065/1
f 3065/3065/1 3098/3098/1 3099/3099/1
f 3100/3100/1 3067/3067/1 3066/3066/1
f 3066/3066/1 3099/3099/1 3100/3100/1
f 3101/3101/1 3068/3068/1 3067/3067/1
f 3067/3067/1 3100/3100/1 3101/3101/1
f 3102/3102/1 3069/3069/1 3068/3068/1
f 3068/3068/1 3101/3101/1 3102/3102/1
f 3103/3103/1 3070/3070/1 3069/3069/1
f 3069/3069/1 3102/3102/1 3103/3103/1
f 3104/3104/1 3071/3071/1 3070/3070/1
f 3070/3070/1 3103/3103/1 3104/3104/1
f 3105/3105/1 3072/3072/1 3071/3071/1
f 3071/3071/1 3104/3104/1 3105/3105/1
f 3073/3073/1 3072/3072/1 3106/3106/1
f 3107/3107/1 3106/3106/1 3105/3105/1
f 3072/3072/1 3105/3105/1 3106/3106/1
f 3106/3106/1 3075/3075/1 3073/3073/1
f 3108/3108/1 3109/3109/1 3077/3077/1
f 3077/3077/1 3078/3078/1 3108/3108/1
f 3110/3110/1 3079/3079/1 3077/3077/1
f 3077/3077/1 3109/3109/1 3110/3110/1
f 3111/3111/1 3080/3080/1 3079/3079/1
f 3079/3079/1 3110/3110/1 3111/3111/1
f 3112/3112/1 3081/3081/1 3080/3080/1
f 3080/3080/1 3111/3111/1 3112/3112/1
f 3113/3113/1 3082/3082/1 3081/3081/1
f 3081/3081/1 3112/3112/1 3113/3113/1
f 3114/3114/1 3083/3083/1 3082/3082/1
f 3082/3082/1 3113/3113/1 3114/3114/1
f 3115/3115/1 3084/3084/1 3083/3083/1
f 3083/3083/1 3114/3114/1 3115/3115/1
f 3116/3116/1 3085/3085/1 3084/3084/1
f 3084/3084/1 3115/3115/1 3116/3116/1
f 3117/3117/1 3086/3086/1 3085/3085/1
f 3085/3085/1 3116/3116/1 3117/3117/1
f 3118/3118/1 3087/3087/1 3086/3086/1
f 3086/3086/1 3117/3117/1 3118/3118/1
f 3119/3119/1 3088/3088/1 3087/3087/1
f 3087/3087/1 3118/3118/1 3119/3119/1
f 3120/3120/1 3089/3089/1 3088/3088/1
f 3088/3088/1 3119/3119/1 3120/3120/1
f 3121/3121/1 3090/3090/1 3089/3089/1
f 3089/3089/1 3120/3120/1 3121/3121/1
f 3122/3122/1 3091/3091/1 3090/3090/1
f 3090/3090/1 3121/3121/1 3122/3122/1
f 3123/3123/1 3092/3092/1 3091/3091/1
f 3091/3091/1 3122/3122/1 3123/3123/1
f 3124/3124/1 3093/3093/1 3092/3092/1
f 3092/3092/1 3123/3123/1 3124/3124/1
f 3125/3125/1 3094/3094/1 3093/3093/1
f 3093/3093/1 3124/3124/1 3125/3125/1
f 3126/3126/1 3095/3095/1 3094/3094/1
f 3094/3094/1 3125/3125/1 3126/3126/1
f 3127/3127/1 3096/3096/1 3095/3095/1
f 3095/3095/1 3126/3126/1 3127/3127/1
f 3128/3128/1 3097/3097/1 3096/3096/1
f 3096/3096/1 3127/3127/1 3128/3128/1
f 3129/3129/1 3098/3098/1 3097/3097/1
f 3097/3097/1 3128/3128/1 3129/3129/1
f 3130/3130/1 3099/3099/1 3098/3098/1
f 3098/3098/1 3129/3129/1 3130/3130/1
f 3131/3131/1 3100/3100/1 3099/3099/1
f 3099/3099/1 3130/3130/1 3131/3131/1
f 3132/3132/1 3101/3101/1 3100/3100/1
f 3100/3100/1 3131/3131/1 3132/3132/1
f 3133/3133/1 3102/3102/1 3101/3101/1
f 3101/3101/1 3132/3132/1 3133/3133/1
f 3134/3134/1 3103/3103/1 3102/3102/1
f 3102/3102/1 3133/3133/1 3134/3134/1
f 3135/3135/1 3104/3104/1 3103/3103/1
f 3103/3103/1 3134/3134/1 3135/3135/1
f 3136/3136/1 3105/3105/1 3104/3104/1
f 3104/3104/1 3135/3135/1 3136/3136/1
f 3107/3107/1 3105/3105/1 3137/3137/1
f 3136/3136/1 3137/3137/1 3105/3105/1
f 3138/3138/1 3139/3139/1 3109/3109/1
f 3109/3109/1 3108/3108/1 3138/3138/1
f 3140/3140/1 3110/3110/1 3141/3141/1
f 3139/3139/1 3141/3141/1 3110/3110/1
f 3109/3109/1 3139/3139/1 3110/3110/1
f 3142/3142/1 3111/3111/1 3110/3110/1
f 3110/3110/1 3140/3140/1 3142/3142/1
f 3143/3143/1 3112/3112/1 3111/3111/1
f 3111/3111/1 3142/3142/1 3143/3143/1
f 3144/3144/1 3113/3113/1 3112/3112/1
f 3112/3112/1 3143/3143/1 3144/3144/1
f 3145/3145/1 3114/3114/1 3113/3113/1
f 3113/3113/1 3144/3144/1 3145/3145/1
f 3146/3146/1 3115/3115/1 3114/3114/1
f 3114/3114/1 3145/3145/1 3146/3146/1
f 3147/3147/1 3116/3116/1 3115/3115/1
f 3115/3115/1 3146/3146/1 3147/3147/1
f 3148/3148/1 3117/3117/1 3116/3116/1
f 3116/3116/1 3147/3147/1 3148/3148/1
f 3149/3149/1 3118/3118/1 3117/3117/1
f 3117/3117/1 3148/3148/1 3149/3149/1
f 3150/3150/1 3119/3119/1 3118/3118/1
f 3118/3118/1 3149/3149/1 3150/3150/1
f 3151/3151/1 3120/3120/1 3119/3119/1
f 3119/3119/1 3150/3150/1 3151/3151/1
f 3152/3152/1 3121/3121/1 3120/3120/1
f 3120/3120/1 3151/3151/1 3152/3152/1
f 3153/3153/1 3122/3122/1 3121/3121/1
f 3121/3121/1 3152/3152/1 3153/3153/1
f 3154/3154/1 3123/3123/1 3122/3122/1
f 3122/3122/1 3153/3153/1 3154/3154/1
f 3155/3155/1 3124/3124/1 3123/3123/1
f 3123/3123/1 3154/3154/1 3155/3155/1
f 3156/3156/1 3125/3125/1 3124/3124/1
f 3124/3124/1 3155/3155/1 3156/3156/1
f 3157/3157/1 3126/3126/1 3125/3125/1
f 3125/3125/1 3156/3156/1 3157/3157/1
f 3158/3158/1 3127/3127/1 3126/3126/1
f 3126/3126/1 3157/3157/1 3158/3158/1
f 3159/3159/1 3128/3128/1 3127/3127/1
f 3127/3127/1 3158/3158/1 3159/3159/1
f 3160/3160/1 3129/3129/1 3128/3128/1
f 3128/3128/1 3159/3159/1 3160/3160/1
f 3161/3161/1 3130/3130/1 3129/3129/1
f 3129/3129/1 3160/3160/1 3161/3161/1
f 3162/3162/1 3131/3131/1 3130/3130/1
f 3130/3130/1 3161/3161/1 3162/3162/1
f 3163/3163/1 3132/3132/1 3131/3131/1
f 3131/3131/1 3162/3162/1 3163/3163/1
f 3164/3164/1 3133/3133/1 3132/3132/1
f 3132/3132/1 3163/3163/1 3164/3164/1
f 3165/3165/1 3134/3134/1 3133/3133/1
f 3133/3133/1 3164/3164/1 3165/3165/1
f 3166/3166/1 3135/3135/1 3134/3134/1
f 3134/3134/1 3165/3165/1 3166/3166/1
f 3136/3136/1 3135/3135/1 3167/3167/1
f 3167/3167/1 3168/3168/1 3136/3136/1
f 3166/3166/1 3167/3167/1 3135/3135/1
f 3169/3169/1 3137/3137/1 3136/3136/1
f 3136/3136/1 3168/3168/1 3169/3169/1
f 3170/3170/1 3171/3171/1 3140/3140/1
f 3140/3140/1 3141/3141/1 3170/3170/1
f 3172/3172/1 3142/3142/1 3173/3173/1
f 3171/3171/1 3173/3173/1 3142/3142/1
f 3140/3140/1 3171/3171/1 3142/3142/1
f 3174/3174/1 3143/3143/1 3142/3142/1
f 3142/3142/1 3172/3172/1 3174/3174/1
f 3175/3175/1 3144/3144/1 3176/3176/1
f 3143/3143/1 3174/3174/1 3176/3176/1
f 3143/3143/1 3176/3176/1 3144/3144/1
f 3177/3177/1 3178/3178/1 3145/3145/1
f 3144/3144/1 3175/3175/1 3177/3177/1
f 3177/3177/1 3145/3145/1 3144/3144/1
f 3179/3179/1 3146/3146/1 3180/3180/1
f 3178/3178/1 3180/3180/1 3146/3146/1
f 3145/3145/1 3178/3178/1 3146/3146/1
f 3181/3181/1 3147/3147/1 3146/3146/1
f 3146/3146/1 3179/3179/1 3181/3181/1
f 3182/3182/1 3148/3148/1 3147/3147/1
f 3147/3147/1 3181/3181/1 3182/3182/1
f 3183/3183/1 3149/3149/1 3148/3148/1
f 3148/3148/1 3182/3182/1 3183/3183/1
f 3184/3184/1 3150/3150/1 3149/3149/1
f 3149/3149/1 3183/3183/1 3184/3184/1
f 3185/3185/1 3151/3151/1 3150/3150/1
f 3150/3150/1 3184/3184/1 3185/3185/1
f 3186/3186/1 3152/3152/1 3151/3151/1
f 3151/3151/1 3185/3185/1 3186/3186/1
f 3187/3187/1 3153/3153/1 3152/3152/1
f 3152/3152/1 3186/3186/1 3187/3187/1
f 3188/3188/1 3154/3154/1 3153/3153/1
f 3153/3153/1 3187/3187/1 3188/3188/1
f 3189/3189/1 3155/3155/1 3154/3154/1
f 3154/3154/1 3188/3188/1 3189/3189/1
f 3190/3190/1 3156/3156/1 3155/3155/1
f 3155/3155/1 3189/3189/1 3190/3190/1
f 3191/3191/1 3157/3157/1 3156/3156/1
f 3156/3156/1 3190/3190/1 3191/3191/1
f 3192/3192/1 3158/3158/1 3157/3157/1
f 3157/3157/1 3191/3191/1 3192/3192/1
f 3193/3193/1 3159/3159/1 3158/3158/1
f 3158/3158/1 3192/3192/1 3193/3193/1
f 3194/3194/1 3160/3160/1 3159/3159/1
f 3159/3159/1 3193/3193/1 3194/3194/1
f 3195/3195/1 3161/3161/1 3160/3160/1
f 3160/3160/1 3194/3194/1 3195/3195/1
f 3196/3196/1 3162/3162/1 3161/3161/1
f 3161/3161/1 3195/3195/1 3196/3196/1
f 3197/3197/1 3198/3198/1 3163/3163/1
f 3196/3196/1 3199/3199/1 3162/3162/1
f 3197/3197/1 3163/3163/1 3162/3162/1
f 3197/3197/1 3162/3162/1 3199/3199/1
f 3200/3200/1 3164/3164/1 3198/3198/1
f 3163/3163/1 3198/3198/1 3164/3164/1
f 3201/3201/1 3165/3165/1 3202/3202/1
f 3200/3200/1 3202/3202/1 3164/3164/1
f 3165/3165/1 3164/3164/1 3202/3202/1
f 3203/3203/1 3166/3166/1 3165/3165/1
f 3165/3165/1 3201/3201/1 3203/3203/1
f 3204/3204/1 3167/3167/1 3166/3166/1
f 3166/3166/1 3203/3203/1 3204/3204/1
f 3205/3205/1 3206/3206/1 3179/3179/1
f 3179/3179/1 3180/3180/1 3205/3205/1
f 3207/3207/1 3181/3181/1 3206/3206/1
f 3206/3206/1 3208/3208/1 3207/3207/1
f 3179/3179/1 3206/3206/1 3181/3181/1
f 3209/3209/1 3182/3182/1 3181/3181/1
f 3181/3181/1 3207/3207/1 3209/3209/1
f 3210/3210/1 3183/3183/1 3182/3182/1
f 3182/3182/1 3209/3209/1 3210/3210/1
f 3211/3211/1 3184/3184/1 3183/3183/1
f 3183/3183/1 3210/3210/1 3211/3211/1
f 3212/3212/1 3185/3185/1 3184/3184/1
f 3184/3184/1 3211/3211/1 3212/3212/1
f 3213/3213/1 3186/3186/1 3185/3185/1
f 3185/3185/1 3212/3212/1 3213/3213/1
f 3214/3214/1 3187/3187/1 3186/3186/1
f 3186/3186/1 3213/3213/1 3214/3214/1
f 3215/3215/1 3188/3188/1 3187/3187/1
f 3187/3187/1 3214/3214/1 3215/3215/1
f 3216/3216/1 3189/3189/1 3188/3188/1
f 3188/3188/1 3215/3215/1 3216/3216/1
f 3217/3217/1 3190/3190/1 3189/3189/1
f 3189/3189/1 3216/3216/1 3217/3217/1
f 3218/3218/1 3191/3191/1 3190/3190/1
f 3190/3190/1 3217/3217/1 3218/3218/1
f 3219/3219/1 3192/3192/1 3191/3191/1
f 3191/3191/1 3218/3218/1 3219/3219/1
f 3220/3220/1 3193/3193/1 3192/3192/1
f 3192/3192/1 3219/3219/1 3220/3220/1
f 3221/3221/1 3194/3194/1 3193/3193/1
f 3193/3193/1 3220/3220/1 3221/3221/1
f 3222/3222/1 3195/3195/1 3194/3194/1
f 3194/3194/1 3221/3221/1 3222/3222/1
f 3196/3196/1 3195/3195/1 3223/3223/1
f 3224/3224/1 3223/3223/1 3222/3222/1
f 3195/3195/1 3222/3222/1 3223/3223/1
f 3223/3223/1 3199/3199/1 3196/3196/1
f 3225/3225/1 3226/3226/1 3207/3207/1
f 3207/3207/1 3208/3208/1 3225/3225/1
f 3227/3227/1 3209/3209/1 3207/3207/1
f 3207/3207/1 3226/3226/1 3227/3227/1
f 3228/3228/1 3210/3210/1 3209/3209/1
f 3209/3209/1 3227/3227/1 3228/3228/1
f 3229/3229/1 3211/3211/1 3210/3210/1
f 3210/3210/1 3228/3228/1 3229/3229/1
f 3230/3230/1 3212/3212/1 3211/3211/1
f 3211/3211/1 3229/3229/1 3230/3230/1
f 3231/3231/1 3213/3213/1 3212/3212/1
f 3212/3212/1 3230/3230/1 3231/3231/1
f 3232/3232/1 3214/3214/1 3213/3213/1
f 3213/3213/1 3231/3231/1 3232/3232/1
f 3233/3233/1 3215/3215/1 3214/3214/1
f 3214/3214/1 3232/3232/1 3233/3233/1
f 3234/3234/1 3216/3216/1 3215/3215/1
f 3215/3215/1 3233/3233/1 3234/3234/1
f 3235/3235/1 3217/3217/1 3216/3216/1
f 3216/3216/1 3234/3234/1 3235/3235/1
f 3236/3236/1 3218/3218/1 3217/3217/1
f 3217/3217/1 3235/3235/1 3236/3236/1
f 3237/3237/1 3219/3219/1 3218/3218/1
f 3218/3218/1 3236/3236/1 3237/3237/1
f 3238/3238/1 3220/3220/1 3219/3219/1
f 3219/3219/1 3237/3237/1 3238/3238/1
f 3239/3239/1 3221/3221/1 3220/3220/1
f 3220/3220/1 3238/3238/1 3239/3239/1
f 3240/3240/1 3222/3222/1 3221/3221/1
f 3221/3221/1 3239/3239/1 3240/3240/1
f 3224/3224/1 3222/3222/1 3241/3241/1
f 3240/3240/1 3242/3242/1 3222/3222/1
f 3241/3241/1 3222/3222/1 3242/3242/1
f 3243/3243/1 3244/3244/1 3226/3226/1
f 3226/3226/1 3225/3225/1 3243/3243/1
f 3245/3245/1 3227/3227/1 3226/3226/1
f 3226/3226/1 3244/3244/1 3245/3245/1
f 3246/3246/1 3228/3228/1 3227/3227/1
f 3227/3227/1 3245/3245/1 3246/3246/1
f 3247/3247/1 3229/3229/1 3228/3228/1
f 3228/3228/1 3246/3246/1 3247/3247/1
f 3248/3248/1 3230/3230/1 3229/3229/1
f 3229/3229/1 3247/3247/1 3248/3248/1
f 3249/3249/1 3231/3231/1 3230/3230/1
f 3230/3230/1 3248/3248/1 3249/3249/1
f 3250/3250/1 3232/3232/1 3231/3231/1
f 3231/3231/1 3249/3249/1 3250/3250/1
f 3251/3251/1 3233/3233/1 3232/3232/1
f 3232/3232/1 3250/3250/1 3251/3251/1
f 3252/3252/1 3234/3234/1 3233/3233/1
f 3233/3233/1 3251/3251/1 3252/3252/1
f 3253/3253/1 3235/3235/1 3234/3234/1
f 3234/3234/1 3252/3252/1 3253/3253/1
f 3254/3254/1 3236/3236/1 3235/3235/1
f 3235/3235/1 3253/3253/1 3254/3254/1
f 3255/3255/1 3237/3237/1 3236/3236/1
f 3236/3236/1 3254/3254/1 3255/3255/1
f 3256/3256/1 3238/3238/1 3237/3237/1
f 3237/3237/1 3255/3255/1 3256/3256/1
f 3257/3257/1 3239/3239/1 3238/3238/1
f 3238/3238/1 3256/3256/1 3257/3257/1
f 3258/3258/1 3240/3240/1 3239/3239/1
f 3239/3239/1 3257/3257/1 3258/3258/1
f 3242/3242/1 3240/3240/1 3259/3259/1
f 3258/3258/1 3259/3259/1 3240/3240/1
f 3260/3260/1 3261/3261/1 3244/3244/1
f 3244/3244/1 3243/3243/1 3260/3260/1
f 3262/3262/1 3245/3245/1 3261/3261/1
f 3261/3261/1 3263/3263/1 3262/3262/1
f 3244/3244/1 3261/3261/1 3245/3245/1
f 3264/3264/1 3246/3246/1 3245/3245/1
f 3245/3245/1 3262/3262/1 3264/3264/1
f 3265/3265/1 3247/3247/1 3246/3246/1
f 3246/3246/1 3264/3264/1 3265/3265/1
f 3266/3266/1 3248/3248/1 3247/3247/1
f 3247/3247/1 3265/3265/1 3266/3266/1
f 3267/3267/1 3249/3249/1 3248/3248/1
f 3248/3248/1 3266/3266/1 3267/3267/1
f 3268/3268/1 3250/3250/1 3249/3249/1
f 3249/3249/1 3267/3267/1 3268/3268/1
f 3269/3269/1 3251/3251/1 3250/3250/1
f 3250/3250/1 3268/3268/1 3269/3269/1
f 3270/3270/1 3252/3252/1 3251/3251/1
f 3251/3251/1 3269/3269/1 3270/3270/1
f 3271/3271/1 3253/3253/1 3252/3252/1
f 3252/3252/1 3270/3270/1 3271/3271/1
f 3272/3272/1 3254/3254/1 3253/3253/1
f 3253/3253/1 3271/3271/1 3272/3272/1
f 3273/3273/1 3255/3255/1 3254/3254/1
f 3254/3254/1 3272/3272/1 3273/3273/1
f 3274/3274/1 3256/3256/1 3255/3255/1
f 3255/3255/1 3273/3273/1 3274/3274/1
f 3275/3275/1 3257/3257/1 3256/3256/1
f 3256/3256/1 3274/3274/1 3275/3275/1
f 3258/3258/1 3257/3257/1 3276/3276/1
f 3276/3276/1 3277/3277/1 3258/3258/1
f 3275/3275/1 3278/3278/1 3257/3257/1
f 3276/3276/1 3257/3257/1 3278/3278/1
f 3277/3277/1 3259/3259/1 3258/3258/1
f 3279/3279/1 3280/3280/1 3262/3262/1
f 3262/3262/1 3263/3263/1 3279/3279/1
f 3281/3281/1 3264/3264/1 3262/3262/1
f 3262/3262/1 3280/3280/1 3281/3281/1
f 3282/3282/1 3265/3265/1 3264/3264/1
f 3264/3264/1 3281/3281/1 3282/3282/1
f 3283/3283/1 3266/3266/1 3265/3265/1
f 3265/3265/1 3282/3282/1 3283/3283/1
f 3284/3284/1 3267/3267/1 3266/3266/1
f 3266/3266/1 3283/3283/1 3284/3284/1
f 3285/3285/1 3268/3268/1 3267/3267/1
f 3267/3267/1 3284/3284/1 3285/3285/1
f 3286/3286/1 3269/3269/1 3268/3268/1
f 3268/3268/1 3285/3285/1 3286/3286/1
f 3287/3287/1 3270/3270/1 3269/3269/1
f 3269/3269/1 3286/3286/1 3287/3287/1
f 3288/3288/1 3271/3271/1 3270/3270/1
f 3270/3270/1 3287/3287/1 3288/3288/1
f 3289/3289/1 3272/3272/1 3271/3271/1
f 3271/3271/1 3288/3288/1 3289/3289/1
f 3290/3290/1 3273/3273/1 3272/3272/1
f 3272/3272/1 3289/3289/1 3290/3290/1
f 3291/3291/1 3274/3274/1 3273/3273/1
f 3273/3273/1 3290/3290/1 3291/3291/1
f 3292/3292/1 3275/3275/1 3274/3274/1
f 3274/3274/1 3291/3291/1 3292/3292/1
f 3278/3278/1 3275/3275/1 3293/3293/1
f 3292/3292/1 3293/3293/1 3275/3275/1
f 3294/3294/1 3295/3295/1 3296/3296/1
f 3280/3280/1 3279/3279/1 3296/3296/1
f 3280/3280/1 3296/3296/1 3295/3295/1
f 3297/3297/1 3281/3281/1 3280/3280/1
f 3280/3280/1 3295/3295/1 3297/3297/1
f 3298/3298/1 3282/3282/1 3281/3281/1
f 3281/3281/1 3297/3297/1 3298/3298/1
f 3299/3299/1 3283/3283/1 3282/3282/1
f 3282/3282/1 3298/3298/1 3299/3299/1
f 3300/3300/1 3284/3284/1 3283/3283/1
f 3283/3283/1 3299/3299/1 3300/3300/1
f 3301/3301/1 3285/3285/1 3284/3284/1
f 3284/3284/1 3300/3300/1 3301/3301/1
f 3302/3302/1 3286/3286/1 3285/3285/1
f 3285/3285/1 3301/3301/1 3302/3302/1
f 3303/3303/1 3287/3287/1 3286/3286/1
f 3286/3286/1 3302/3302/1 3303/3303/1
f 3304/3304/1 3288/3288/1 3287/3287/1
f 3287/3287/1 3303/3303/1 3304/3304/1
f 3305/3305/1 3289/3289/1 3288/3288/1
f 3288/3288/1 3304/3304/1 3305/3305/1
f 3306/3306/1 3290/3290/1 3289/3289/1
f 3289/3289/1 3305/3305/1 3306/3306/1
f 3307/3307/1 3291/3291/1 3290/3290/1
f 3290/3290/1 3306/3306/1 3307/3307/1
f 3292/3292/1 3291/3291/1 3308/3308/1
f 3309/3309/1 3308/3308/1 3307/3307/1
f 3291/3291/1 3307/3307/1 3308/3308/1
f 3310/3310/1 3293/3293/1 3292/3292/1
f 3292/3292/1 3308/3308/1 3310/3310/1
f 3294/3294/1 3311/3311/1 3295/3295/1
f 3312/3312/1 3297/3297/1 3313/3313/1
f 3311/3311/1 3313/3313/1 3297/3297/1
f 3295/3295/1 3311/3311/1 3297/3297/1
f 3314/3314/1 3298/3298/1 3297/3297/1
f 3297/3297/1 3312/3312/1 3314/3314/1
f 3315/3315/1 3299/3299/1 3298/3298/1
f 3298/3298/1 3314/3314/1 3315/3315/1
f 3316/3316/1 3300/3300/1 3299/3299/1
f 3299/3299/1 3315/3315/1 3316/3316/1
f 3317/3317/1 3301/3301/1 3300/3300/1
f 3300/3300/1 3316/3316/1 3317/3317/1
f 3318/3318/1 3302/3302/1 3301/3301/1
f 3301/3301/1 3317/3317/1 3318/3318/1
f 3319/3319/1 3303/3303/1 3302/3302/1
f 3302/3302/1 3318/3318/1 3319/3319/1
f 3320/3320/1 3304/3304/1 3303/3303/1
f 3303/3303/1 3319/3319/1 3320/3320/1
f 3321/3321/1 3305/3305/1 3304/3304/1
f 3304/3304/1 3320/3320/1 3321/3321/1
f 3322/3322/1 3306/3306/1 3305/3305/1
f 3305/3305/1 3321/3321/1 3322/3322/1
f 3323/3323/1 3307/3307/1 3306/3306/1
f 3306/3306/1 3322/3322/1 3323/3323/1
f 3309/3309/1 3307/3307/1 3324/3324/1
f 3323/3323/1 3324/3324/1 3307/3307/1
f 3325/3325/1 3326/3326/1 3327/3327/1
f 3312/3312/1 3313/3313/1 3327/3327/1
f 3312/3312/1 3327/3327/1 3326/3326/1
f 3328/3328/1 3314/3314/1 3312/3312/1
f 3312/3312/1 3326/3326/1 3328/3328/1
f 3329/3329/1 3315/3315/1 3314/3314/1
f 3314/3314/1 3328/3328/1 3329/3329/1
f 3330/3330/1 3316/3316/1 3315/3315/1
f 3315/3315/1 3329/3329/1 3330/3330/1
f 3331/3331/1 3317/3317/1 3316/3316/1
f 3316/3316/1 3330/3330/1 3331/3331/1
f 3332/3332/1 3318/3318/1 3317/3317/1
f 3317/3317/1 3331/3331/1 3332/3332/1
f 3333/3333/1 3319/3319/1 3318/3318/1
f 3318/3318/1 3332/3332/1 3333/3333/1
f 3334/3334/1 3320/3320/1 3319/3319/1
f 3319/3319/1 3333/3333/1 3334/3334/1
f 3335/3335/1 3321/3321/1 3320/3320/1
f 3320/3320/1 3334/3334/1 3335/3335/1
f 3336/3336/1 3322/3322/1 3321/3321/1
f 3321/3321/1 3335/3335/1 3336/3336/1
f 3323/3323/1 3322/3322/1 3337/3337/1
f 3338/3338/1 3337/3337/1 3336/3336/1
f 3322/3322/1 3336/3336/1 3337/3337/1
f 3339/3339/1 3324/3324/1 3323/3323/1
f 3323/3323/1 3337/3337/1 3339/3339/1
f 3325/3325/1 3340/3340/1 3326/3326/1
f 3341/3341/1 3328/3328/1 3340/3340/1
f 3340/3340/1 3342/3342/1 3341/3341/1
f 3326/3326/1 3340/3340/1 3328/3328/1
f 3343/3343/1 3329/3329/1 3328/3328/1
f 3328/3328/1 3341/3341/1 3343/3343/1
f 3344/3344/1 3330/3330/1 3329/3329/1
f 3329/3329/1 3343/3343/1 3344/3344/1
f 3345/3345/1 3331/3331/1 3330/3330/1
f 3330/3330/1 3344/3344/1 3345/3345/1
f 3346/3346/1 3332/3332/1 3331/3331/1
f 3331/3331/1 3345/3345/1 3346/3346/1
f 3347/3347/1 3333/3333/1 3332/3332/1
f 3332/3332/1 3346/3346/1 3347/3347/1
f 3348/3348/1 3334/3334/1 3333/3333/1
f 3333/3333/1 3347/3347/1 3348/3348/1
f 3349/3349/1 3335/3335/1 3334/3334/1
f 3334/3334/1 3348/3348/1 3349/3349/1
f 3350/3350/1 3336/3336/1 3335/3335/1
f 3335/3335/1 3349/3349/1 3350/3350/1
f 3338/3338/1 3336/3336/1 3351/3351/1
f 3350/3350/1 3351/3351/1 3336/3336/1
f 3352/3352/1 3353/3353/1 3341/3341/1
f 3341/3341/1 3342/3342/1 3352/3352/1
f 3354/3354/1 3343/3343/1 3341/3341/1
f 3341/3341/1 3353/3353/1 3354/3354/1
f 3355/3355/1 3344/3344/1 3343/3343/1
f 3343/3343/1 3354/3354/1 3355/3355/1
f 3356/3356/1 3345/3345/1 3344/3344/1
f 3344/3344/1 3355/3355/1 3356/3356/1
f 3357/3357/1 3346/3346/1 3345/3345/1
f 3345/3345/1 3356/3356/1 3357/3357/1
f 3358/3358/1 3347/3347/1 3346/3346/1
f 3346/3346/1 3357/3357/1 3358/3358/1
f 3348/3348/1 3347/3347/1 3359/3359/1
f 3360/3360/1 3359/3359/1 3358/3358/1
f 3347/3347/1 3358/3358/1 3359/3359/1
f 3361/3361/1 3349/3349/1 3362/3362/1
f 3348/3348/1 3359/3359/1 3362/3362/1
f 3348/3348/1 3362/3362/1 3349/3349/1
f 3363/3363/1 3350/3350/1 3361/3361/1
f 3361/3361/1 3364/3364/1 3363/3363/1
f 3349/3349/1 3361/3361/1 3350/3350/1
f 3363/3363/1 3351/3351/1 3350/3350/1
f 3365/3365/1 3366/3366/1 3353/3353/1
f 3353/3353/1 3352/3352/1 3365/3365/1
f 3367/3367/1 3354/3354/1 3353/3353/1
f 3353/3353/1 3366/3366/1 3367/3367/1
f 3355/3355/1 3354/3354/1 3368/3368/1
f 3369/3369/1 3368/3368/1 3354/3354/1
f 3367/3367/1 3369/3369/1 3354/3354/1
f 3370/3370/1 3371/3371/1 3356/3356/1
f 3355/3355/1 3368/3368/1 3370/3370/1
f 3370/3370/1 3356/3356/1 3355/3355/1
f 3372/3372/1 3357/3357/1 3373/3373/1
f 3371/3371/1 3373/3373/1 3357/3357/1
f 3356/3356/1 3371/3371/1 3357/3357/1
f 3374/3374/1 3358/3358/1 3357/3357/1
f 3357/3357/1 3372/3372/1 3374/3374/1
f 3360/3360/1 3358/3358/1 3375/3375/1
f 3374/3374/1 3375/3375/1 3358/3358/1
f 3376/3376/1 3377/3377/1 3366/3366/1
f 3366/3366/1 3365/3365/1 3376/3376/1
f 3378/3378/1 3367/3367/1 3366/3366/1
f 3366/3366/1 3377/3377/1 3378/3378/1
f 3379/3379/1 3369/3369/1 3367/3367/1
f 3367/3367/1 3378/3378/1 3379/3379/1
f 3380/3380/1 3381/3381/1 3372/3372/1
f 3372/3372/1 3373/3373/1 3380/3380/1
f 3382/3382/1 3374/3374/1 3372/3372/1
f 3372/3372/1 3381/3381/1 3382/3382/1
f 3375/3375/1 3375/3375/1 3374/3374/1
f 3374/3374/1 3382/3382/1 3375/3375/1
